original_row_index,generated_version,item_number,list_item,Full verb phrase,Causality,NP1,verb,NP2,because,pronoun,präposition,adjective + verb,and,NP final,verb final,Generated-Sentence,np2_replacement_status,NP1 - male,NP1 - female,NP2 - male,NP2 - female,verb_bias,Unnamed: 7,Unnamed: 18,Ferstl_verb_eng,Ferstl_sem_cat,Ferstl_eng_verb_length,Ferstl_eng_verb_freq,Ferstl_val,Ferstl_IVC,verb_bias.1,new verb,old verb,german_verb_freq,german_verb_length,Unnamed: 30,Previous-Sentences (04/2026),adj,german_adj_freq,german_adj_length,Susanne_avgRating_Score,Susanne_avgRating_Score.1,20_Best_Verbs,adj_amb
228,original,1,1,regte … auf,NP1-Causality,David,regte,"Linda auf,",weil ,er,am frühen Morgen,unüberhörbar war,und,Störungen,verursachte,"David regte Linda auf, weil er am frühen Morgen unüberhörbar war und Störungen verursachte.",ok_prefix_keep_particle_or_punctuation,David,Sabine,Frank,Linda,NP1,,,agitated,StimExp,8,25,-1.36,85,NP1,regte … auf,aufregte,0.11,8,,"Der Schüler regte die Lehrerin auf, weil er am frühen Morgen unüberhörbar war und Störung erzeugte.",unüberhörbar,0.94,12,68.75,68.75,optimal,nonamb
228,both_male,2,1,regte … auf,NP1-Causality,David,regte,"Frank auf,",weil ,er,am frühen Morgen,unüberhörbar war,und,Störungen,verursachte,"David regte Frank auf, weil er am frühen Morgen unüberhörbar war und Störungen verursachte.",ok_prefix_keep_particle_or_punctuation,David,Sabine,Frank,Linda,NP1,,,agitated,StimExp,8,25,-1.36,85,NP1,regte … auf,aufregte,0.11,8,,"Der Schüler regte die Lehrerin auf, weil er am frühen Morgen unüberhörbar war und Störung erzeugte.",unüberhörbar,0.94,12,68.75,68.75,optimal,nonamb
228,both_female,3,1,regte … auf,NP1-Causality,Sabine,regte,"Linda auf,",weil ,sie,am frühen Morgen,unüberhörbar war,und,Störungen,verursachte,"Sabine regte Linda auf, weil sie am frühen Morgen unüberhörbar war und Störungen verursachte.",ok_prefix_keep_particle_or_punctuation,David,Sabine,Frank,Linda,NP1,,,agitated,StimExp,8,25,-1.36,85,NP1,regte … auf,aufregte,0.11,8,,"Der Schüler regte die Lehrerin auf, weil er am frühen Morgen unüberhörbar war und Störung erzeugte.",unüberhörbar,0.94,12,68.75,68.75,optimal,nonamb
228,swapped,4,1,regte … auf,NP1-Causality,Sabine,regte,"Frank auf,",weil ,sie,am frühen Morgen,unüberhörbar war,und,Störungen,verursachte,"Sabine regte Frank auf, weil sie am frühen Morgen unüberhörbar war und Störungen verursachte.",ok_prefix_keep_particle_or_punctuation,David,Sabine,Frank,Linda,NP1,,,agitated,StimExp,8,25,-1.36,85,NP1,regte … auf,aufregte,0.11,8,,"Der Schüler regte die Lehrerin auf, weil er am frühen Morgen unüberhörbar war und Störung erzeugte.",unüberhörbar,0.94,12,68.75,68.75,optimal,nonamb
229,original,5,1,regte … auf,NP2-Causality,David,regte,"Linda auf,",weil ,sie,am frühen Morgen,müde war,und,die Geduld,fehlte,"David regte Linda auf, weil sie am frühen Morgen müde war und die Geduld fehlte.",ok_prefix_keep_particle_or_punctuation,David,Sabine,Frank,Linda,NP1,,,agitated,StimExp,8,25,-1.36,85,NP1,regte … auf,aufregte,0.11,8,,"Der Schüler regte die Lehrerin auf, weil sie am frühen Morgen müde war und die Geduld fehlte.",gereizt,3.14,7,68.75,68.75,optimal,nonamb
229,both_male,6,1,regte … auf,NP2-Causality,David,regte,"Frank auf,",weil ,er,am frühen Morgen,müde war,und,die Geduld,fehlte,"David regte Frank auf, weil er am frühen Morgen müde war und die Geduld fehlte.",ok_prefix_keep_particle_or_punctuation,David,Sabine,Frank,Linda,NP1,,,agitated,StimExp,8,25,-1.36,85,NP1,regte … auf,aufregte,0.11,8,,"Der Schüler regte die Lehrerin auf, weil sie am frühen Morgen müde war und die Geduld fehlte.",gereizt,3.14,7,68.75,68.75,optimal,nonamb
229,both_female,7,1,regte … auf,NP2-Causality,Sabine,regte,"Linda auf,",weil ,sie,am frühen Morgen,müde war,und,die Geduld,fehlte,"Sabine regte Linda auf, weil sie am frühen Morgen müde war und die Geduld fehlte.",ok_prefix_keep_particle_or_punctuation,David,Sabine,Frank,Linda,NP1,,,agitated,StimExp,8,25,-1.36,85,NP1,regte … auf,aufregte,0.11,8,,"Der Schüler regte die Lehrerin auf, weil sie am frühen Morgen müde war und die Geduld fehlte.",gereizt,3.14,7,68.75,68.75,optimal,nonamb
229,swapped,8,1,regte … auf,NP2-Causality,Sabine,regte,"Frank auf,",weil ,er,am frühen Morgen,müde war,und,die Geduld,fehlte,"Sabine regte Frank auf, weil er am frühen Morgen müde war und die Geduld fehlte.",ok_prefix_keep_particle_or_punctuation,David,Sabine,Frank,Linda,NP1,,,agitated,StimExp,8,25,-1.36,85,NP1,regte … auf,aufregte,0.11,8,,"Der Schüler regte die Lehrerin auf, weil sie am frühen Morgen müde war und die Geduld fehlte.",gereizt,3.14,7,68.75,68.75,optimal,nonamb
206,original,1,2,störte,NP1-Causality,Peter,störte,"Katharina,",weil,er,am späten Nachmittag,aggressiv war,und ,Knurren,von sich gab,"Peter störte Katharina, weil er am späten Nachmittag aggressiv war und Knurren von sich gab.",ok_prefix_keep_particle_or_punctuation,Peter,Eva,Sebastian,Katharina,NP1,,,annoyed,StimExp,7,268,-2,79,NP1,störte,störte,2.33,6,,"Der Bär störte die Löwin, weil er am späten Nachmittag aggressiv war und das Knurren ausstieß.",aggressiv,19.09,9,87.5,87.5,optimal,nonamb
206,both_male,2,2,störte,NP1-Causality,Peter,störte,"Sebastian,",weil,er,am späten Nachmittag,aggressiv war,und ,Knurren,von sich gab,"Peter störte Sebastian, weil er am späten Nachmittag aggressiv war und Knurren von sich gab.",ok_prefix_keep_particle_or_punctuation,Peter,Eva,Sebastian,Katharina,NP1,,,annoyed,StimExp,7,268,-2,79,NP1,störte,störte,2.33,6,,"Der Bär störte die Löwin, weil er am späten Nachmittag aggressiv war und das Knurren ausstieß.",aggressiv,19.09,9,87.5,87.5,optimal,nonamb
206,both_female,3,2,störte,NP1-Causality,Eva,störte,"Katharina,",weil,sie,am späten Nachmittag,aggressiv war,und ,Knurren,von sich gab,"Eva störte Katharina, weil sie am späten Nachmittag aggressiv war und Knurren von sich gab.",ok_prefix_keep_particle_or_punctuation,Peter,Eva,Sebastian,Katharina,NP1,,,annoyed,StimExp,7,268,-2,79,NP1,störte,störte,2.33,6,,"Der Bär störte die Löwin, weil er am späten Nachmittag aggressiv war und das Knurren ausstieß.",aggressiv,19.09,9,87.5,87.5,optimal,nonamb
206,swapped,4,2,störte,NP1-Causality,Eva,störte,"Sebastian,",weil,sie,am späten Nachmittag,aggressiv war,und ,Knurren,von sich gab,"Eva störte Sebastian, weil sie am späten Nachmittag aggressiv war und Knurren von sich gab.",ok_prefix_keep_particle_or_punctuation,Peter,Eva,Sebastian,Katharina,NP1,,,annoyed,StimExp,7,268,-2,79,NP1,störte,störte,2.33,6,,"Der Bär störte die Löwin, weil er am späten Nachmittag aggressiv war und das Knurren ausstieß.",aggressiv,19.09,9,87.5,87.5,optimal,nonamb
207,original,5,2,störte,NP2-Causality,Peter,störte,"Katharina,",weil,sie,am späten Nachmittag,erschöpft war,und ,Zittern,musste,"Peter störte Katharina, weil sie am späten Nachmittag erschöpft war und Zittern musste.",ok_prefix_keep_particle_or_punctuation,Peter,Eva,Sebastian,Katharina,NP1,,,annoyed,StimExp,7,268,-2,79,NP1,störte,störte,2.33,6,,"Der Bär störte die Löwin, weil sie am späten Nachmittag erschöpft war und Zittern musste.",erschöpft,10.12,9,87.5,87.5,optimal,nonamb
207,both_male,6,2,störte,NP2-Causality,Peter,störte,"Sebastian,",weil,er,am späten Nachmittag,erschöpft war,und ,Zittern,musste,"Peter störte Sebastian, weil er am späten Nachmittag erschöpft war und Zittern musste.",ok_prefix_keep_particle_or_punctuation,Peter,Eva,Sebastian,Katharina,NP1,,,annoyed,StimExp,7,268,-2,79,NP1,störte,störte,2.33,6,,"Der Bär störte die Löwin, weil sie am späten Nachmittag erschöpft war und Zittern musste.",erschöpft,10.12,9,87.5,87.5,optimal,nonamb
207,both_female,7,2,störte,NP2-Causality,Eva,störte,"Katharina,",weil,sie,am späten Nachmittag,erschöpft war,und ,Zittern,musste,"Eva störte Katharina, weil sie am späten Nachmittag erschöpft war und Zittern musste.",ok_prefix_keep_particle_or_punctuation,Peter,Eva,Sebastian,Katharina,NP1,,,annoyed,StimExp,7,268,-2,79,NP1,störte,störte,2.33,6,,"Der Bär störte die Löwin, weil sie am späten Nachmittag erschöpft war und Zittern musste.",erschöpft,10.12,9,87.5,87.5,optimal,nonamb
207,swapped,8,2,störte,NP2-Causality,Eva,störte,"Sebastian,",weil,er,am späten Nachmittag,erschöpft war,und ,Zittern,musste,"Eva störte Sebastian, weil er am späten Nachmittag erschöpft war und Zittern musste.",ok_prefix_keep_particle_or_punctuation,Peter,Eva,Sebastian,Katharina,NP1,,,annoyed,StimExp,7,268,-2,79,NP1,störte,störte,2.33,6,,"Der Bär störte die Löwin, weil sie am späten Nachmittag erschöpft war und Zittern musste.",erschöpft,10.12,9,87.5,87.5,optimal,nonamb
222,original,1,3,ärgerte,NP1-Causality,Michael,ärgerte,"Barbara,",weil ,er,um die Mittagszeit,aggressiv war,und ,Kratzer,hinterließ,"Michael ärgerte Barbara, weil er um die Mittagszeit aggressiv war und Kratzer hinterließ.",ok_prefix_keep_particle_or_punctuation,Michael,Nina,Stefan,Barbara,NP1,,,angered,StimExp,7,11,-2.46,85,NP1,ärgerte,ärgerte,1.41,7,,"Der Schäferhund ärgerte die Besitzerin, weil er um die Mittagszeit unüberhörbar war und das Scharren erzeugte.",unüberhörbar,0.94,12,56.25,56.25,suboptimal,nonamb
222,both_male,2,3,ärgerte,NP1-Causality,Michael,ärgerte,"Stefan,",weil ,er,um die Mittagszeit,aggressiv war,und ,Kratzer,hinterließ,"Michael ärgerte Stefan, weil er um die Mittagszeit aggressiv war und Kratzer hinterließ.",ok_prefix_keep_particle_or_punctuation,Michael,Nina,Stefan,Barbara,NP1,,,angered,StimExp,7,11,-2.46,85,NP1,ärgerte,ärgerte,1.41,7,,"Der Schäferhund ärgerte die Besitzerin, weil er um die Mittagszeit unüberhörbar war und das Scharren erzeugte.",unüberhörbar,0.94,12,56.25,56.25,suboptimal,nonamb
222,both_female,3,3,ärgerte,NP1-Causality,Nina,ärgerte,"Barbara,",weil ,sie,um die Mittagszeit,aggressiv war,und ,Kratzer,hinterließ,"Nina ärgerte Barbara, weil sie um die Mittagszeit aggressiv war und Kratzer hinterließ.",ok_prefix_keep_particle_or_punctuation,Michael,Nina,Stefan,Barbara,NP1,,,angered,StimExp,7,11,-2.46,85,NP1,ärgerte,ärgerte,1.41,7,,"Der Schäferhund ärgerte die Besitzerin, weil er um die Mittagszeit unüberhörbar war und das Scharren erzeugte.",unüberhörbar,0.94,12,56.25,56.25,suboptimal,nonamb
222,swapped,4,3,ärgerte,NP1-Causality,Nina,ärgerte,"Stefan,",weil ,sie,um die Mittagszeit,aggressiv war,und ,Kratzer,hinterließ,"Nina ärgerte Stefan, weil sie um die Mittagszeit aggressiv war und Kratzer hinterließ.",ok_prefix_keep_particle_or_punctuation,Michael,Nina,Stefan,Barbara,NP1,,,angered,StimExp,7,11,-2.46,85,NP1,ärgerte,ärgerte,1.41,7,,"Der Schäferhund ärgerte die Besitzerin, weil er um die Mittagszeit unüberhörbar war und das Scharren erzeugte.",unüberhörbar,0.94,12,56.25,56.25,suboptimal,nonamb
223,original,5,3,ärgerte,NP2-Causality,Michael,ärgerte,"Barbara,",weil ,sie,um die Mittagszeit,überdrüssig war,und ,Müdigkeit,empfand,"Michael ärgerte Barbara, weil sie um die Mittagszeit überdrüssig war und Müdigkeit empfand.",ok_prefix_keep_particle_or_punctuation,Michael,Nina,Stefan,Barbara,NP1,,,angered,StimExp,7,11,-2.46,85,NP1,ärgerte,ärgerte,1.41,7,,"Der Schäferhund ärgerte die Besitzerin, weil sie um die Mittagszeit überdrüssig war und Müdigkeit empfand.",überdrüssig,0.92,11,56.25,56.25,suboptimal,nonamb
223,both_male,6,3,ärgerte,NP2-Causality,Michael,ärgerte,"Stefan,",weil ,er,um die Mittagszeit,überdrüssig war,und ,Müdigkeit,empfand,"Michael ärgerte Stefan, weil er um die Mittagszeit überdrüssig war und Müdigkeit empfand.",ok_prefix_keep_particle_or_punctuation,Michael,Nina,Stefan,Barbara,NP1,,,angered,StimExp,7,11,-2.46,85,NP1,ärgerte,ärgerte,1.41,7,,"Der Schäferhund ärgerte die Besitzerin, weil sie um die Mittagszeit überdrüssig war und Müdigkeit empfand.",überdrüssig,0.92,11,56.25,56.25,suboptimal,nonamb
223,both_female,7,3,ärgerte,NP2-Causality,Nina,ärgerte,"Barbara,",weil ,sie,um die Mittagszeit,überdrüssig war,und ,Müdigkeit,empfand,"Nina ärgerte Barbara, weil sie um die Mittagszeit überdrüssig war und Müdigkeit empfand.",ok_prefix_keep_particle_or_punctuation,Michael,Nina,Stefan,Barbara,NP1,,,angered,StimExp,7,11,-2.46,85,NP1,ärgerte,ärgerte,1.41,7,,"Der Schäferhund ärgerte die Besitzerin, weil sie um die Mittagszeit überdrüssig war und Müdigkeit empfand.",überdrüssig,0.92,11,56.25,56.25,suboptimal,nonamb
223,swapped,8,3,ärgerte,NP2-Causality,Nina,ärgerte,"Stefan,",weil ,er,um die Mittagszeit,überdrüssig war,und ,Müdigkeit,empfand,"Nina ärgerte Stefan, weil er um die Mittagszeit überdrüssig war und Müdigkeit empfand.",ok_prefix_keep_particle_or_punctuation,Michael,Nina,Stefan,Barbara,NP1,,,angered,StimExp,7,11,-2.46,85,NP1,ärgerte,ärgerte,1.41,7,,"Der Schäferhund ärgerte die Besitzerin, weil sie um die Mittagszeit überdrüssig war und Müdigkeit empfand.",überdrüssig,0.92,11,56.25,56.25,suboptimal,nonamb
208,original,1,4,verärgerte,NP1-Causality,Martin,verärgerte,"Birgit,",weil,er,am frühen Abend,aufdringlich war,und,Hartnäckigkeit,zeigte,"Martin verärgerte Birgit, weil er am frühen Abend aufdringlich war und Hartnäckigkeit zeigte.",ok_prefix_keep_particle_or_punctuation,Martin,Renate,Tobias,Birgit,NP1,,,antagonized,StimExp,11,1,-1.36,80,NP1,verärgerte,verärgerte,0.37,10,,"Der Schaffner verärgerte die Reisende, weil er am frühen Abend aufdringlich war und die Hartnäckigkeit zeigte. ",aufdringlich,3.73,12,56.25,56.25,suboptimal,nonamb
208,both_male,2,4,verärgerte,NP1-Causality,Martin,verärgerte,"Tobias,",weil,er,am frühen Abend,aufdringlich war,und,Hartnäckigkeit,zeigte,"Martin verärgerte Tobias, weil er am frühen Abend aufdringlich war und Hartnäckigkeit zeigte.",ok_prefix_keep_particle_or_punctuation,Martin,Renate,Tobias,Birgit,NP1,,,antagonized,StimExp,11,1,-1.36,80,NP1,verärgerte,verärgerte,0.37,10,,"Der Schaffner verärgerte die Reisende, weil er am frühen Abend aufdringlich war und die Hartnäckigkeit zeigte. ",aufdringlich,3.73,12,56.25,56.25,suboptimal,nonamb
208,both_female,3,4,verärgerte,NP1-Causality,Renate,verärgerte,"Birgit,",weil,sie,am frühen Abend,aufdringlich war,und,Hartnäckigkeit,zeigte,"Renate verärgerte Birgit, weil sie am frühen Abend aufdringlich war und Hartnäckigkeit zeigte.",ok_prefix_keep_particle_or_punctuation,Martin,Renate,Tobias,Birgit,NP1,,,antagonized,StimExp,11,1,-1.36,80,NP1,verärgerte,verärgerte,0.37,10,,"Der Schaffner verärgerte die Reisende, weil er am frühen Abend aufdringlich war und die Hartnäckigkeit zeigte. ",aufdringlich,3.73,12,56.25,56.25,suboptimal,nonamb
208,swapped,4,4,verärgerte,NP1-Causality,Renate,verärgerte,"Tobias,",weil,sie,am frühen Abend,aufdringlich war,und,Hartnäckigkeit,zeigte,"Renate verärgerte Tobias, weil sie am frühen Abend aufdringlich war und Hartnäckigkeit zeigte.",ok_prefix_keep_particle_or_punctuation,Martin,Renate,Tobias,Birgit,NP1,,,antagonized,StimExp,11,1,-1.36,80,NP1,verärgerte,verärgerte,0.37,10,,"Der Schaffner verärgerte die Reisende, weil er am frühen Abend aufdringlich war und die Hartnäckigkeit zeigte. ",aufdringlich,3.73,12,56.25,56.25,suboptimal,nonamb
209,original,5,4,verärgerte,NP2-Causality,Martin,verärgerte,"Birgit,",weil,sie,am frühen Abend,sensibel war,und,einen Angriff,wahrnahm,"Martin verärgerte Birgit, weil sie am frühen Abend sensibel war und einen Angriff wahrnahm.",ok_prefix_keep_particle_or_punctuation,Martin,Renate,Tobias,Birgit,NP1,,,antagonized,StimExp,11,1,-1.36,80,NP1,verärgerte,verärgerte,0.37,10,,"Der Schaffner verärgerte die Reisende,  weil sie am frühen Abend sensibel war und das Gefühl wahrnahm. ",sensibel,13.76,8,56.25,56.25,suboptimal,nonamb
209,both_male,6,4,verärgerte,NP2-Causality,Martin,verärgerte,"Tobias,",weil,er,am frühen Abend,sensibel war,und,einen Angriff,wahrnahm,"Martin verärgerte Tobias, weil er am frühen Abend sensibel war und einen Angriff wahrnahm.",ok_prefix_keep_particle_or_punctuation,Martin,Renate,Tobias,Birgit,NP1,,,antagonized,StimExp,11,1,-1.36,80,NP1,verärgerte,verärgerte,0.37,10,,"Der Schaffner verärgerte die Reisende,  weil sie am frühen Abend sensibel war und das Gefühl wahrnahm. ",sensibel,13.76,8,56.25,56.25,suboptimal,nonamb
209,both_female,7,4,verärgerte,NP2-Causality,Renate,verärgerte,"Birgit,",weil,sie,am frühen Abend,sensibel war,und,einen Angriff,wahrnahm,"Renate verärgerte Birgit, weil sie am frühen Abend sensibel war und einen Angriff wahrnahm.",ok_prefix_keep_particle_or_punctuation,Martin,Renate,Tobias,Birgit,NP1,,,antagonized,StimExp,11,1,-1.36,80,NP1,verärgerte,verärgerte,0.37,10,,"Der Schaffner verärgerte die Reisende,  weil sie am frühen Abend sensibel war und das Gefühl wahrnahm. ",sensibel,13.76,8,56.25,56.25,suboptimal,nonamb
209,swapped,8,4,verärgerte,NP2-Causality,Renate,verärgerte,"Tobias,",weil,er,am frühen Abend,sensibel war,und,einen Angriff,wahrnahm,"Renate verärgerte Tobias, weil er am frühen Abend sensibel war und einen Angriff wahrnahm.",ok_prefix_keep_particle_or_punctuation,Martin,Renate,Tobias,Birgit,NP1,,,antagonized,StimExp,11,1,-1.36,80,NP1,verärgerte,verärgerte,0.37,10,,"Der Schaffner verärgerte die Reisende,  weil sie am frühen Abend sensibel war und das Gefühl wahrnahm. ",sensibel,13.76,8,56.25,56.25,suboptimal,nonamb
10,original,1,5,bewunderte,NP1-Causality,Paul,bewunderte,"Petra,",weil,er,von Anfang an,verzaubert war,und,die Musik,genoss,"Paul bewunderte Petra, weil er von Anfang an verzaubert war und die Musik genoss.",ok_prefix_keep_particle_or_punctuation,Paul,Maria,Florian,Petra,NP2,,,admired,ExpStim,7,74,2,-92,NP2,bewunderte,bewunderte,1.17,10,,"Der Liebhaber bewunderte die Komponistin, weil er von Anfang an verzaubert war und die Musik genoss.",überzeugt,41.42,9,50,50,suboptimal,nonamb
10,both_male,2,5,bewunderte,NP1-Causality,Paul,bewunderte,"Florian,",weil,er,von Anfang an,verzaubert war,und,die Musik,genoss,"Paul bewunderte Florian, weil er von Anfang an verzaubert war und die Musik genoss.",ok_prefix_keep_particle_or_punctuation,Paul,Maria,Florian,Petra,NP2,,,admired,ExpStim,7,74,2,-92,NP2,bewunderte,bewunderte,1.17,10,,"Der Liebhaber bewunderte die Komponistin, weil er von Anfang an verzaubert war und die Musik genoss.",überzeugt,41.42,9,50,50,suboptimal,nonamb
10,both_female,3,5,bewunderte,NP1-Causality,Maria,bewunderte,"Petra,",weil,sie,von Anfang an,verzaubert war,und,die Musik,genoss,"Maria bewunderte Petra, weil sie von Anfang an verzaubert war und die Musik genoss.",ok_prefix_keep_particle_or_punctuation,Paul,Maria,Florian,Petra,NP2,,,admired,ExpStim,7,74,2,-92,NP2,bewunderte,bewunderte,1.17,10,,"Der Liebhaber bewunderte die Komponistin, weil er von Anfang an verzaubert war und die Musik genoss.",überzeugt,41.42,9,50,50,suboptimal,nonamb
10,swapped,4,5,bewunderte,NP1-Causality,Maria,bewunderte,"Florian,",weil,sie,von Anfang an,verzaubert war,und,die Musik,genoss,"Maria bewunderte Florian, weil sie von Anfang an verzaubert war und die Musik genoss.",ok_prefix_keep_particle_or_punctuation,Paul,Maria,Florian,Petra,NP2,,,admired,ExpStim,7,74,2,-92,NP2,bewunderte,bewunderte,1.17,10,,"Der Liebhaber bewunderte die Komponistin, weil er von Anfang an verzaubert war und die Musik genoss.",überzeugt,41.42,9,50,50,suboptimal,nonamb
11,original,5,5,bewunderte,NP2-Causality,Paul,bewunderte,"Petra,",weil,sie,von Anfang an,talentiert war,und,Meisterwerke,verfasste,"Paul bewunderte Petra, weil sie von Anfang an talentiert war und Meisterwerke verfasste.",ok_prefix_keep_particle_or_punctuation,Paul,Maria,Florian,Petra,NP2,,,admired,ExpStim,7,74,2,-92,NP2,bewunderte,bewunderte,1.17,10,,"Der Liebhaber bewunderte die Komponistin, weil sie von Anfang an talentiert war und Meisterwerke verfasste.",talentiert,2.73,10,50,50,suboptimal,nonamb
11,both_male,6,5,bewunderte,NP2-Causality,Paul,bewunderte,"Florian,",weil,er,von Anfang an,talentiert war,und,Meisterwerke,verfasste,"Paul bewunderte Florian, weil er von Anfang an talentiert war und Meisterwerke verfasste.",ok_prefix_keep_particle_or_punctuation,Paul,Maria,Florian,Petra,NP2,,,admired,ExpStim,7,74,2,-92,NP2,bewunderte,bewunderte,1.17,10,,"Der Liebhaber bewunderte die Komponistin, weil sie von Anfang an talentiert war und Meisterwerke verfasste.",talentiert,2.73,10,50,50,suboptimal,nonamb
11,both_female,7,5,bewunderte,NP2-Causality,Maria,bewunderte,"Petra,",weil,sie,von Anfang an,talentiert war,und,Meisterwerke,verfasste,"Maria bewunderte Petra, weil sie von Anfang an talentiert war und Meisterwerke verfasste.",ok_prefix_keep_particle_or_punctuation,Paul,Maria,Florian,Petra,NP2,,,admired,ExpStim,7,74,2,-92,NP2,bewunderte,bewunderte,1.17,10,,"Der Liebhaber bewunderte die Komponistin, weil sie von Anfang an talentiert war und Meisterwerke verfasste.",talentiert,2.73,10,50,50,suboptimal,nonamb
11,swapped,8,5,bewunderte,NP2-Causality,Maria,bewunderte,"Florian,",weil,er,von Anfang an,talentiert war,und,Meisterwerke,verfasste,"Maria bewunderte Florian, weil er von Anfang an talentiert war und Meisterwerke verfasste.",ok_prefix_keep_particle_or_punctuation,Paul,Maria,Florian,Petra,NP2,,,admired,ExpStim,7,74,2,-92,NP2,bewunderte,bewunderte,1.17,10,,"Der Liebhaber bewunderte die Komponistin, weil sie von Anfang an talentiert war und Meisterwerke verfasste.",talentiert,2.73,10,50,50,suboptimal,nonamb
32,original,1,6,beklatschte,NP1-Causality,Daniel,beklatschte,"Jana,",weil,er,während der Vorstellung,begeistert war,und,die Bewegungen,verfolgte,"Daniel beklatschte Jana, weil er während der Vorstellung begeistert war und die Bewegungen verfolgte.",ok_prefix_keep_particle_or_punctuation,Daniel,Martina,Karl,Jana,NP2,,,applauded,AgEvo,9,12,1.82,-84,NP2,beklatschte,beklatschte,0.03,11,,"Der Zuschauer beklatschte die Puppenspielerin, weil er am späten Nachmittag begeistert war und das Lob aussprach.",begeistert,34.48,10,37.5,37.5,suboptimal,nonamb
32,both_male,2,6,beklatschte,NP1-Causality,Daniel,beklatschte,"Karl,",weil,er,während der Vorstellung,begeistert war,und,die Bewegungen,verfolgte,"Daniel beklatschte Karl, weil er während der Vorstellung begeistert war und die Bewegungen verfolgte.",ok_prefix_keep_particle_or_punctuation,Daniel,Martina,Karl,Jana,NP2,,,applauded,AgEvo,9,12,1.82,-84,NP2,beklatschte,beklatschte,0.03,11,,"Der Zuschauer beklatschte die Puppenspielerin, weil er am späten Nachmittag begeistert war und das Lob aussprach.",begeistert,34.48,10,37.5,37.5,suboptimal,nonamb
32,both_female,3,6,beklatschte,NP1-Causality,Martina,beklatschte,"Jana,",weil,sie,während der Vorstellung,begeistert war,und,die Bewegungen,verfolgte,"Martina beklatschte Jana, weil sie während der Vorstellung begeistert war und die Bewegungen verfolgte.",ok_prefix_keep_particle_or_punctuation,Daniel,Martina,Karl,Jana,NP2,,,applauded,AgEvo,9,12,1.82,-84,NP2,beklatschte,beklatschte,0.03,11,,"Der Zuschauer beklatschte die Puppenspielerin, weil er am späten Nachmittag begeistert war und das Lob aussprach.",begeistert,34.48,10,37.5,37.5,suboptimal,nonamb
32,swapped,4,6,beklatschte,NP1-Causality,Martina,beklatschte,"Karl,",weil,sie,während der Vorstellung,begeistert war,und,die Bewegungen,verfolgte,"Martina beklatschte Karl, weil sie während der Vorstellung begeistert war und die Bewegungen verfolgte.",ok_prefix_keep_particle_or_punctuation,Daniel,Martina,Karl,Jana,NP2,,,applauded,AgEvo,9,12,1.82,-84,NP2,beklatschte,beklatschte,0.03,11,,"Der Zuschauer beklatschte die Puppenspielerin, weil er am späten Nachmittag begeistert war und das Lob aussprach.",begeistert,34.48,10,37.5,37.5,suboptimal,nonamb
33,original,5,6,beklatschte,NP2-Causality,Daniel,beklatschte,"Jana,",weil,sie,während der Vorstellung,großartig war,und,Kunststücke,vollbrachte,"Daniel beklatschte Jana, weil sie während der Vorstellung großartig war und Kunststücke vollbrachte.",ok_prefix_keep_particle_or_punctuation,Daniel,Martina,Karl,Jana,NP2,,,applauded,AgEvo,9,12,1.82,-84,NP2,beklatschte,beklatschte,0.03,11,,"Der Zuschauer beklatschte die Puppenspielerin, weil sie am späten Nachmittag großartig war und das Kunststück vollbrachte.",großartig,19.01,10,37.5,37.5,suboptimal,nonamb
33,both_male,6,6,beklatschte,NP2-Causality,Daniel,beklatschte,"Karl,",weil,er,während der Vorstellung,großartig war,und,Kunststücke,vollbrachte,"Daniel beklatschte Karl, weil er während der Vorstellung großartig war und Kunststücke vollbrachte.",ok_prefix_keep_particle_or_punctuation,Daniel,Martina,Karl,Jana,NP2,,,applauded,AgEvo,9,12,1.82,-84,NP2,beklatschte,beklatschte,0.03,11,,"Der Zuschauer beklatschte die Puppenspielerin, weil sie am späten Nachmittag großartig war und das Kunststück vollbrachte.",großartig,19.01,10,37.5,37.5,suboptimal,nonamb
33,both_female,7,6,beklatschte,NP2-Causality,Martina,beklatschte,"Jana,",weil,sie,während der Vorstellung,großartig war,und,Kunststücke,vollbrachte,"Martina beklatschte Jana, weil sie während der Vorstellung großartig war und Kunststücke vollbrachte.",ok_prefix_keep_particle_or_punctuation,Daniel,Martina,Karl,Jana,NP2,,,applauded,AgEvo,9,12,1.82,-84,NP2,beklatschte,beklatschte,0.03,11,,"Der Zuschauer beklatschte die Puppenspielerin, weil sie am späten Nachmittag großartig war und das Kunststück vollbrachte.",großartig,19.01,10,37.5,37.5,suboptimal,nonamb
33,swapped,8,6,beklatschte,NP2-Causality,Martina,beklatschte,"Karl,",weil,er,während der Vorstellung,großartig war,und,Kunststücke,vollbrachte,"Martina beklatschte Karl, weil er während der Vorstellung großartig war und Kunststücke vollbrachte.",ok_prefix_keep_particle_or_punctuation,Daniel,Martina,Karl,Jana,NP2,,,applauded,AgEvo,9,12,1.82,-84,NP2,beklatschte,beklatschte,0.03,11,,"Der Zuschauer beklatschte die Puppenspielerin, weil sie am späten Nachmittag großartig war und das Kunststück vollbrachte.",großartig,19.01,10,37.5,37.5,suboptimal,nonamb
58,original,1,7,verehrte,NP1-Causality,Johannes,verehrte,"Julia,",weil,er,von Anfang an,empfänglich war,und ,einen Zugang,spührte,"Johannes verehrte Julia, weil er von Anfang an empfänglich war und einen Zugang spührte.",ok_prefix_keep_particle_or_punctuation,Johannes,Claudia,Jürgen,Julia,NP2,,,adored,ExpStim,6,18,2.54,-74,NP2,verehrte,verehrte,2.75,8,,"Der Schamane verehrte die Göttin, weil er von Anfang an empfänglich war und einen Zugang spührte.",schwach,51.17,7,93.75,93.75,optimal,nonamb
58,both_male,2,7,verehrte,NP1-Causality,Johannes,verehrte,"Jürgen,",weil,er,von Anfang an,empfänglich war,und ,einen Zugang,spührte,"Johannes verehrte Jürgen, weil er von Anfang an empfänglich war und einen Zugang spührte.",ok_prefix_keep_particle_or_punctuation,Johannes,Claudia,Jürgen,Julia,NP2,,,adored,ExpStim,6,18,2.54,-74,NP2,verehrte,verehrte,2.75,8,,"Der Schamane verehrte die Göttin, weil er von Anfang an empfänglich war und einen Zugang spührte.",schwach,51.17,7,93.75,93.75,optimal,nonamb
58,both_female,3,7,verehrte,NP1-Causality,Claudia,verehrte,"Julia,",weil,sie,von Anfang an,empfänglich war,und ,einen Zugang,spührte,"Claudia verehrte Julia, weil sie von Anfang an empfänglich war und einen Zugang spührte.",ok_prefix_keep_particle_or_punctuation,Johannes,Claudia,Jürgen,Julia,NP2,,,adored,ExpStim,6,18,2.54,-74,NP2,verehrte,verehrte,2.75,8,,"Der Schamane verehrte die Göttin, weil er von Anfang an empfänglich war und einen Zugang spührte.",schwach,51.17,7,93.75,93.75,optimal,nonamb
58,swapped,4,7,verehrte,NP1-Causality,Claudia,verehrte,"Jürgen,",weil,sie,von Anfang an,empfänglich war,und ,einen Zugang,spührte,"Claudia verehrte Jürgen, weil sie von Anfang an empfänglich war und einen Zugang spührte.",ok_prefix_keep_particle_or_punctuation,Johannes,Claudia,Jürgen,Julia,NP2,,,adored,ExpStim,6,18,2.54,-74,NP2,verehrte,verehrte,2.75,8,,"Der Schamane verehrte die Göttin, weil er von Anfang an empfänglich war und einen Zugang spührte.",schwach,51.17,7,93.75,93.75,optimal,nonamb
59,original,5,7,verehrte,NP2-Causality,Johannes,verehrte,"Julia,",weil,sie,von Anfang an,mächtig war,und ,Zeichen,setzte,"Johannes verehrte Julia, weil sie von Anfang an mächtig war und Zeichen setzte.",ok_prefix_keep_particle_or_punctuation,Johannes,Claudia,Jürgen,Julia,NP2,,,adored,ExpStim,6,18,2.54,-74,NP2,verehrte,verehrte,2.75,8,,"Der Schamane verehrte die Göttin, weil sie von Anfang an mächtig war und Zeichen setzte.",mächtig,34.16,7,93.75,93.75,optimal,nonamb
59,both_male,6,7,verehrte,NP2-Causality,Johannes,verehrte,"Jürgen,",weil,er,von Anfang an,mächtig war,und ,Zeichen,setzte,"Johannes verehrte Jürgen, weil er von Anfang an mächtig war und Zeichen setzte.",ok_prefix_keep_particle_or_punctuation,Johannes,Claudia,Jürgen,Julia,NP2,,,adored,ExpStim,6,18,2.54,-74,NP2,verehrte,verehrte,2.75,8,,"Der Schamane verehrte die Göttin, weil sie von Anfang an mächtig war und Zeichen setzte.",mächtig,34.16,7,93.75,93.75,optimal,nonamb
59,both_female,7,7,verehrte,NP2-Causality,Claudia,verehrte,"Julia,",weil,sie,von Anfang an,mächtig war,und ,Zeichen,setzte,"Claudia verehrte Julia, weil sie von Anfang an mächtig war und Zeichen setzte.",ok_prefix_keep_particle_or_punctuation,Johannes,Claudia,Jürgen,Julia,NP2,,,adored,ExpStim,6,18,2.54,-74,NP2,verehrte,verehrte,2.75,8,,"Der Schamane verehrte die Göttin, weil sie von Anfang an mächtig war und Zeichen setzte.",mächtig,34.16,7,93.75,93.75,optimal,nonamb
59,swapped,8,7,verehrte,NP2-Causality,Claudia,verehrte,"Jürgen,",weil,er,von Anfang an,mächtig war,und ,Zeichen,setzte,"Claudia verehrte Jürgen, weil er von Anfang an mächtig war und Zeichen setzte.",ok_prefix_keep_particle_or_punctuation,Johannes,Claudia,Jürgen,Julia,NP2,,,adored,ExpStim,6,18,2.54,-74,NP2,verehrte,verehrte,2.75,8,,"Der Schamane verehrte die Göttin, weil sie von Anfang an mächtig war und Zeichen setzte.",mächtig,34.16,7,93.75,93.75,optimal,nonamb
38,original,1,8,beruhigte,NP1-Causality,Philipp,beruhigte,"Susanne,",weil,er,in der Nacht,fürsorglich war,und ,Sicherheit,ausstrahlte,"Philipp beruhigte Susanne, weil er in der Nacht fürsorglich war und Sicherheit ausstrahlte.",ok_prefix_keep_particle_or_punctuation,Philipp,Daniela,Alexander,Susanne,NP2,,,calmed down,AgP,6,0,0.27,-79,NP2,beruhigte,beruhigte,1.31,9,,"Der Krankenpfleger beruhigte die Patientin, weil sie spät in der Nacht besorgt war und das Weinen zurückhielt.",besorgt,15.02,7,31.25,31.25,suboptimal,nonamb
38,both_male,2,8,beruhigte,NP1-Causality,Philipp,beruhigte,"Alexander,",weil,er,in der Nacht,fürsorglich war,und ,Sicherheit,ausstrahlte,"Philipp beruhigte Alexander, weil er in der Nacht fürsorglich war und Sicherheit ausstrahlte.",ok_prefix_keep_particle_or_punctuation,Philipp,Daniela,Alexander,Susanne,NP2,,,calmed down,AgP,6,0,0.27,-79,NP2,beruhigte,beruhigte,1.31,9,,"Der Krankenpfleger beruhigte die Patientin, weil sie spät in der Nacht besorgt war und das Weinen zurückhielt.",besorgt,15.02,7,31.25,31.25,suboptimal,nonamb
38,both_female,3,8,beruhigte,NP1-Causality,Daniela,beruhigte,"Susanne,",weil,sie,in der Nacht,fürsorglich war,und ,Sicherheit,ausstrahlte,"Daniela beruhigte Susanne, weil sie in der Nacht fürsorglich war und Sicherheit ausstrahlte.",ok_prefix_keep_particle_or_punctuation,Philipp,Daniela,Alexander,Susanne,NP2,,,calmed down,AgP,6,0,0.27,-79,NP2,beruhigte,beruhigte,1.31,9,,"Der Krankenpfleger beruhigte die Patientin, weil sie spät in der Nacht besorgt war und das Weinen zurückhielt.",besorgt,15.02,7,31.25,31.25,suboptimal,nonamb
38,swapped,4,8,beruhigte,NP1-Causality,Daniela,beruhigte,"Alexander,",weil,sie,in der Nacht,fürsorglich war,und ,Sicherheit,ausstrahlte,"Daniela beruhigte Alexander, weil sie in der Nacht fürsorglich war und Sicherheit ausstrahlte.",ok_prefix_keep_particle_or_punctuation,Philipp,Daniela,Alexander,Susanne,NP2,,,calmed down,AgP,6,0,0.27,-79,NP2,beruhigte,beruhigte,1.31,9,,"Der Krankenpfleger beruhigte die Patientin, weil sie spät in der Nacht besorgt war und das Weinen zurückhielt.",besorgt,15.02,7,31.25,31.25,suboptimal,nonamb
39,original,5,8,beruhigte,NP2-Causality,Philipp,beruhigte,"Susanne,",weil,sie,in der Nacht,hilflos war,und ,Tränen,vergoss,"Philipp beruhigte Susanne, weil sie in der Nacht hilflos war und Tränen vergoss.",ok_prefix_keep_particle_or_punctuation,Philipp,Daniela,Alexander,Susanne,NP2,,,calmed down,AgP,6,0,0.27,-79,NP2,beruhigte,beruhigte,1.31,9,,"Der Krankenpfleger beruhigte die Patientin, weil er spät in der Nacht professionell war und das Verfahren erklärte.",professionell,30.71,13,31.25,31.25,suboptimal,nonamb
39,both_male,6,8,beruhigte,NP2-Causality,Philipp,beruhigte,"Alexander,",weil,er,in der Nacht,hilflos war,und ,Tränen,vergoss,"Philipp beruhigte Alexander, weil er in der Nacht hilflos war und Tränen vergoss.",ok_prefix_keep_particle_or_punctuation,Philipp,Daniela,Alexander,Susanne,NP2,,,calmed down,AgP,6,0,0.27,-79,NP2,beruhigte,beruhigte,1.31,9,,"Der Krankenpfleger beruhigte die Patientin, weil er spät in der Nacht professionell war und das Verfahren erklärte.",professionell,30.71,13,31.25,31.25,suboptimal,nonamb
39,both_female,7,8,beruhigte,NP2-Causality,Daniela,beruhigte,"Susanne,",weil,sie,in der Nacht,hilflos war,und ,Tränen,vergoss,"Daniela beruhigte Susanne, weil sie in der Nacht hilflos war und Tränen vergoss.",ok_prefix_keep_particle_or_punctuation,Philipp,Daniela,Alexander,Susanne,NP2,,,calmed down,AgP,6,0,0.27,-79,NP2,beruhigte,beruhigte,1.31,9,,"Der Krankenpfleger beruhigte die Patientin, weil er spät in der Nacht professionell war und das Verfahren erklärte.",professionell,30.71,13,31.25,31.25,suboptimal,nonamb
39,swapped,8,8,beruhigte,NP2-Causality,Daniela,beruhigte,"Alexander,",weil,er,in der Nacht,hilflos war,und ,Tränen,vergoss,"Daniela beruhigte Alexander, weil er in der Nacht hilflos war und Tränen vergoss.",ok_prefix_keep_particle_or_punctuation,Philipp,Daniela,Alexander,Susanne,NP2,,,calmed down,AgP,6,0,0.27,-79,NP2,beruhigte,beruhigte,1.31,9,,"Der Krankenpfleger beruhigte die Patientin, weil er spät in der Nacht professionell war und das Verfahren erklärte.",professionell,30.71,13,31.25,31.25,suboptimal,nonamb
112,original,1,9,klagte ... an,NP1-Causality,Andreas,klagte,"Johanna an,",weil,er,seit einiger Zeit,unbestechlich war,und,die Richtlinien,beachtete,"Andreas klagte Johanna an, weil er seit einiger Zeit unbestechlich war und die Richtlinien beachtete.",ok_prefix_keep_particle_or_punctuation,Andreas,Lisa,Thomas,Johanna,neutral,,,accused,AgEvo,7,90,-2,2,neutral,klagte ... an,klagte,2.97,6,,"Der Richter klagte die Frau an, weil er seit einiger Zeit unbestechlich war und die Richtlinien beachtete.",unbestechlich,0.88,13,43.75,43.75,suboptimal,nonamb
112,both_male,2,9,klagte ... an,NP1-Causality,Andreas,klagte,"Thomas an,",weil,er,seit einiger Zeit,unbestechlich war,und,die Richtlinien,beachtete,"Andreas klagte Thomas an, weil er seit einiger Zeit unbestechlich war und die Richtlinien beachtete.",ok_prefix_keep_particle_or_punctuation,Andreas,Lisa,Thomas,Johanna,neutral,,,accused,AgEvo,7,90,-2,2,neutral,klagte ... an,klagte,2.97,6,,"Der Richter klagte die Frau an, weil er seit einiger Zeit unbestechlich war und die Richtlinien beachtete.",unbestechlich,0.88,13,43.75,43.75,suboptimal,nonamb
112,both_female,3,9,klagte ... an,NP1-Causality,Lisa,klagte,"Johanna an,",weil,sie,seit einiger Zeit,unbestechlich war,und,die Richtlinien,beachtete,"Lisa klagte Johanna an, weil sie seit einiger Zeit unbestechlich war und die Richtlinien beachtete.",ok_prefix_keep_particle_or_punctuation,Andreas,Lisa,Thomas,Johanna,neutral,,,accused,AgEvo,7,90,-2,2,neutral,klagte ... an,klagte,2.97,6,,"Der Richter klagte die Frau an, weil er seit einiger Zeit unbestechlich war und die Richtlinien beachtete.",unbestechlich,0.88,13,43.75,43.75,suboptimal,nonamb
112,swapped,4,9,klagte ... an,NP1-Causality,Lisa,klagte,"Thomas an,",weil,sie,seit einiger Zeit,unbestechlich war,und,die Richtlinien,beachtete,"Lisa klagte Thomas an, weil sie seit einiger Zeit unbestechlich war und die Richtlinien beachtete.",ok_prefix_keep_particle_or_punctuation,Andreas,Lisa,Thomas,Johanna,neutral,,,accused,AgEvo,7,90,-2,2,neutral,klagte ... an,klagte,2.97,6,,"Der Richter klagte die Frau an, weil er seit einiger Zeit unbestechlich war und die Richtlinien beachtete.",unbestechlich,0.88,13,43.75,43.75,suboptimal,nonamb
113,original,5,9,klagte ... an,NP2-Causality,Andreas,klagte,"Johanna an,",weil,sie,seit einiger Zeit,kriminell war,und,einen Diebstahl,beging,"Andreas klagte Johanna an, weil sie seit einiger Zeit kriminell war und einen Diebstahl beging.",ok_prefix_keep_particle_or_punctuation,Andreas,Lisa,Thomas,Johanna,neutral,,,accused,AgEvo,7,90,-2,2,neutral,klagte ... an,klagte,2.97,6,,"Der Richter klagte die Frau an, weil sie seit einiger Zeit kriminell war und einen Diebstahl begangen hatte.",kriminell,11.35,9,43.75,43.75,suboptimal,nonamb
113,both_male,6,9,klagte ... an,NP2-Causality,Andreas,klagte,"Thomas an,",weil,er,seit einiger Zeit,kriminell war,und,einen Diebstahl,beging,"Andreas klagte Thomas an, weil er seit einiger Zeit kriminell war und einen Diebstahl beging.",ok_prefix_keep_particle_or_punctuation,Andreas,Lisa,Thomas,Johanna,neutral,,,accused,AgEvo,7,90,-2,2,neutral,klagte ... an,klagte,2.97,6,,"Der Richter klagte die Frau an, weil sie seit einiger Zeit kriminell war und einen Diebstahl begangen hatte.",kriminell,11.35,9,43.75,43.75,suboptimal,nonamb
113,both_female,7,9,klagte ... an,NP2-Causality,Lisa,klagte,"Johanna an,",weil,sie,seit einiger Zeit,kriminell war,und,einen Diebstahl,beging,"Lisa klagte Johanna an, weil sie seit einiger Zeit kriminell war und einen Diebstahl beging.",ok_prefix_keep_particle_or_punctuation,Andreas,Lisa,Thomas,Johanna,neutral,,,accused,AgEvo,7,90,-2,2,neutral,klagte ... an,klagte,2.97,6,,"Der Richter klagte die Frau an, weil sie seit einiger Zeit kriminell war und einen Diebstahl begangen hatte.",kriminell,11.35,9,43.75,43.75,suboptimal,nonamb
113,swapped,8,9,klagte ... an,NP2-Causality,Lisa,klagte,"Thomas an,",weil,er,seit einiger Zeit,kriminell war,und,einen Diebstahl,beging,"Lisa klagte Thomas an, weil er seit einiger Zeit kriminell war und einen Diebstahl beging.",ok_prefix_keep_particle_or_punctuation,Andreas,Lisa,Thomas,Johanna,neutral,,,accused,AgEvo,7,90,-2,2,neutral,klagte ... an,klagte,2.97,6,,"Der Richter klagte die Frau an, weil sie seit einiger Zeit kriminell war und einen Diebstahl begangen hatte.",kriminell,11.35,9,43.75,43.75,suboptimal,nonamb
150,original,1,10,mied,NP1-Causality,Christian,mied,"Anna,",weil,er,am späten Abend,überfordert war,und,Schwindel,verspührte,"Christian mied Anna, weil er am späten Abend überfordert war und Schwindel verspührte.",ok_prefix_keep_particle_or_punctuation,Christian,Laura,Matthias,Anna,neutral,,,avoided,AgP,7,68,-1.09,14,neutral,mied,mied,0.3,4,,"Der Kellner mied die Besucherin, weil er in der Dämmerung überfordert war und das Wanken spürte.",überfordert,10.07,11,43.75,43.75,suboptimal,nonamb
150,both_male,2,10,mied,NP1-Causality,Christian,mied,"Matthias,",weil,er,am späten Abend,überfordert war,und,Schwindel,verspührte,"Christian mied Matthias, weil er am späten Abend überfordert war und Schwindel verspührte.",ok_prefix_keep_particle_or_punctuation,Christian,Laura,Matthias,Anna,neutral,,,avoided,AgP,7,68,-1.09,14,neutral,mied,mied,0.3,4,,"Der Kellner mied die Besucherin, weil er in der Dämmerung überfordert war und das Wanken spürte.",überfordert,10.07,11,43.75,43.75,suboptimal,nonamb
150,both_female,3,10,mied,NP1-Causality,Laura,mied,"Anna,",weil,sie,am späten Abend,überfordert war,und,Schwindel,verspührte,"Laura mied Anna, weil sie am späten Abend überfordert war und Schwindel verspührte.",ok_prefix_keep_particle_or_punctuation,Christian,Laura,Matthias,Anna,neutral,,,avoided,AgP,7,68,-1.09,14,neutral,mied,mied,0.3,4,,"Der Kellner mied die Besucherin, weil er in der Dämmerung überfordert war und das Wanken spürte.",überfordert,10.07,11,43.75,43.75,suboptimal,nonamb
150,swapped,4,10,mied,NP1-Causality,Laura,mied,"Matthias,",weil,sie,am späten Abend,überfordert war,und,Schwindel,verspührte,"Laura mied Matthias, weil sie am späten Abend überfordert war und Schwindel verspührte.",ok_prefix_keep_particle_or_punctuation,Christian,Laura,Matthias,Anna,neutral,,,avoided,AgP,7,68,-1.09,14,neutral,mied,mied,0.3,4,,"Der Kellner mied die Besucherin, weil er in der Dämmerung überfordert war und das Wanken spürte.",überfordert,10.07,11,43.75,43.75,suboptimal,nonamb
151,original,5,10,mied,NP2-Causality,Christian,mied,"Anna,",weil,sie,am späten Abend,anspruchsvoll war,und,Sonderwünsche,verlangte,"Christian mied Anna, weil sie am späten Abend anspruchsvoll war und Sonderwünsche verlangte.",ok_prefix_keep_particle_or_punctuation,Christian,Laura,Matthias,Anna,neutral,,,avoided,AgP,7,68,-1.09,14,neutral,mied,mied,0.3,4,,"Der Kellner mied die Besucherin, weil sie in der Dämmerung anspruchsvoll war und die Rückmeldung erwartete.",anspruchsvoll,15.15,13,43.75,43.75,suboptimal,nonamb
151,both_male,6,10,mied,NP2-Causality,Christian,mied,"Matthias,",weil,er,am späten Abend,anspruchsvoll war,und,Sonderwünsche,verlangte,"Christian mied Matthias, weil er am späten Abend anspruchsvoll war und Sonderwünsche verlangte.",ok_prefix_keep_particle_or_punctuation,Christian,Laura,Matthias,Anna,neutral,,,avoided,AgP,7,68,-1.09,14,neutral,mied,mied,0.3,4,,"Der Kellner mied die Besucherin, weil sie in der Dämmerung anspruchsvoll war und die Rückmeldung erwartete.",anspruchsvoll,15.15,13,43.75,43.75,suboptimal,nonamb
151,both_female,7,10,mied,NP2-Causality,Laura,mied,"Anna,",weil,sie,am späten Abend,anspruchsvoll war,und,Sonderwünsche,verlangte,"Laura mied Anna, weil sie am späten Abend anspruchsvoll war und Sonderwünsche verlangte.",ok_prefix_keep_particle_or_punctuation,Christian,Laura,Matthias,Anna,neutral,,,avoided,AgP,7,68,-1.09,14,neutral,mied,mied,0.3,4,,"Der Kellner mied die Besucherin, weil sie in der Dämmerung anspruchsvoll war und die Rückmeldung erwartete.",anspruchsvoll,15.15,13,43.75,43.75,suboptimal,nonamb
151,swapped,8,10,mied,NP2-Causality,Laura,mied,"Matthias,",weil,er,am späten Abend,anspruchsvoll war,und,Sonderwünsche,verlangte,"Laura mied Matthias, weil er am späten Abend anspruchsvoll war und Sonderwünsche verlangte.",ok_prefix_keep_particle_or_punctuation,Christian,Laura,Matthias,Anna,neutral,,,avoided,AgP,7,68,-1.09,14,neutral,mied,mied,0.3,4,,"Der Kellner mied die Besucherin, weil sie in der Dämmerung anspruchsvoll war und die Rückmeldung erwartete.",anspruchsvoll,15.15,13,43.75,43.75,suboptimal,nonamb
136,original,1,11,beleidigte,NP1-Causality,Uwe,beleidigte,"Nicole,",weil,er,am frühen Abend,müde war,und,nach Hause,wollte,"Uwe beleidigte Nicole, weil er am frühen Abend müde war und nach Hause wollte.",ok_prefix_keep_particle_or_punctuation,Uwe,Sarah,Klaus,Nicole,neutral,,,affronted,StimExp,9,30,-1,12,neutral,beleidigte,beleidigte,0.73,10,,"Der Verkäufer beleidigte die Kundin, weil er am frühen Abend müde war und nach Hause wollte.",empört,5.68,6,75,75,optimal,nonamb
136,both_male,2,11,beleidigte,NP1-Causality,Uwe,beleidigte,"Klaus,",weil,er,am frühen Abend,müde war,und,nach Hause,wollte,"Uwe beleidigte Klaus, weil er am frühen Abend müde war und nach Hause wollte.",ok_prefix_keep_particle_or_punctuation,Uwe,Sarah,Klaus,Nicole,neutral,,,affronted,StimExp,9,30,-1,12,neutral,beleidigte,beleidigte,0.73,10,,"Der Verkäufer beleidigte die Kundin, weil er am frühen Abend müde war und nach Hause wollte.",empört,5.68,6,75,75,optimal,nonamb
136,both_female,3,11,beleidigte,NP1-Causality,Sarah,beleidigte,"Nicole,",weil,sie,am frühen Abend,müde war,und,nach Hause,wollte,"Sarah beleidigte Nicole, weil sie am frühen Abend müde war und nach Hause wollte.",ok_prefix_keep_particle_or_punctuation,Uwe,Sarah,Klaus,Nicole,neutral,,,affronted,StimExp,9,30,-1,12,neutral,beleidigte,beleidigte,0.73,10,,"Der Verkäufer beleidigte die Kundin, weil er am frühen Abend müde war und nach Hause wollte.",empört,5.68,6,75,75,optimal,nonamb
136,swapped,4,11,beleidigte,NP1-Causality,Sarah,beleidigte,"Klaus,",weil,sie,am frühen Abend,müde war,und,nach Hause,wollte,"Sarah beleidigte Klaus, weil sie am frühen Abend müde war und nach Hause wollte.",ok_prefix_keep_particle_or_punctuation,Uwe,Sarah,Klaus,Nicole,neutral,,,affronted,StimExp,9,30,-1,12,neutral,beleidigte,beleidigte,0.73,10,,"Der Verkäufer beleidigte die Kundin, weil er am frühen Abend müde war und nach Hause wollte.",empört,5.68,6,75,75,optimal,nonamb
137,original,5,11,beleidigte,NP2-Causality,Uwe,beleidigte,"Nicole,",weil,sie,am frühen Abend,penetrant war,und,Unhöflichkeit,zeigte,"Uwe beleidigte Nicole, weil sie am frühen Abend penetrant war und Unhöflichkeit zeigte.",ok_prefix_keep_particle_or_punctuation,Uwe,Sarah,Klaus,Nicole,neutral,,,affronted,StimExp,9,30,-1,12,neutral,beleidigte,beleidigte,0.73,10,,"Der Verkäufer beleidigte die Kundin, weil sie am frühen Abend penetrant war und Unhöflichkeit zeigte.",penetrant,1.56,9,75,75,optimal,nonamb
137,both_male,6,11,beleidigte,NP2-Causality,Uwe,beleidigte,"Klaus,",weil,er,am frühen Abend,penetrant war,und,Unhöflichkeit,zeigte,"Uwe beleidigte Klaus, weil er am frühen Abend penetrant war und Unhöflichkeit zeigte.",ok_prefix_keep_particle_or_punctuation,Uwe,Sarah,Klaus,Nicole,neutral,,,affronted,StimExp,9,30,-1,12,neutral,beleidigte,beleidigte,0.73,10,,"Der Verkäufer beleidigte die Kundin, weil sie am frühen Abend penetrant war und Unhöflichkeit zeigte.",penetrant,1.56,9,75,75,optimal,nonamb
137,both_female,7,11,beleidigte,NP2-Causality,Sarah,beleidigte,"Nicole,",weil,sie,am frühen Abend,penetrant war,und,Unhöflichkeit,zeigte,"Sarah beleidigte Nicole, weil sie am frühen Abend penetrant war und Unhöflichkeit zeigte.",ok_prefix_keep_particle_or_punctuation,Uwe,Sarah,Klaus,Nicole,neutral,,,affronted,StimExp,9,30,-1,12,neutral,beleidigte,beleidigte,0.73,10,,"Der Verkäufer beleidigte die Kundin, weil sie am frühen Abend penetrant war und Unhöflichkeit zeigte.",penetrant,1.56,9,75,75,optimal,nonamb
137,swapped,8,11,beleidigte,NP2-Causality,Sarah,beleidigte,"Klaus,",weil,er,am frühen Abend,penetrant war,und,Unhöflichkeit,zeigte,"Sarah beleidigte Klaus, weil er am frühen Abend penetrant war und Unhöflichkeit zeigte.",ok_prefix_keep_particle_or_punctuation,Uwe,Sarah,Klaus,Nicole,neutral,,,affronted,StimExp,9,30,-1,12,neutral,beleidigte,beleidigte,0.73,10,,"Der Verkäufer beleidigte die Kundin, weil sie am frühen Abend penetrant war und Unhöflichkeit zeigte.",penetrant,1.56,9,75,75,optimal,nonamb
124,original,1,12,vertraute,NP1-Causality,Hans,vertraute,"Lena etwas an,",weil,er,seit langer Zeit,verzweifelt war,und,das Gewissen,plagte,"Hans vertraute Lena etwas an, weil er seit langer Zeit verzweifelt war und das Gewissen plagte.",ok_prefix_keep_particle_or_punctuation,Hans,Monika,Wolfgang,Lena,neutral,,,confided in,AgP,8,0,1.91,5,neutral,vertraute,vertraute,7.55,11,,"Der Freund vertraute der Frau etwas an, weil er seit langer Zeit verzweifelt war und die Antwort suchte.",verzweifelt,16.17,11,50,50,suboptimal,nonamb
124,both_male,2,12,vertraute,NP1-Causality,Hans,vertraute,"Wolfgang etwas an,",weil,er,seit langer Zeit,verzweifelt war,und,das Gewissen,plagte,"Hans vertraute Wolfgang etwas an, weil er seit langer Zeit verzweifelt war und das Gewissen plagte.",ok_prefix_keep_particle_or_punctuation,Hans,Monika,Wolfgang,Lena,neutral,,,confided in,AgP,8,0,1.91,5,neutral,vertraute,vertraute,7.55,11,,"Der Freund vertraute der Frau etwas an, weil er seit langer Zeit verzweifelt war und die Antwort suchte.",verzweifelt,16.17,11,50,50,suboptimal,nonamb
124,both_female,3,12,vertraute,NP1-Causality,Monika,vertraute,"Lena etwas an,",weil,sie,seit langer Zeit,verzweifelt war,und,das Gewissen,plagte,"Monika vertraute Lena etwas an, weil sie seit langer Zeit verzweifelt war und das Gewissen plagte.",ok_prefix_keep_particle_or_punctuation,Hans,Monika,Wolfgang,Lena,neutral,,,confided in,AgP,8,0,1.91,5,neutral,vertraute,vertraute,7.55,11,,"Der Freund vertraute der Frau etwas an, weil er seit langer Zeit verzweifelt war und die Antwort suchte.",verzweifelt,16.17,11,50,50,suboptimal,nonamb
124,swapped,4,12,vertraute,NP1-Causality,Monika,vertraute,"Wolfgang etwas an,",weil,sie,seit langer Zeit,verzweifelt war,und,das Gewissen,plagte,"Monika vertraute Wolfgang etwas an, weil sie seit langer Zeit verzweifelt war und das Gewissen plagte.",ok_prefix_keep_particle_or_punctuation,Hans,Monika,Wolfgang,Lena,neutral,,,confided in,AgP,8,0,1.91,5,neutral,vertraute,vertraute,7.55,11,,"Der Freund vertraute der Frau etwas an, weil er seit langer Zeit verzweifelt war und die Antwort suchte.",verzweifelt,16.17,11,50,50,suboptimal,nonamb
125,original,5,12,vertraute,NP2-Causality,Hans,vertraute,"Lena etwas an,",weil,sie,seit langer Zeit,verständnisvoll war,und,Verschwiegenheit,versprach,"Hans vertraute Lena etwas an, weil sie seit langer Zeit verständnisvoll war und Verschwiegenheit versprach.",ok_prefix_keep_particle_or_punctuation,Hans,Monika,Wolfgang,Lena,neutral,,,confided in,AgP,8,0,1.91,5,neutral,vertraute,vertraute,7.55,11,,"Der Freund vertraute der Frau etwas an, weil sie seit langer Zeit verschwiegen war und die Beachtung schenkte.",verschwiegen,5.11,12,50,50,suboptimal,nonamb
125,both_male,6,12,vertraute,NP2-Causality,Hans,vertraute,"Wolfgang etwas an,",weil,er,seit langer Zeit,verständnisvoll war,und,Verschwiegenheit,versprach,"Hans vertraute Wolfgang etwas an, weil er seit langer Zeit verständnisvoll war und Verschwiegenheit versprach.",ok_prefix_keep_particle_or_punctuation,Hans,Monika,Wolfgang,Lena,neutral,,,confided in,AgP,8,0,1.91,5,neutral,vertraute,vertraute,7.55,11,,"Der Freund vertraute der Frau etwas an, weil sie seit langer Zeit verschwiegen war und die Beachtung schenkte.",verschwiegen,5.11,12,50,50,suboptimal,nonamb
125,both_female,7,12,vertraute,NP2-Causality,Monika,vertraute,"Lena etwas an,",weil,sie,seit langer Zeit,verständnisvoll war,und,Verschwiegenheit,versprach,"Monika vertraute Lena etwas an, weil sie seit langer Zeit verständnisvoll war und Verschwiegenheit versprach.",ok_prefix_keep_particle_or_punctuation,Hans,Monika,Wolfgang,Lena,neutral,,,confided in,AgP,8,0,1.91,5,neutral,vertraute,vertraute,7.55,11,,"Der Freund vertraute der Frau etwas an, weil sie seit langer Zeit verschwiegen war und die Beachtung schenkte.",verschwiegen,5.11,12,50,50,suboptimal,nonamb
125,swapped,8,12,vertraute,NP2-Causality,Monika,vertraute,"Wolfgang etwas an,",weil,er,seit langer Zeit,verständnisvoll war,und,Verschwiegenheit,versprach,"Monika vertraute Wolfgang etwas an, weil er seit langer Zeit verständnisvoll war und Verschwiegenheit versprach.",ok_prefix_keep_particle_or_punctuation,Hans,Monika,Wolfgang,Lena,neutral,,,confided in,AgP,8,0,1.91,5,neutral,vertraute,vertraute,7.55,11,,"Der Freund vertraute der Frau etwas an, weil sie seit langer Zeit verschwiegen war und die Beachtung schenkte.",verschwiegen,5.11,12,50,50,suboptimal,nonamb
172,original,1,13,lagweilte,NP1-Causality,Karl,langweilte,"Jana,",weil,er,an diesem Abend,eintönig war,und,Bekanntes ,von sich gab,"Karl langweilte Jana, weil er an diesem Abend eintönig war und Bekanntes von sich gab.",ok_prefix_keep_particle_or_punctuation,Karl,Nina,Christian,Jana,NP1,,,bored,StimExp,5,19,-1.64,73,NP1,lagweilte,langweilte,0.29,10,,"Der Redner langweilte die Zuhörerin, weil er seit einiger Zeit eintönig war und das Gähnen auslöste.",eintönig,2.38,8,75,75,optimal,nonamb
172,both_male,2,13,lagweilte,NP1-Causality,Karl,langweilte,"Christian,",weil,er,an diesem Abend,eintönig war,und,Bekanntes ,von sich gab,"Karl langweilte Christian, weil er an diesem Abend eintönig war und Bekanntes von sich gab.",ok_prefix_keep_particle_or_punctuation,Karl,Nina,Christian,Jana,NP1,,,bored,StimExp,5,19,-1.64,73,NP1,lagweilte,langweilte,0.29,10,,"Der Redner langweilte die Zuhörerin, weil er seit einiger Zeit eintönig war und das Gähnen auslöste.",eintönig,2.38,8,75,75,optimal,nonamb
172,both_female,3,13,lagweilte,NP1-Causality,Nina,langweilte,"Jana,",weil,sie,an diesem Abend,eintönig war,und,Bekanntes ,von sich gab,"Nina langweilte Jana, weil sie an diesem Abend eintönig war und Bekanntes von sich gab.",ok_prefix_keep_particle_or_punctuation,Karl,Nina,Christian,Jana,NP1,,,bored,StimExp,5,19,-1.64,73,NP1,lagweilte,langweilte,0.29,10,,"Der Redner langweilte die Zuhörerin, weil er seit einiger Zeit eintönig war und das Gähnen auslöste.",eintönig,2.38,8,75,75,optimal,nonamb
172,swapped,4,13,lagweilte,NP1-Causality,Nina,langweilte,"Christian,",weil,sie,an diesem Abend,eintönig war,und,Bekanntes ,von sich gab,"Nina langweilte Christian, weil sie an diesem Abend eintönig war und Bekanntes von sich gab.",ok_prefix_keep_particle_or_punctuation,Karl,Nina,Christian,Jana,NP1,,,bored,StimExp,5,19,-1.64,73,NP1,lagweilte,langweilte,0.29,10,,"Der Redner langweilte die Zuhörerin, weil er seit einiger Zeit eintönig war und das Gähnen auslöste.",eintönig,2.38,8,75,75,optimal,nonamb
173,original,5,13,lagweilte,NP2-Causality,Karl,langweilte,"Jana,",weil,sie,an diesem Abend,kritisch war,und,Anderes,erwartete,"Karl langweilte Jana, weil sie an diesem Abend kritisch war und Anderes erwartete.",ok_prefix_keep_particle_or_punctuation,Karl,Nina,Christian,Jana,NP1,,,bored,StimExp,5,19,-1.64,73,NP1,lagweilte,langweilte,0.29,10,,"Der Redner langweilte die Zuhörerin, weil sie seit einiger Zeit skeptisch war und das Stirnrunzeln zeigte.",skeptisch,10.79,9,75,75,optimal,nonamb
173,both_male,6,13,lagweilte,NP2-Causality,Karl,langweilte,"Christian,",weil,er,an diesem Abend,kritisch war,und,Anderes,erwartete,"Karl langweilte Christian, weil er an diesem Abend kritisch war und Anderes erwartete.",ok_prefix_keep_particle_or_punctuation,Karl,Nina,Christian,Jana,NP1,,,bored,StimExp,5,19,-1.64,73,NP1,lagweilte,langweilte,0.29,10,,"Der Redner langweilte die Zuhörerin, weil sie seit einiger Zeit skeptisch war und das Stirnrunzeln zeigte.",skeptisch,10.79,9,75,75,optimal,nonamb
173,both_female,7,13,lagweilte,NP2-Causality,Nina,langweilte,"Jana,",weil,sie,an diesem Abend,kritisch war,und,Anderes,erwartete,"Nina langweilte Jana, weil sie an diesem Abend kritisch war und Anderes erwartete.",ok_prefix_keep_particle_or_punctuation,Karl,Nina,Christian,Jana,NP1,,,bored,StimExp,5,19,-1.64,73,NP1,lagweilte,langweilte,0.29,10,,"Der Redner langweilte die Zuhörerin, weil sie seit einiger Zeit skeptisch war und das Stirnrunzeln zeigte.",skeptisch,10.79,9,75,75,optimal,nonamb
173,swapped,8,13,lagweilte,NP2-Causality,Nina,langweilte,"Christian,",weil,er,an diesem Abend,kritisch war,und,Anderes,erwartete,"Nina langweilte Christian, weil er an diesem Abend kritisch war und Anderes erwartete.",ok_prefix_keep_particle_or_punctuation,Karl,Nina,Christian,Jana,NP1,,,bored,StimExp,5,19,-1.64,73,NP1,lagweilte,langweilte,0.29,10,,"Der Redner langweilte die Zuhörerin, weil sie seit einiger Zeit skeptisch war und das Stirnrunzeln zeigte.",skeptisch,10.79,9,75,75,optimal,nonamb
216,original,1,14,rief,NP1-Causality,Alexander,rief,"Laura,",weil,er,zu dem Zeitpunkt,ratlos war,und,ein Problem,hatte,"Alexander rief Laura, weil er zu dem Zeitpunkt ratlos war und ein Problem hatte.",ok_prefix_keep_particle_or_punctuation,Alexander,Katharina,Tobias,Laura,NP1,,,called,AgP,6,15,0.45,82,NP1,rief,rief,31.09,4,,"Der Sohn rief die Mutter, weil er seit geraumer Zeit ideenreich war und den Entwurf zeigte.",eine Idee,5.66,8,68.75,68.75,optimal,nonamb
216,both_male,2,14,rief,NP1-Causality,Alexander,rief,"Tobias,",weil,er,zu dem Zeitpunkt,ratlos war,und,ein Problem,hatte,"Alexander rief Tobias, weil er zu dem Zeitpunkt ratlos war und ein Problem hatte.",ok_prefix_keep_particle_or_punctuation,Alexander,Katharina,Tobias,Laura,NP1,,,called,AgP,6,15,0.45,82,NP1,rief,rief,31.09,4,,"Der Sohn rief die Mutter, weil er seit geraumer Zeit ideenreich war und den Entwurf zeigte.",eine Idee,5.66,8,68.75,68.75,optimal,nonamb
216,both_female,3,14,rief,NP1-Causality,Katharina,rief,"Laura,",weil,sie,zu dem Zeitpunkt,ratlos war,und,ein Problem,hatte,"Katharina rief Laura, weil sie zu dem Zeitpunkt ratlos war und ein Problem hatte.",ok_prefix_keep_particle_or_punctuation,Alexander,Katharina,Tobias,Laura,NP1,,,called,AgP,6,15,0.45,82,NP1,rief,rief,31.09,4,,"Der Sohn rief die Mutter, weil er seit geraumer Zeit ideenreich war und den Entwurf zeigte.",eine Idee,5.66,8,68.75,68.75,optimal,nonamb
216,swapped,4,14,rief,NP1-Causality,Katharina,rief,"Tobias,",weil,sie,zu dem Zeitpunkt,ratlos war,und,ein Problem,hatte,"Katharina rief Tobias, weil sie zu dem Zeitpunkt ratlos war und ein Problem hatte.",ok_prefix_keep_particle_or_punctuation,Alexander,Katharina,Tobias,Laura,NP1,,,called,AgP,6,15,0.45,82,NP1,rief,rief,31.09,4,,"Der Sohn rief die Mutter, weil er seit geraumer Zeit ideenreich war und den Entwurf zeigte.",eine Idee,5.66,8,68.75,68.75,optimal,nonamb
217,original,5,14,rief,NP2-Causality,Alexander,rief,"Laura,",weil,sie,zu dem Zeitpunkt,verfügbar war,und,Problemwissen,hatte,"Alexander rief Laura, weil sie zu dem Zeitpunkt verfügbar war und Problemwissen hatte.",ok_prefix_keep_particle_or_punctuation,Alexander,Katharina,Tobias,Laura,NP1,,,called,AgP,6,15,0.45,82,NP1,rief,rief,31.09,4,,"Der Sohn rief die Mutter, weil sie seit geraumer Zeit verstummt war und die Hoffnung verlor. ",verstummt,1.44,9,68.75,68.75,optimal,nonamb
217,both_male,6,14,rief,NP2-Causality,Alexander,rief,"Tobias,",weil,er,zu dem Zeitpunkt,verfügbar war,und,Problemwissen,hatte,"Alexander rief Tobias, weil er zu dem Zeitpunkt verfügbar war und Problemwissen hatte.",ok_prefix_keep_particle_or_punctuation,Alexander,Katharina,Tobias,Laura,NP1,,,called,AgP,6,15,0.45,82,NP1,rief,rief,31.09,4,,"Der Sohn rief die Mutter, weil sie seit geraumer Zeit verstummt war und die Hoffnung verlor. ",verstummt,1.44,9,68.75,68.75,optimal,nonamb
217,both_female,7,14,rief,NP2-Causality,Katharina,rief,"Laura,",weil,sie,zu dem Zeitpunkt,verfügbar war,und,Problemwissen,hatte,"Katharina rief Laura, weil sie zu dem Zeitpunkt verfügbar war und Problemwissen hatte.",ok_prefix_keep_particle_or_punctuation,Alexander,Katharina,Tobias,Laura,NP1,,,called,AgP,6,15,0.45,82,NP1,rief,rief,31.09,4,,"Der Sohn rief die Mutter, weil sie seit geraumer Zeit verstummt war und die Hoffnung verlor. ",verstummt,1.44,9,68.75,68.75,optimal,nonamb
217,swapped,8,14,rief,NP2-Causality,Katharina,rief,"Tobias,",weil,er,zu dem Zeitpunkt,verfügbar war,und,Problemwissen,hatte,"Katharina rief Tobias, weil er zu dem Zeitpunkt verfügbar war und Problemwissen hatte.",ok_prefix_keep_particle_or_punctuation,Alexander,Katharina,Tobias,Laura,NP1,,,called,AgP,6,15,0.45,82,NP1,rief,rief,31.09,4,,"Der Sohn rief die Mutter, weil sie seit geraumer Zeit verstummt war und die Hoffnung verlor. ",verstummt,1.44,9,68.75,68.75,optimal,nonamb
166,original,1,15,nervte,NP1-Causality,David,nervte,"Sabine,",weil ,er,immerfort,aufgedreht war,und,Seltsames,sagte,"David nervte Sabine, weil er immerfort aufgedreht war und Seltsames sagte.",ok_prefix_keep_particle_or_punctuation,David,Renate,Wolfgang,Sabine,NP1,,,bugged,StimExp,6,4,-1,72,NP1,nervte,nervte,0.34,6,,"Der Stiefsohn nervte die Urgroßmutter, weil er am späten Abend durstig war und das Getränk verlangte.",durstig,1.28,7,31.25,31.25,suboptimal,nonamb
166,both_male,2,15,nervte,NP1-Causality,David,nervte,"Wolfgang,",weil ,er,immerfort,aufgedreht war,und,Seltsames,sagte,"David nervte Wolfgang, weil er immerfort aufgedreht war und Seltsames sagte.",ok_prefix_keep_particle_or_punctuation,David,Renate,Wolfgang,Sabine,NP1,,,bugged,StimExp,6,4,-1,72,NP1,nervte,nervte,0.34,6,,"Der Stiefsohn nervte die Urgroßmutter, weil er am späten Abend durstig war und das Getränk verlangte.",durstig,1.28,7,31.25,31.25,suboptimal,nonamb
166,both_female,3,15,nervte,NP1-Causality,Renate,nervte,"Sabine,",weil ,sie,immerfort,aufgedreht war,und,Seltsames,sagte,"Renate nervte Sabine, weil sie immerfort aufgedreht war und Seltsames sagte.",ok_prefix_keep_particle_or_punctuation,David,Renate,Wolfgang,Sabine,NP1,,,bugged,StimExp,6,4,-1,72,NP1,nervte,nervte,0.34,6,,"Der Stiefsohn nervte die Urgroßmutter, weil er am späten Abend durstig war und das Getränk verlangte.",durstig,1.28,7,31.25,31.25,suboptimal,nonamb
166,swapped,4,15,nervte,NP1-Causality,Renate,nervte,"Wolfgang,",weil ,sie,immerfort,aufgedreht war,und,Seltsames,sagte,"Renate nervte Wolfgang, weil sie immerfort aufgedreht war und Seltsames sagte.",ok_prefix_keep_particle_or_punctuation,David,Renate,Wolfgang,Sabine,NP1,,,bugged,StimExp,6,4,-1,72,NP1,nervte,nervte,0.34,6,,"Der Stiefsohn nervte die Urgroßmutter, weil er am späten Abend durstig war und das Getränk verlangte.",durstig,1.28,7,31.25,31.25,suboptimal,nonamb
167,original,5,15,nervte,NP2-Causality,David,nervte,"Sabine,",weil ,sie,immerfort,müde war,und,Ruhe,suchte,"David nervte Sabine, weil sie immerfort müde war und Ruhe suchte.",ok_prefix_keep_particle_or_punctuation,David,Renate,Wolfgang,Sabine,NP1,,,bugged,StimExp,6,4,-1,72,NP1,nervte,nervte,0.34,6,,"Der Stiefsohn nervte die Urgroßmutter, weil sie am späten Abend beschäftigt war und das Telefonat erledigte.",beschäftigt,63.13,11,31.25,31.25,suboptimal,nonamb
167,both_male,6,15,nervte,NP2-Causality,David,nervte,"Wolfgang,",weil ,er,immerfort,müde war,und,Ruhe,suchte,"David nervte Wolfgang, weil er immerfort müde war und Ruhe suchte.",ok_prefix_keep_particle_or_punctuation,David,Renate,Wolfgang,Sabine,NP1,,,bugged,StimExp,6,4,-1,72,NP1,nervte,nervte,0.34,6,,"Der Stiefsohn nervte die Urgroßmutter, weil sie am späten Abend beschäftigt war und das Telefonat erledigte.",beschäftigt,63.13,11,31.25,31.25,suboptimal,nonamb
167,both_female,7,15,nervte,NP2-Causality,Renate,nervte,"Sabine,",weil ,sie,immerfort,müde war,und,Ruhe,suchte,"Renate nervte Sabine, weil sie immerfort müde war und Ruhe suchte.",ok_prefix_keep_particle_or_punctuation,David,Renate,Wolfgang,Sabine,NP1,,,bugged,StimExp,6,4,-1,72,NP1,nervte,nervte,0.34,6,,"Der Stiefsohn nervte die Urgroßmutter, weil sie am späten Abend beschäftigt war und das Telefonat erledigte.",beschäftigt,63.13,11,31.25,31.25,suboptimal,nonamb
167,swapped,8,15,nervte,NP2-Causality,Renate,nervte,"Wolfgang,",weil ,er,immerfort,müde war,und,Ruhe,suchte,"Renate nervte Wolfgang, weil er immerfort müde war und Ruhe suchte.",ok_prefix_keep_particle_or_punctuation,David,Renate,Wolfgang,Sabine,NP1,,,bugged,StimExp,6,4,-1,72,NP1,nervte,nervte,0.34,6,,"Der Stiefsohn nervte die Urgroßmutter, weil sie am späten Abend beschäftigt war und das Telefonat erledigte.",beschäftigt,63.13,11,31.25,31.25,suboptimal,nonamb
210,original,1,16,bezauberte,NP1-Causality,Michael,bezauberte,"Claudia,",weil,er,immer wieder,verblüffend war,und,Illusionen,erzeugte,"Michael bezauberte Claudia, weil er immer wieder verblüffend war und Illusionen erzeugte.",ok_prefix_keep_particle_or_punctuation,Michael,Barbara,Paul,Claudia,NP1,,,charmed,StimExp,7,418,2,81,NP1,bezauberte,bezauberte,0.11,10,,"Der Magier bezauberte die Prinzessin, weil er seit Langem hinterlistig war und das Lächeln zeigte.",hinterlistig,0.68,12,68.75,68.75,optimal,nonamb
210,both_male,2,16,bezauberte,NP1-Causality,Michael,bezauberte,"Paul,",weil,er,immer wieder,verblüffend war,und,Illusionen,erzeugte,"Michael bezauberte Paul, weil er immer wieder verblüffend war und Illusionen erzeugte.",ok_prefix_keep_particle_or_punctuation,Michael,Barbara,Paul,Claudia,NP1,,,charmed,StimExp,7,418,2,81,NP1,bezauberte,bezauberte,0.11,10,,"Der Magier bezauberte die Prinzessin, weil er seit Langem hinterlistig war und das Lächeln zeigte.",hinterlistig,0.68,12,68.75,68.75,optimal,nonamb
210,both_female,3,16,bezauberte,NP1-Causality,Barbara,bezauberte,"Claudia,",weil,sie,immer wieder,verblüffend war,und,Illusionen,erzeugte,"Barbara bezauberte Claudia, weil sie immer wieder verblüffend war und Illusionen erzeugte.",ok_prefix_keep_particle_or_punctuation,Michael,Barbara,Paul,Claudia,NP1,,,charmed,StimExp,7,418,2,81,NP1,bezauberte,bezauberte,0.11,10,,"Der Magier bezauberte die Prinzessin, weil er seit Langem hinterlistig war und das Lächeln zeigte.",hinterlistig,0.68,12,68.75,68.75,optimal,nonamb
210,swapped,4,16,bezauberte,NP1-Causality,Barbara,bezauberte,"Paul,",weil,sie,immer wieder,verblüffend war,und,Illusionen,erzeugte,"Barbara bezauberte Paul, weil sie immer wieder verblüffend war und Illusionen erzeugte.",ok_prefix_keep_particle_or_punctuation,Michael,Barbara,Paul,Claudia,NP1,,,charmed,StimExp,7,418,2,81,NP1,bezauberte,bezauberte,0.11,10,,"Der Magier bezauberte die Prinzessin, weil er seit Langem hinterlistig war und das Lächeln zeigte.",hinterlistig,0.68,12,68.75,68.75,optimal,nonamb
211,original,5,16,bezauberte,NP2-Causality,Michael,bezauberte,"Claudia,",weil,sie,immer wieder,fasziniert war,und,die Tricks,liebte,"Michael bezauberte Claudia, weil sie immer wieder fasziniert war und die Tricks liebte.",ok_prefix_keep_particle_or_punctuation,Michael,Barbara,Paul,Claudia,NP1,,,charmed,StimExp,7,418,2,81,NP1,bezauberte,bezauberte,0.11,10,,"Der Magier bezauberte die Prinzessin, weil sie schon seit Langem arglos war und das Kichern äußerte.",arglos,0.81,6,68.75,68.75,optimal,nonamb
211,both_male,6,16,bezauberte,NP2-Causality,Michael,bezauberte,"Paul,",weil,er,immer wieder,fasziniert war,und,die Tricks,liebte,"Michael bezauberte Paul, weil er immer wieder fasziniert war und die Tricks liebte.",ok_prefix_keep_particle_or_punctuation,Michael,Barbara,Paul,Claudia,NP1,,,charmed,StimExp,7,418,2,81,NP1,bezauberte,bezauberte,0.11,10,,"Der Magier bezauberte die Prinzessin, weil sie schon seit Langem arglos war und das Kichern äußerte.",arglos,0.81,6,68.75,68.75,optimal,nonamb
211,both_female,7,16,bezauberte,NP2-Causality,Barbara,bezauberte,"Claudia,",weil,sie,immer wieder,fasziniert war,und,die Tricks,liebte,"Barbara bezauberte Claudia, weil sie immer wieder fasziniert war und die Tricks liebte.",ok_prefix_keep_particle_or_punctuation,Michael,Barbara,Paul,Claudia,NP1,,,charmed,StimExp,7,418,2,81,NP1,bezauberte,bezauberte,0.11,10,,"Der Magier bezauberte die Prinzessin, weil sie schon seit Langem arglos war und das Kichern äußerte.",arglos,0.81,6,68.75,68.75,optimal,nonamb
211,swapped,8,16,bezauberte,NP2-Causality,Barbara,bezauberte,"Paul,",weil,er,immer wieder,fasziniert war,und,die Tricks,liebte,"Barbara bezauberte Paul, weil er immer wieder fasziniert war und die Tricks liebte.",ok_prefix_keep_particle_or_punctuation,Michael,Barbara,Paul,Claudia,NP1,,,charmed,StimExp,7,418,2,81,NP1,bezauberte,bezauberte,0.11,10,,"Der Magier bezauberte die Prinzessin, weil sie schon seit Langem arglos war und das Kichern äußerte.",arglos,0.81,6,68.75,68.75,optimal,nonamb
56,original,1,17,tröstete,NP1-Causality,Martin,tröstete,"Martina,",weil ,er,nach den Erlebnissen,hilfsbereit war,und,Schutz,gewährte,"Martin tröstete Martina, weil er nach den Erlebnissen hilfsbereit war und Schutz gewährte.",ok_prefix_keep_particle_or_punctuation,Martin,Monika,Thomas,Martina,NP2,,,consoled,StimExp,8,34,1.45,-74,NP2,tröstete,tröstete,0.77,8,,"Der Therapeut tröstete die Soldatin, weil er kurz nach Sonnenaufgang mitfühlend war und die Unterstützung bot.",mitfühlend,1.08,10,50,50,suboptimal,nonamb
56,both_male,2,17,tröstete,NP1-Causality,Martin,tröstete,"Thomas,",weil ,er,nach den Erlebnissen,hilfsbereit war,und,Schutz,gewährte,"Martin tröstete Thomas, weil er nach den Erlebnissen hilfsbereit war und Schutz gewährte.",ok_prefix_keep_particle_or_punctuation,Martin,Monika,Thomas,Martina,NP2,,,consoled,StimExp,8,34,1.45,-74,NP2,tröstete,tröstete,0.77,8,,"Der Therapeut tröstete die Soldatin, weil er kurz nach Sonnenaufgang mitfühlend war und die Unterstützung bot.",mitfühlend,1.08,10,50,50,suboptimal,nonamb
56,both_female,3,17,tröstete,NP1-Causality,Monika,tröstete,"Martina,",weil ,sie,nach den Erlebnissen,hilfsbereit war,und,Schutz,gewährte,"Monika tröstete Martina, weil sie nach den Erlebnissen hilfsbereit war und Schutz gewährte.",ok_prefix_keep_particle_or_punctuation,Martin,Monika,Thomas,Martina,NP2,,,consoled,StimExp,8,34,1.45,-74,NP2,tröstete,tröstete,0.77,8,,"Der Therapeut tröstete die Soldatin, weil er kurz nach Sonnenaufgang mitfühlend war und die Unterstützung bot.",mitfühlend,1.08,10,50,50,suboptimal,nonamb
56,swapped,4,17,tröstete,NP1-Causality,Monika,tröstete,"Thomas,",weil ,sie,nach den Erlebnissen,hilfsbereit war,und,Schutz,gewährte,"Monika tröstete Thomas, weil sie nach den Erlebnissen hilfsbereit war und Schutz gewährte.",ok_prefix_keep_particle_or_punctuation,Martin,Monika,Thomas,Martina,NP2,,,consoled,StimExp,8,34,1.45,-74,NP2,tröstete,tröstete,0.77,8,,"Der Therapeut tröstete die Soldatin, weil er kurz nach Sonnenaufgang mitfühlend war und die Unterstützung bot.",mitfühlend,1.08,10,50,50,suboptimal,nonamb
57,original,5,17,tröstete,NP2-Causality,Martin,tröstete,"Martina,",weil ,sie,nach den Erlebnissen,hoffnungslos war,und,Mitgefühl,benötigte,"Martin tröstete Martina, weil sie nach den Erlebnissen hoffnungslos war und Mitgefühl benötigte.",ok_prefix_keep_particle_or_punctuation,Martin,Monika,Thomas,Martina,NP2,,,consoled,StimExp,8,34,1.45,-74,NP2,tröstete,tröstete,0.77,8,,"Der Therapeut tröstete die Soldatin, weil sie kurz nach Sonnenaufgang traumatisiert war und die Last schilderte.",traumatisiert,1.01,13,50,50,suboptimal,nonamb
57,both_male,6,17,tröstete,NP2-Causality,Martin,tröstete,"Thomas,",weil ,er,nach den Erlebnissen,hoffnungslos war,und,Mitgefühl,benötigte,"Martin tröstete Thomas, weil er nach den Erlebnissen hoffnungslos war und Mitgefühl benötigte.",ok_prefix_keep_particle_or_punctuation,Martin,Monika,Thomas,Martina,NP2,,,consoled,StimExp,8,34,1.45,-74,NP2,tröstete,tröstete,0.77,8,,"Der Therapeut tröstete die Soldatin, weil sie kurz nach Sonnenaufgang traumatisiert war und die Last schilderte.",traumatisiert,1.01,13,50,50,suboptimal,nonamb
57,both_female,7,17,tröstete,NP2-Causality,Monika,tröstete,"Martina,",weil ,sie,nach den Erlebnissen,hoffnungslos war,und,Mitgefühl,benötigte,"Monika tröstete Martina, weil sie nach den Erlebnissen hoffnungslos war und Mitgefühl benötigte.",ok_prefix_keep_particle_or_punctuation,Martin,Monika,Thomas,Martina,NP2,,,consoled,StimExp,8,34,1.45,-74,NP2,tröstete,tröstete,0.77,8,,"Der Therapeut tröstete die Soldatin, weil sie kurz nach Sonnenaufgang traumatisiert war und die Last schilderte.",traumatisiert,1.01,13,50,50,suboptimal,nonamb
57,swapped,8,17,tröstete,NP2-Causality,Monika,tröstete,"Thomas,",weil ,er,nach den Erlebnissen,hoffnungslos war,und,Mitgefühl,benötigte,"Monika tröstete Thomas, weil er nach den Erlebnissen hoffnungslos war und Mitgefühl benötigte.",ok_prefix_keep_particle_or_punctuation,Martin,Monika,Thomas,Martina,NP2,,,consoled,StimExp,8,34,1.45,-74,NP2,tröstete,tröstete,0.77,8,,"Der Therapeut tröstete die Soldatin, weil sie kurz nach Sonnenaufgang traumatisiert war und die Last schilderte.",traumatisiert,1.01,13,50,50,suboptimal,nonamb
24,original,1,18,verachtete,NP1-Causality,Frank,verachtete,"Julia,",weil,er,an dem Abend,gekrängt war,und,Demütigung,erfuhr,"Frank verachtete Julia, weil er an dem Abend gekrängt war und Demütigung erfuhr.",ok_prefix_keep_particle_or_punctuation,Frank,Eva,Uwe,Julia,NP2,,,despised,ExpStim,8,23,-2.82,-87,NP2,verachtete,verachtete,0.71,8,,"Der Senior verachtete die Dame, weil sie am frühen Abend vulgär war und die Grenze überschritt. ",vulgär,0.91,6,75,75,optimal,nonamb
24,both_male,2,18,verachtete,NP1-Causality,Frank,verachtete,"Uwe,",weil,er,an dem Abend,gekrängt war,und,Demütigung,erfuhr,"Frank verachtete Uwe, weil er an dem Abend gekrängt war und Demütigung erfuhr.",ok_prefix_keep_particle_or_punctuation,Frank,Eva,Uwe,Julia,NP2,,,despised,ExpStim,8,23,-2.82,-87,NP2,verachtete,verachtete,0.71,8,,"Der Senior verachtete die Dame, weil sie am frühen Abend vulgär war und die Grenze überschritt. ",vulgär,0.91,6,75,75,optimal,nonamb
24,both_female,3,18,verachtete,NP1-Causality,Eva,verachtete,"Julia,",weil,sie,an dem Abend,gekrängt war,und,Demütigung,erfuhr,"Eva verachtete Julia, weil sie an dem Abend gekrängt war und Demütigung erfuhr.",ok_prefix_keep_particle_or_punctuation,Frank,Eva,Uwe,Julia,NP2,,,despised,ExpStim,8,23,-2.82,-87,NP2,verachtete,verachtete,0.71,8,,"Der Senior verachtete die Dame, weil sie am frühen Abend vulgär war und die Grenze überschritt. ",vulgär,0.91,6,75,75,optimal,nonamb
24,swapped,4,18,verachtete,NP1-Causality,Eva,verachtete,"Uwe,",weil,sie,an dem Abend,gekrängt war,und,Demütigung,erfuhr,"Eva verachtete Uwe, weil sie an dem Abend gekrängt war und Demütigung erfuhr.",ok_prefix_keep_particle_or_punctuation,Frank,Eva,Uwe,Julia,NP2,,,despised,ExpStim,8,23,-2.82,-87,NP2,verachtete,verachtete,0.71,8,,"Der Senior verachtete die Dame, weil sie am frühen Abend vulgär war und die Grenze überschritt. ",vulgär,0.91,6,75,75,optimal,nonamb
25,original,5,18,verachtete,NP2-Causality,Frank,verachtete,"Julia,",weil,sie,an dem Abend,vulgär war,und,Missgunst,kommunizierte,"Frank verachtete Julia, weil sie an dem Abend vulgär war und Missgunst kommunizierte.",ok_prefix_keep_particle_or_punctuation,Frank,Eva,Uwe,Julia,NP2,,,despised,ExpStim,8,23,-2.82,-87,NP2,verachtete,verachtete,0.71,8,,"Der Senior verachtete die Dame, weil er am frühen Abend erwartungsvoll war und die Reaktion zeigte.",Anstand,3.01,7,75,75,optimal,nonamb
25,both_male,6,18,verachtete,NP2-Causality,Frank,verachtete,"Uwe,",weil,er,an dem Abend,vulgär war,und,Missgunst,kommunizierte,"Frank verachtete Uwe, weil er an dem Abend vulgär war und Missgunst kommunizierte.",ok_prefix_keep_particle_or_punctuation,Frank,Eva,Uwe,Julia,NP2,,,despised,ExpStim,8,23,-2.82,-87,NP2,verachtete,verachtete,0.71,8,,"Der Senior verachtete die Dame, weil er am frühen Abend erwartungsvoll war und die Reaktion zeigte.",Anstand,3.01,7,75,75,optimal,nonamb
25,both_female,7,18,verachtete,NP2-Causality,Eva,verachtete,"Julia,",weil,sie,an dem Abend,vulgär war,und,Missgunst,kommunizierte,"Eva verachtete Julia, weil sie an dem Abend vulgär war und Missgunst kommunizierte.",ok_prefix_keep_particle_or_punctuation,Frank,Eva,Uwe,Julia,NP2,,,despised,ExpStim,8,23,-2.82,-87,NP2,verachtete,verachtete,0.71,8,,"Der Senior verachtete die Dame, weil er am frühen Abend erwartungsvoll war und die Reaktion zeigte.",Anstand,3.01,7,75,75,optimal,nonamb
25,swapped,8,18,verachtete,NP2-Causality,Eva,verachtete,"Uwe,",weil,er,an dem Abend,vulgär war,und,Missgunst,kommunizierte,"Eva verachtete Uwe, weil er an dem Abend vulgär war und Missgunst kommunizierte.",ok_prefix_keep_particle_or_punctuation,Frank,Eva,Uwe,Julia,NP2,,,despised,ExpStim,8,23,-2.82,-87,NP2,verachtete,verachtete,0.71,8,,"Der Senior verachtete die Dame, weil er am frühen Abend erwartungsvoll war und die Reaktion zeigte.",Anstand,3.01,7,75,75,optimal,nonamb
52,original,1,19,korrigierte,NP1-Causality,Daniel,korrigierte,"Lena,",weil,er,in der Stunde,fachkundig agierte,und,einen Fehler,entdeckte,"Daniel korrigierte Lena, weil er in der Stunde fachkundig agierte und einen Fehler entdeckte.",ok_prefix_keep_particle_or_punctuation,Daniel,Lisa,Johannes,Lena,NP2,,,corrected,AgP,9,37,0.91,-74,NP2,korrigierte,korrigierte,1.04,11,,"Der Lehrer korrigierte die Schülerin, weil er seit einiger Zeit fachkundig war und die Regel erläuterte.",fachkundig,4,10,68.75,68.75,optimal,nonamb
52,both_male,2,19,korrigierte,NP1-Causality,Daniel,korrigierte,"Johannes,",weil,er,in der Stunde,fachkundig agierte,und,einen Fehler,entdeckte,"Daniel korrigierte Johannes, weil er in der Stunde fachkundig agierte und einen Fehler entdeckte.",ok_prefix_keep_particle_or_punctuation,Daniel,Lisa,Johannes,Lena,NP2,,,corrected,AgP,9,37,0.91,-74,NP2,korrigierte,korrigierte,1.04,11,,"Der Lehrer korrigierte die Schülerin, weil er seit einiger Zeit fachkundig war und die Regel erläuterte.",fachkundig,4,10,68.75,68.75,optimal,nonamb
52,both_female,3,19,korrigierte,NP1-Causality,Lisa,korrigierte,"Lena,",weil,sie,in der Stunde,fachkundig agierte,und,einen Fehler,entdeckte,"Lisa korrigierte Lena, weil sie in der Stunde fachkundig agierte und einen Fehler entdeckte.",ok_prefix_keep_particle_or_punctuation,Daniel,Lisa,Johannes,Lena,NP2,,,corrected,AgP,9,37,0.91,-74,NP2,korrigierte,korrigierte,1.04,11,,"Der Lehrer korrigierte die Schülerin, weil er seit einiger Zeit fachkundig war und die Regel erläuterte.",fachkundig,4,10,68.75,68.75,optimal,nonamb
52,swapped,4,19,korrigierte,NP1-Causality,Lisa,korrigierte,"Johannes,",weil,sie,in der Stunde,fachkundig agierte,und,einen Fehler,entdeckte,"Lisa korrigierte Johannes, weil sie in der Stunde fachkundig agierte und einen Fehler entdeckte.",ok_prefix_keep_particle_or_punctuation,Daniel,Lisa,Johannes,Lena,NP2,,,corrected,AgP,9,37,0.91,-74,NP2,korrigierte,korrigierte,1.04,11,,"Der Lehrer korrigierte die Schülerin, weil er seit einiger Zeit fachkundig war und die Regel erläuterte.",fachkundig,4,10,68.75,68.75,optimal,nonamb
53,original,5,19,korrigierte,NP2-Causality,Daniel,korrigierte,"Lena,",weil,sie,in der Stunde,ungeschickt war,und ,Fehler,produzierte,"Daniel korrigierte Lena, weil sie in der Stunde ungeschickt war und Fehler produzierte.",ok_prefix_keep_particle_or_punctuation,Daniel,Lisa,Johannes,Lena,NP2,,,corrected,AgP,9,37,0.91,-74,NP2,korrigierte,korrigierte,1.04,11,,"Der Lehrer korrigierte die Schülerin, weil sie seit einiger Zeit unehrlich war und die Lüge wiederholte.",unehrlich,0.77,9,68.75,68.75,optimal,nonamb
53,both_male,6,19,korrigierte,NP2-Causality,Daniel,korrigierte,"Johannes,",weil,er,in der Stunde,ungeschickt war,und ,Fehler,produzierte,"Daniel korrigierte Johannes, weil er in der Stunde ungeschickt war und Fehler produzierte.",ok_prefix_keep_particle_or_punctuation,Daniel,Lisa,Johannes,Lena,NP2,,,corrected,AgP,9,37,0.91,-74,NP2,korrigierte,korrigierte,1.04,11,,"Der Lehrer korrigierte die Schülerin, weil sie seit einiger Zeit unehrlich war und die Lüge wiederholte.",unehrlich,0.77,9,68.75,68.75,optimal,nonamb
53,both_female,7,19,korrigierte,NP2-Causality,Lisa,korrigierte,"Lena,",weil,sie,in der Stunde,ungeschickt war,und ,Fehler,produzierte,"Lisa korrigierte Lena, weil sie in der Stunde ungeschickt war und Fehler produzierte.",ok_prefix_keep_particle_or_punctuation,Daniel,Lisa,Johannes,Lena,NP2,,,corrected,AgP,9,37,0.91,-74,NP2,korrigierte,korrigierte,1.04,11,,"Der Lehrer korrigierte die Schülerin, weil sie seit einiger Zeit unehrlich war und die Lüge wiederholte.",unehrlich,0.77,9,68.75,68.75,optimal,nonamb
53,swapped,8,19,korrigierte,NP2-Causality,Lisa,korrigierte,"Johannes,",weil,er,in der Stunde,ungeschickt war,und ,Fehler,produzierte,"Lisa korrigierte Johannes, weil er in der Stunde ungeschickt war und Fehler produzierte.",ok_prefix_keep_particle_or_punctuation,Daniel,Lisa,Johannes,Lena,NP2,,,corrected,AgP,9,37,0.91,-74,NP2,korrigierte,korrigierte,1.04,11,,"Der Lehrer korrigierte die Schülerin, weil sie seit einiger Zeit unehrlich war und die Lüge wiederholte.",unehrlich,0.77,9,68.75,68.75,optimal,nonamb
40,original,1,20,verabscheute,NP1-Causality,Hans,verabscheute,"Maria,",weil ,er,seit Monaten,friedliebend war,und,Frieden,suchte,"Hans verabscheute Maria, weil er seit Monaten friedliebend war und Frieden suchte.",ok_prefix_keep_particle_or_punctuation,Hans,Daniela,Peter,Maria,NP2,,,detested,ExpStim,8,10,-2.55,-78,NP2,verabscheute,verabscheute,0.3,12,,"Der Soldat verabscheute die Feindin, weil er schon seit Monaten friedliebend war und die Schonung suchte.",friedliebend,0.97,12,56.25,56.25,suboptimal,nonamb
40,both_male,2,20,verabscheute,NP1-Causality,Hans,verabscheute,"Peter,",weil ,er,seit Monaten,friedliebend war,und,Frieden,suchte,"Hans verabscheute Peter, weil er seit Monaten friedliebend war und Frieden suchte.",ok_prefix_keep_particle_or_punctuation,Hans,Daniela,Peter,Maria,NP2,,,detested,ExpStim,8,10,-2.55,-78,NP2,verabscheute,verabscheute,0.3,12,,"Der Soldat verabscheute die Feindin, weil er schon seit Monaten friedliebend war und die Schonung suchte.",friedliebend,0.97,12,56.25,56.25,suboptimal,nonamb
40,both_female,3,20,verabscheute,NP1-Causality,Daniela,verabscheute,"Maria,",weil ,sie,seit Monaten,friedliebend war,und,Frieden,suchte,"Daniela verabscheute Maria, weil sie seit Monaten friedliebend war und Frieden suchte.",ok_prefix_keep_particle_or_punctuation,Hans,Daniela,Peter,Maria,NP2,,,detested,ExpStim,8,10,-2.55,-78,NP2,verabscheute,verabscheute,0.3,12,,"Der Soldat verabscheute die Feindin, weil er schon seit Monaten friedliebend war und die Schonung suchte.",friedliebend,0.97,12,56.25,56.25,suboptimal,nonamb
40,swapped,4,20,verabscheute,NP1-Causality,Daniela,verabscheute,"Peter,",weil ,sie,seit Monaten,friedliebend war,und,Frieden,suchte,"Daniela verabscheute Peter, weil sie seit Monaten friedliebend war und Frieden suchte.",ok_prefix_keep_particle_or_punctuation,Hans,Daniela,Peter,Maria,NP2,,,detested,ExpStim,8,10,-2.55,-78,NP2,verabscheute,verabscheute,0.3,12,,"Der Soldat verabscheute die Feindin, weil er schon seit Monaten friedliebend war und die Schonung suchte.",friedliebend,0.97,12,56.25,56.25,suboptimal,nonamb
41,original,5,20,verabscheute,NP2-Causality,Hans,verabscheute,"Maria,",weil ,sie,seit Monaten,grausam war,und ,Verhandlungen,ablehnte,"Hans verabscheute Maria, weil sie seit Monaten grausam war und Verhandlungen ablehnte.",ok_prefix_keep_particle_or_punctuation,Hans,Daniela,Peter,Maria,NP2,,,detested,ExpStim,8,10,-2.55,-78,NP2,verabscheute,verabscheute,0.3,12,,"Der Soldat verabscheute die Feindin, weil sie schon seit Monaten grausam war und die Härte zeigte.",grausam,16.26,7,56.25,56.25,suboptimal,nonamb
41,both_male,6,20,verabscheute,NP2-Causality,Hans,verabscheute,"Peter,",weil ,er,seit Monaten,grausam war,und ,Verhandlungen,ablehnte,"Hans verabscheute Peter, weil er seit Monaten grausam war und Verhandlungen ablehnte.",ok_prefix_keep_particle_or_punctuation,Hans,Daniela,Peter,Maria,NP2,,,detested,ExpStim,8,10,-2.55,-78,NP2,verabscheute,verabscheute,0.3,12,,"Der Soldat verabscheute die Feindin, weil sie schon seit Monaten grausam war und die Härte zeigte.",grausam,16.26,7,56.25,56.25,suboptimal,nonamb
41,both_female,7,20,verabscheute,NP2-Causality,Daniela,verabscheute,"Maria,",weil ,sie,seit Monaten,grausam war,und ,Verhandlungen,ablehnte,"Daniela verabscheute Maria, weil sie seit Monaten grausam war und Verhandlungen ablehnte.",ok_prefix_keep_particle_or_punctuation,Hans,Daniela,Peter,Maria,NP2,,,detested,ExpStim,8,10,-2.55,-78,NP2,verabscheute,verabscheute,0.3,12,,"Der Soldat verabscheute die Feindin, weil sie schon seit Monaten grausam war und die Härte zeigte.",grausam,16.26,7,56.25,56.25,suboptimal,nonamb
41,swapped,8,20,verabscheute,NP2-Causality,Daniela,verabscheute,"Peter,",weil ,er,seit Monaten,grausam war,und ,Verhandlungen,ablehnte,"Daniela verabscheute Peter, weil er seit Monaten grausam war und Verhandlungen ablehnte.",ok_prefix_keep_particle_or_punctuation,Hans,Daniela,Peter,Maria,NP2,,,detested,ExpStim,8,10,-2.55,-78,NP2,verabscheute,verabscheute,0.3,12,,"Der Soldat verabscheute die Feindin, weil sie schon seit Monaten grausam war und die Härte zeigte.",grausam,16.26,7,56.25,56.25,suboptimal,nonamb
84,original,1,21,missbilligte,NP1-Causality,Sebastian,missbilligte,"Anna,",weil,er,seit Jahren,enttäuscht war,und,Stagnation,wahrnahm,"Sebastian missbilligte Anna, weil er seit Jahren enttäuscht war und Stagnation wahrnahm.",ok_prefix_keep_particle_or_punctuation,Sebastian,Sarah,Stefan,Anna,neutral,,,deprecated,AgEvo,10,0,-1.55,-12,neutral,missbilligte,missbilligte,0.07,12,,"Der Chef missbilligte die Mitarbeiterin, weil er schon seit Jahren enttäuscht war und die Kritik äußerte. ",enttäuscht,19.36,10,62.5,62.5,suboptimal,nonamb
84,both_male,2,21,missbilligte,NP1-Causality,Sebastian,missbilligte,"Stefan,",weil,er,seit Jahren,enttäuscht war,und,Stagnation,wahrnahm,"Sebastian missbilligte Stefan, weil er seit Jahren enttäuscht war und Stagnation wahrnahm.",ok_prefix_keep_particle_or_punctuation,Sebastian,Sarah,Stefan,Anna,neutral,,,deprecated,AgEvo,10,0,-1.55,-12,neutral,missbilligte,missbilligte,0.07,12,,"Der Chef missbilligte die Mitarbeiterin, weil er schon seit Jahren enttäuscht war und die Kritik äußerte. ",enttäuscht,19.36,10,62.5,62.5,suboptimal,nonamb
84,both_female,3,21,missbilligte,NP1-Causality,Sarah,missbilligte,"Anna,",weil,sie,seit Jahren,enttäuscht war,und,Stagnation,wahrnahm,"Sarah missbilligte Anna, weil sie seit Jahren enttäuscht war und Stagnation wahrnahm.",ok_prefix_keep_particle_or_punctuation,Sebastian,Sarah,Stefan,Anna,neutral,,,deprecated,AgEvo,10,0,-1.55,-12,neutral,missbilligte,missbilligte,0.07,12,,"Der Chef missbilligte die Mitarbeiterin, weil er schon seit Jahren enttäuscht war und die Kritik äußerte. ",enttäuscht,19.36,10,62.5,62.5,suboptimal,nonamb
84,swapped,4,21,missbilligte,NP1-Causality,Sarah,missbilligte,"Stefan,",weil,sie,seit Jahren,enttäuscht war,und,Stagnation,wahrnahm,"Sarah missbilligte Stefan, weil sie seit Jahren enttäuscht war und Stagnation wahrnahm.",ok_prefix_keep_particle_or_punctuation,Sebastian,Sarah,Stefan,Anna,neutral,,,deprecated,AgEvo,10,0,-1.55,-12,neutral,missbilligte,missbilligte,0.07,12,,"Der Chef missbilligte die Mitarbeiterin, weil er schon seit Jahren enttäuscht war und die Kritik äußerte. ",enttäuscht,19.36,10,62.5,62.5,suboptimal,nonamb
85,original,5,21,missbilligte,NP2-Causality,Sebastian,missbilligte,"Anna,",weil,sie,seit Jahren,faul war,und,Aufgaben,verweigerte,"Sebastian missbilligte Anna, weil sie seit Jahren faul war und Aufgaben verweigerte.",ok_prefix_keep_particle_or_punctuation,Sebastian,Sarah,Stefan,Anna,neutral,,,deprecated,AgEvo,10,0,-1.55,-12,neutral,missbilligte,missbilligte,0.07,12,,"Der Chef missbilligte die Mitarbeiterin, weil sie schon seit Jahren untätig war und die Aufgabe verweigerte. ",untätig,1.83,7,62.5,62.5,suboptimal,nonamb
85,both_male,6,21,missbilligte,NP2-Causality,Sebastian,missbilligte,"Stefan,",weil,er,seit Jahren,faul war,und,Aufgaben,verweigerte,"Sebastian missbilligte Stefan, weil er seit Jahren faul war und Aufgaben verweigerte.",ok_prefix_keep_particle_or_punctuation,Sebastian,Sarah,Stefan,Anna,neutral,,,deprecated,AgEvo,10,0,-1.55,-12,neutral,missbilligte,missbilligte,0.07,12,,"Der Chef missbilligte die Mitarbeiterin, weil sie schon seit Jahren untätig war und die Aufgabe verweigerte. ",untätig,1.83,7,62.5,62.5,suboptimal,nonamb
85,both_female,7,21,missbilligte,NP2-Causality,Sarah,missbilligte,"Anna,",weil,sie,seit Jahren,faul war,und,Aufgaben,verweigerte,"Sarah missbilligte Anna, weil sie seit Jahren faul war und Aufgaben verweigerte.",ok_prefix_keep_particle_or_punctuation,Sebastian,Sarah,Stefan,Anna,neutral,,,deprecated,AgEvo,10,0,-1.55,-12,neutral,missbilligte,missbilligte,0.07,12,,"Der Chef missbilligte die Mitarbeiterin, weil sie schon seit Jahren untätig war und die Aufgabe verweigerte. ",untätig,1.83,7,62.5,62.5,suboptimal,nonamb
85,swapped,8,21,missbilligte,NP2-Causality,Sarah,missbilligte,"Stefan,",weil,er,seit Jahren,faul war,und,Aufgaben,verweigerte,"Sarah missbilligte Stefan, weil er seit Jahren faul war und Aufgaben verweigerte.",ok_prefix_keep_particle_or_punctuation,Sebastian,Sarah,Stefan,Anna,neutral,,,deprecated,AgEvo,10,0,-1.55,-12,neutral,missbilligte,missbilligte,0.07,12,,"Der Chef missbilligte die Mitarbeiterin, weil sie schon seit Jahren untätig war und die Aufgabe verweigerte. ",untätig,1.83,7,62.5,62.5,suboptimal,nonamb
118,original,1,22,dominierte,NP1-Causality,Florian,dominierte,"Susanne,",weil ,er,schon seit Langem,manipulativ war,und ,Abhängigkeiten,kreierte,"Florian dominierte Susanne, weil er schon seit Langem manipulativ war und Abhängigkeiten kreierte.",ok_prefix_keep_particle_or_punctuation,Florian,Linda,Matthias,Susanne,neutral,,,dominated,AgP,9,337,-1.36,3,neutral,dominierte,dominierte,2.28,10,,"Der Assistent dominierte die Wissenschaftlerin, weil er schon seit Langem aufsässig war und die Respektlosigkeit zeigte.",aufsässig,0.46,9,56.25,56.25,suboptimal,nonamb
118,both_male,2,22,dominierte,NP1-Causality,Florian,dominierte,"Matthias,",weil ,er,schon seit Langem,manipulativ war,und ,Abhängigkeiten,kreierte,"Florian dominierte Matthias, weil er schon seit Langem manipulativ war und Abhängigkeiten kreierte.",ok_prefix_keep_particle_or_punctuation,Florian,Linda,Matthias,Susanne,neutral,,,dominated,AgP,9,337,-1.36,3,neutral,dominierte,dominierte,2.28,10,,"Der Assistent dominierte die Wissenschaftlerin, weil er schon seit Langem aufsässig war und die Respektlosigkeit zeigte.",aufsässig,0.46,9,56.25,56.25,suboptimal,nonamb
118,both_female,3,22,dominierte,NP1-Causality,Linda,dominierte,"Susanne,",weil ,sie,schon seit Langem,manipulativ war,und ,Abhängigkeiten,kreierte,"Linda dominierte Susanne, weil sie schon seit Langem manipulativ war und Abhängigkeiten kreierte.",ok_prefix_keep_particle_or_punctuation,Florian,Linda,Matthias,Susanne,neutral,,,dominated,AgP,9,337,-1.36,3,neutral,dominierte,dominierte,2.28,10,,"Der Assistent dominierte die Wissenschaftlerin, weil er schon seit Langem aufsässig war und die Respektlosigkeit zeigte.",aufsässig,0.46,9,56.25,56.25,suboptimal,nonamb
118,swapped,4,22,dominierte,NP1-Causality,Linda,dominierte,"Matthias,",weil ,sie,schon seit Langem,manipulativ war,und ,Abhängigkeiten,kreierte,"Linda dominierte Matthias, weil sie schon seit Langem manipulativ war und Abhängigkeiten kreierte.",ok_prefix_keep_particle_or_punctuation,Florian,Linda,Matthias,Susanne,neutral,,,dominated,AgP,9,337,-1.36,3,neutral,dominierte,dominierte,2.28,10,,"Der Assistent dominierte die Wissenschaftlerin, weil er schon seit Langem aufsässig war und die Respektlosigkeit zeigte.",aufsässig,0.46,9,56.25,56.25,suboptimal,nonamb
119,original,5,22,dominierte,NP2-Causality,Florian,dominierte,"Susanne,",weil ,sie,schon seit Langem,schüchtern war,und ,Führungslosigkeit,zeigte,"Florian dominierte Susanne, weil sie schon seit Langem schüchtern war und Führungslosigkeit zeigte.",ok_prefix_keep_particle_or_punctuation,Florian,Linda,Matthias,Susanne,neutral,,,dominated,AgP,9,337,-1.36,3,neutral,dominierte,dominierte,2.28,10,,"Der Assistent dominierte die Wissenschaftlerin, weil sie schon seit Langem wehrlos war und die Abhängigkeit zeigte.",wehrlos,2.62,7,56.25,56.25,suboptimal,nonamb
119,both_male,6,22,dominierte,NP2-Causality,Florian,dominierte,"Matthias,",weil ,er,schon seit Langem,schüchtern war,und ,Führungslosigkeit,zeigte,"Florian dominierte Matthias, weil er schon seit Langem schüchtern war und Führungslosigkeit zeigte.",ok_prefix_keep_particle_or_punctuation,Florian,Linda,Matthias,Susanne,neutral,,,dominated,AgP,9,337,-1.36,3,neutral,dominierte,dominierte,2.28,10,,"Der Assistent dominierte die Wissenschaftlerin, weil sie schon seit Langem wehrlos war und die Abhängigkeit zeigte.",wehrlos,2.62,7,56.25,56.25,suboptimal,nonamb
119,both_female,7,22,dominierte,NP2-Causality,Linda,dominierte,"Susanne,",weil ,sie,schon seit Langem,schüchtern war,und ,Führungslosigkeit,zeigte,"Linda dominierte Susanne, weil sie schon seit Langem schüchtern war und Führungslosigkeit zeigte.",ok_prefix_keep_particle_or_punctuation,Florian,Linda,Matthias,Susanne,neutral,,,dominated,AgP,9,337,-1.36,3,neutral,dominierte,dominierte,2.28,10,,"Der Assistent dominierte die Wissenschaftlerin, weil sie schon seit Langem wehrlos war und die Abhängigkeit zeigte.",wehrlos,2.62,7,56.25,56.25,suboptimal,nonamb
119,swapped,8,22,dominierte,NP2-Causality,Linda,dominierte,"Matthias,",weil ,er,schon seit Langem,schüchtern war,und ,Führungslosigkeit,zeigte,"Linda dominierte Matthias, weil er schon seit Langem schüchtern war und Führungslosigkeit zeigte.",ok_prefix_keep_particle_or_punctuation,Florian,Linda,Matthias,Susanne,neutral,,,dominated,AgP,9,337,-1.36,3,neutral,dominierte,dominierte,2.28,10,,"Der Assistent dominierte die Wissenschaftlerin, weil sie schon seit Langem wehrlos war und die Abhängigkeit zeigte.",wehrlos,2.62,7,56.25,56.25,suboptimal,nonamb
144,original,1,23,diffamierte,NP1-Causality,Andreas,diffamierte,"Birgit,",weil,er,am frühen Morgen,minderwertig war,und,Schwäche,empfand,"Andreas diffamierte Birgit, weil er am frühen Morgen minderwertig war und Schwäche empfand.",ok_prefix_keep_particle_or_punctuation,Andreas,Nicole,Klaus,Birgit,neutral,,,disparaged,AgEvo,10,0,-1.45,12,neutral,diffamierte,abwertete,0.02,9,,"Der Unteroffizier wertete die Oberleutnantin ab, weil er am frühen Morgen unqualifiziert war und die Schwäche offenbarte.",unqualifiziert,1.28,14,62.5,62.5,suboptimal,nonamb
144,both_male,2,23,diffamierte,NP1-Causality,Andreas,diffamierte,"Klaus,",weil,er,am frühen Morgen,minderwertig war,und,Schwäche,empfand,"Andreas diffamierte Klaus, weil er am frühen Morgen minderwertig war und Schwäche empfand.",ok_prefix_keep_particle_or_punctuation,Andreas,Nicole,Klaus,Birgit,neutral,,,disparaged,AgEvo,10,0,-1.45,12,neutral,diffamierte,abwertete,0.02,9,,"Der Unteroffizier wertete die Oberleutnantin ab, weil er am frühen Morgen unqualifiziert war und die Schwäche offenbarte.",unqualifiziert,1.28,14,62.5,62.5,suboptimal,nonamb
144,both_female,3,23,diffamierte,NP1-Causality,Nicole,diffamierte,"Birgit,",weil,sie,am frühen Morgen,minderwertig war,und,Schwäche,empfand,"Nicole diffamierte Birgit, weil sie am frühen Morgen minderwertig war und Schwäche empfand.",ok_prefix_keep_particle_or_punctuation,Andreas,Nicole,Klaus,Birgit,neutral,,,disparaged,AgEvo,10,0,-1.45,12,neutral,diffamierte,abwertete,0.02,9,,"Der Unteroffizier wertete die Oberleutnantin ab, weil er am frühen Morgen unqualifiziert war und die Schwäche offenbarte.",unqualifiziert,1.28,14,62.5,62.5,suboptimal,nonamb
144,swapped,4,23,diffamierte,NP1-Causality,Nicole,diffamierte,"Klaus,",weil,sie,am frühen Morgen,minderwertig war,und,Schwäche,empfand,"Nicole diffamierte Klaus, weil sie am frühen Morgen minderwertig war und Schwäche empfand.",ok_prefix_keep_particle_or_punctuation,Andreas,Nicole,Klaus,Birgit,neutral,,,disparaged,AgEvo,10,0,-1.45,12,neutral,diffamierte,abwertete,0.02,9,,"Der Unteroffizier wertete die Oberleutnantin ab, weil er am frühen Morgen unqualifiziert war und die Schwäche offenbarte.",unqualifiziert,1.28,14,62.5,62.5,suboptimal,nonamb
145,original,5,23,diffamierte,NP2-Causality,Andreas,diffamierte,"Birgit,",weil,sie,am frühen Morgen,überheblich war,und,Wiederrede,tadelte,"Andreas diffamierte Birgit, weil sie am frühen Morgen überheblich war und Wiederrede tadelte.",ok_prefix_keep_particle_or_punctuation,Andreas,Nicole,Klaus,Birgit,neutral,,,disparaged,AgEvo,10,0,-1.45,12,neutral,diffamierte,abwertete,0.02,9,,"Der Unteroffizier wertete die Oberleutnantin ab, weil sie am frühen Morgen aufmüpfig war und die Widerrede wagte.",aufmüpfig,0.64,9,62.5,62.5,suboptimal,nonamb
145,both_male,6,23,diffamierte,NP2-Causality,Andreas,diffamierte,"Klaus,",weil,er,am frühen Morgen,überheblich war,und,Wiederrede,tadelte,"Andreas diffamierte Klaus, weil er am frühen Morgen überheblich war und Wiederrede tadelte.",ok_prefix_keep_particle_or_punctuation,Andreas,Nicole,Klaus,Birgit,neutral,,,disparaged,AgEvo,10,0,-1.45,12,neutral,diffamierte,abwertete,0.02,9,,"Der Unteroffizier wertete die Oberleutnantin ab, weil sie am frühen Morgen aufmüpfig war und die Widerrede wagte.",aufmüpfig,0.64,9,62.5,62.5,suboptimal,nonamb
145,both_female,7,23,diffamierte,NP2-Causality,Nicole,diffamierte,"Birgit,",weil,sie,am frühen Morgen,überheblich war,und,Wiederrede,tadelte,"Nicole diffamierte Birgit, weil sie am frühen Morgen überheblich war und Wiederrede tadelte.",ok_prefix_keep_particle_or_punctuation,Andreas,Nicole,Klaus,Birgit,neutral,,,disparaged,AgEvo,10,0,-1.45,12,neutral,diffamierte,abwertete,0.02,9,,"Der Unteroffizier wertete die Oberleutnantin ab, weil sie am frühen Morgen aufmüpfig war und die Widerrede wagte.",aufmüpfig,0.64,9,62.5,62.5,suboptimal,nonamb
145,swapped,8,23,diffamierte,NP2-Causality,Nicole,diffamierte,"Klaus,",weil,er,am frühen Morgen,überheblich war,und,Wiederrede,tadelte,"Nicole diffamierte Klaus, weil er am frühen Morgen überheblich war und Wiederrede tadelte.",ok_prefix_keep_particle_or_punctuation,Andreas,Nicole,Klaus,Birgit,neutral,,,disparaged,AgEvo,10,0,-1.45,12,neutral,diffamierte,abwertete,0.02,9,,"Der Unteroffizier wertete die Oberleutnantin ab, weil sie am frühen Morgen aufmüpfig war und die Widerrede wagte.",aufmüpfig,0.64,9,62.5,62.5,suboptimal,nonamb
82,original,1,24,ermutigte,NP1-Causality,Jürgen,ermutigte,"Petra,",weil,er,in diesen Tagen,hoffnungsvoll war,und,Fortschritte,erwartete,"Jürgen ermutigte Petra, weil er in diesen Tagen hoffnungsvoll war und Fortschritte erwartete.",ok_prefix_keep_particle_or_punctuation,Jürgen,Johanna,Philipp,Petra,neutral,,,encouraged,StimExp,10,2,2.27,-12,neutral,ermutigte,ermutigte,0.93,9,,"Der Trainer ermutigte die Spielerin, weil er seit langer Zeit hoffnungsvoll war und den Fortschritt erwartete.",hoffnungsvoll,3.35,13,75,75,optimal,nonamb
82,both_male,2,24,ermutigte,NP1-Causality,Jürgen,ermutigte,"Philipp,",weil,er,in diesen Tagen,hoffnungsvoll war,und,Fortschritte,erwartete,"Jürgen ermutigte Philipp, weil er in diesen Tagen hoffnungsvoll war und Fortschritte erwartete.",ok_prefix_keep_particle_or_punctuation,Jürgen,Johanna,Philipp,Petra,neutral,,,encouraged,StimExp,10,2,2.27,-12,neutral,ermutigte,ermutigte,0.93,9,,"Der Trainer ermutigte die Spielerin, weil er seit langer Zeit hoffnungsvoll war und den Fortschritt erwartete.",hoffnungsvoll,3.35,13,75,75,optimal,nonamb
82,both_female,3,24,ermutigte,NP1-Causality,Johanna,ermutigte,"Petra,",weil,sie,in diesen Tagen,hoffnungsvoll war,und,Fortschritte,erwartete,"Johanna ermutigte Petra, weil sie in diesen Tagen hoffnungsvoll war und Fortschritte erwartete.",ok_prefix_keep_particle_or_punctuation,Jürgen,Johanna,Philipp,Petra,neutral,,,encouraged,StimExp,10,2,2.27,-12,neutral,ermutigte,ermutigte,0.93,9,,"Der Trainer ermutigte die Spielerin, weil er seit langer Zeit hoffnungsvoll war und den Fortschritt erwartete.",hoffnungsvoll,3.35,13,75,75,optimal,nonamb
82,swapped,4,24,ermutigte,NP1-Causality,Johanna,ermutigte,"Philipp,",weil,sie,in diesen Tagen,hoffnungsvoll war,und,Fortschritte,erwartete,"Johanna ermutigte Philipp, weil sie in diesen Tagen hoffnungsvoll war und Fortschritte erwartete.",ok_prefix_keep_particle_or_punctuation,Jürgen,Johanna,Philipp,Petra,neutral,,,encouraged,StimExp,10,2,2.27,-12,neutral,ermutigte,ermutigte,0.93,9,,"Der Trainer ermutigte die Spielerin, weil er seit langer Zeit hoffnungsvoll war und den Fortschritt erwartete.",hoffnungsvoll,3.35,13,75,75,optimal,nonamb
83,original,5,24,ermutigte,NP2-Causality,Jürgen,ermutigte,"Petra,",weil,sie,in diesen Tagen,unglücklich war,und,Pech,hatte,"Jürgen ermutigte Petra, weil sie in diesen Tagen unglücklich war und Pech hatte.",ok_prefix_keep_particle_or_punctuation,Jürgen,Johanna,Philipp,Petra,neutral,,,encouraged,StimExp,10,2,2.27,-12,neutral,ermutigte,ermutigte,0.93,9,,"Der Trainer ermutigte die Spielerin, weil sie seit langer Zeit deprimiert war und die Unterstützung suchte.",deprimiert,1.23,10,75,75,optimal,nonamb
83,both_male,6,24,ermutigte,NP2-Causality,Jürgen,ermutigte,"Philipp,",weil,er,in diesen Tagen,unglücklich war,und,Pech,hatte,"Jürgen ermutigte Philipp, weil er in diesen Tagen unglücklich war und Pech hatte.",ok_prefix_keep_particle_or_punctuation,Jürgen,Johanna,Philipp,Petra,neutral,,,encouraged,StimExp,10,2,2.27,-12,neutral,ermutigte,ermutigte,0.93,9,,"Der Trainer ermutigte die Spielerin, weil sie seit langer Zeit deprimiert war und die Unterstützung suchte.",deprimiert,1.23,10,75,75,optimal,nonamb
83,both_female,7,24,ermutigte,NP2-Causality,Johanna,ermutigte,"Petra,",weil,sie,in diesen Tagen,unglücklich war,und,Pech,hatte,"Johanna ermutigte Petra, weil sie in diesen Tagen unglücklich war und Pech hatte.",ok_prefix_keep_particle_or_punctuation,Jürgen,Johanna,Philipp,Petra,neutral,,,encouraged,StimExp,10,2,2.27,-12,neutral,ermutigte,ermutigte,0.93,9,,"Der Trainer ermutigte die Spielerin, weil sie seit langer Zeit deprimiert war und die Unterstützung suchte.",deprimiert,1.23,10,75,75,optimal,nonamb
83,swapped,8,24,ermutigte,NP2-Causality,Johanna,ermutigte,"Philipp,",weil,er,in diesen Tagen,unglücklich war,und,Pech,hatte,"Johanna ermutigte Philipp, weil er in diesen Tagen unglücklich war und Pech hatte.",ok_prefix_keep_particle_or_punctuation,Jürgen,Johanna,Philipp,Petra,neutral,,,encouraged,StimExp,10,2,2.27,-12,neutral,ermutigte,ermutigte,0.93,9,,"Der Trainer ermutigte die Spielerin, weil sie seit langer Zeit deprimiert war und die Unterstützung suchte.",deprimiert,1.23,10,75,75,optimal,nonamb
170,original,1,25,enttäuschte,NP1-Causality,Peter,enttäuschte,"Daniela,",weil ,er,an dem Vormittag,unzuverlässig war,und ,das Versprechen,vergaß,"Peter enttäuschte Daniela, weil er an dem Vormittag unzuverlässig war und das Versprechen vergaß.",ok_prefix_keep_particle_or_punctuation,Peter,Claudia,Stefan,Daniela,NP1,,,disappointed,StimExp,12,3,-2,73,NP1,enttäuschte,war enttäuscht,0.18,13,,"Der Junge enttäuschte die Freundin, weil er am frühen Vormittag unzuverlässig war und die Aufgabe vergaß.",unzuverlässig,1.72,13,75,75,optimal,nonamb
170,both_male,2,25,enttäuschte,NP1-Causality,Peter,enttäuschte,"Stefan,",weil ,er,an dem Vormittag,unzuverlässig war,und ,das Versprechen,vergaß,"Peter enttäuschte Stefan, weil er an dem Vormittag unzuverlässig war und das Versprechen vergaß.",ok_prefix_keep_particle_or_punctuation,Peter,Claudia,Stefan,Daniela,NP1,,,disappointed,StimExp,12,3,-2,73,NP1,enttäuschte,war enttäuscht,0.18,13,,"Der Junge enttäuschte die Freundin, weil er am frühen Vormittag unzuverlässig war und die Aufgabe vergaß.",unzuverlässig,1.72,13,75,75,optimal,nonamb
170,both_female,3,25,enttäuschte,NP1-Causality,Claudia,enttäuschte,"Daniela,",weil ,sie,an dem Vormittag,unzuverlässig war,und ,das Versprechen,vergaß,"Claudia enttäuschte Daniela, weil sie an dem Vormittag unzuverlässig war und das Versprechen vergaß.",ok_prefix_keep_particle_or_punctuation,Peter,Claudia,Stefan,Daniela,NP1,,,disappointed,StimExp,12,3,-2,73,NP1,enttäuschte,war enttäuscht,0.18,13,,"Der Junge enttäuschte die Freundin, weil er am frühen Vormittag unzuverlässig war und die Aufgabe vergaß.",unzuverlässig,1.72,13,75,75,optimal,nonamb
170,swapped,4,25,enttäuschte,NP1-Causality,Claudia,enttäuschte,"Stefan,",weil ,sie,an dem Vormittag,unzuverlässig war,und ,das Versprechen,vergaß,"Claudia enttäuschte Stefan, weil sie an dem Vormittag unzuverlässig war und das Versprechen vergaß.",ok_prefix_keep_particle_or_punctuation,Peter,Claudia,Stefan,Daniela,NP1,,,disappointed,StimExp,12,3,-2,73,NP1,enttäuschte,war enttäuscht,0.18,13,,"Der Junge enttäuschte die Freundin, weil er am frühen Vormittag unzuverlässig war und die Aufgabe vergaß.",unzuverlässig,1.72,13,75,75,optimal,nonamb
171,original,5,25,enttäuschte,NP2-Causality,Peter,enttäuschte,"Daniela,",weil ,sie,an dem Vormittag,zu anspruchsvoll war,und ,die Erwartungen,unerfüllbar,"Peter enttäuschte Daniela, weil sie an dem Vormittag zu anspruchsvoll war und die Erwartungen unerfüllbar.",ok_prefix_keep_particle_or_punctuation,Peter,Claudia,Stefan,Daniela,NP1,,,disappointed,StimExp,12,3,-2,73,NP1,enttäuschte,war enttäuscht,0.18,13,,"Der Junge enttäuschte die Freundin, weil sie am frühen Vormittag erwartungsvoll war und die Zusage erhoffte.",erwartungsvoll,1.28,14,75,75,optimal,nonamb
171,both_male,6,25,enttäuschte,NP2-Causality,Peter,enttäuschte,"Stefan,",weil ,er,an dem Vormittag,zu anspruchsvoll war,und ,die Erwartungen,unerfüllbar,"Peter enttäuschte Stefan, weil er an dem Vormittag zu anspruchsvoll war und die Erwartungen unerfüllbar.",ok_prefix_keep_particle_or_punctuation,Peter,Claudia,Stefan,Daniela,NP1,,,disappointed,StimExp,12,3,-2,73,NP1,enttäuschte,war enttäuscht,0.18,13,,"Der Junge enttäuschte die Freundin, weil sie am frühen Vormittag erwartungsvoll war und die Zusage erhoffte.",erwartungsvoll,1.28,14,75,75,optimal,nonamb
171,both_female,7,25,enttäuschte,NP2-Causality,Claudia,enttäuschte,"Daniela,",weil ,sie,an dem Vormittag,zu anspruchsvoll war,und ,die Erwartungen,unerfüllbar,"Claudia enttäuschte Daniela, weil sie an dem Vormittag zu anspruchsvoll war und die Erwartungen unerfüllbar.",ok_prefix_keep_particle_or_punctuation,Peter,Claudia,Stefan,Daniela,NP1,,,disappointed,StimExp,12,3,-2,73,NP1,enttäuschte,war enttäuscht,0.18,13,,"Der Junge enttäuschte die Freundin, weil sie am frühen Vormittag erwartungsvoll war und die Zusage erhoffte.",erwartungsvoll,1.28,14,75,75,optimal,nonamb
171,swapped,8,25,enttäuschte,NP2-Causality,Claudia,enttäuschte,"Stefan,",weil ,er,an dem Vormittag,zu anspruchsvoll war,und ,die Erwartungen,unerfüllbar,"Claudia enttäuschte Stefan, weil er an dem Vormittag zu anspruchsvoll war und die Erwartungen unerfüllbar.",ok_prefix_keep_particle_or_punctuation,Peter,Claudia,Stefan,Daniela,NP1,,,disappointed,StimExp,12,3,-2,73,NP1,enttäuschte,war enttäuscht,0.18,13,,"Der Junge enttäuschte die Freundin, weil sie am frühen Vormittag erwartungsvoll war und die Zusage erhoffte.",erwartungsvoll,1.28,14,75,75,optimal,nonamb
154,original,1,26,erzürnte,NP1-Causality,Klaus,erzürnte,"Renate,",weil,er,an dem Tag,respektlos war,und,Probleme,ignorierte,"Klaus erzürnte Renate, weil er an dem Tag respektlos war und Probleme ignorierte.",ok_prefix_keep_particle_or_punctuation,Klaus,Sabine,Hans,Renate,NP1,,,enraged,StimExp,7,25,-2.36,70,NP1,erzürnte,erzürnte,0.21,8,,"Der Studienrat erzürnte die Schülerin, weil er seit vielen Monaten veräppelt war und die Geduld verlor.",veräppelt,0.13,9,68.75,68.75,optimal,nonamb
154,both_male,2,26,erzürnte,NP1-Causality,Klaus,erzürnte,"Hans,",weil,er,an dem Tag,respektlos war,und,Probleme,ignorierte,"Klaus erzürnte Hans, weil er an dem Tag respektlos war und Probleme ignorierte.",ok_prefix_keep_particle_or_punctuation,Klaus,Sabine,Hans,Renate,NP1,,,enraged,StimExp,7,25,-2.36,70,NP1,erzürnte,erzürnte,0.21,8,,"Der Studienrat erzürnte die Schülerin, weil er seit vielen Monaten veräppelt war und die Geduld verlor.",veräppelt,0.13,9,68.75,68.75,optimal,nonamb
154,both_female,3,26,erzürnte,NP1-Causality,Sabine,erzürnte,"Renate,",weil,sie,an dem Tag,respektlos war,und,Probleme,ignorierte,"Sabine erzürnte Renate, weil sie an dem Tag respektlos war und Probleme ignorierte.",ok_prefix_keep_particle_or_punctuation,Klaus,Sabine,Hans,Renate,NP1,,,enraged,StimExp,7,25,-2.36,70,NP1,erzürnte,erzürnte,0.21,8,,"Der Studienrat erzürnte die Schülerin, weil er seit vielen Monaten veräppelt war und die Geduld verlor.",veräppelt,0.13,9,68.75,68.75,optimal,nonamb
154,swapped,4,26,erzürnte,NP1-Causality,Sabine,erzürnte,"Hans,",weil,sie,an dem Tag,respektlos war,und,Probleme,ignorierte,"Sabine erzürnte Hans, weil sie an dem Tag respektlos war und Probleme ignorierte.",ok_prefix_keep_particle_or_punctuation,Klaus,Sabine,Hans,Renate,NP1,,,enraged,StimExp,7,25,-2.36,70,NP1,erzürnte,erzürnte,0.21,8,,"Der Studienrat erzürnte die Schülerin, weil er seit vielen Monaten veräppelt war und die Geduld verlor.",veräppelt,0.13,9,68.75,68.75,optimal,nonamb
155,original,5,26,erzürnte,NP2-Causality,Klaus,erzürnte,"Renate,",weil,sie,an dem Tag,verletzlich war,und,Kränkung,verspührte,"Klaus erzürnte Renate, weil sie an dem Tag verletzlich war und Kränkung verspührte.",ok_prefix_keep_particle_or_punctuation,Klaus,Sabine,Hans,Renate,NP1,,,enraged,StimExp,7,25,-2.36,70,NP1,erzürnte,erzürnte,0.21,8,,"Der Studienrat erzürnte die Schülerin, weil sie seit vielen Monaten bestimmend war und die Kontrolle behielt. ",bestimmend,6.87,10,68.75,68.75,optimal,nonamb
155,both_male,6,26,erzürnte,NP2-Causality,Klaus,erzürnte,"Hans,",weil,er,an dem Tag,verletzlich war,und,Kränkung,verspührte,"Klaus erzürnte Hans, weil er an dem Tag verletzlich war und Kränkung verspührte.",ok_prefix_keep_particle_or_punctuation,Klaus,Sabine,Hans,Renate,NP1,,,enraged,StimExp,7,25,-2.36,70,NP1,erzürnte,erzürnte,0.21,8,,"Der Studienrat erzürnte die Schülerin, weil sie seit vielen Monaten bestimmend war und die Kontrolle behielt. ",bestimmend,6.87,10,68.75,68.75,optimal,nonamb
155,both_female,7,26,erzürnte,NP2-Causality,Sabine,erzürnte,"Renate,",weil,sie,an dem Tag,verletzlich war,und,Kränkung,verspührte,"Sabine erzürnte Renate, weil sie an dem Tag verletzlich war und Kränkung verspührte.",ok_prefix_keep_particle_or_punctuation,Klaus,Sabine,Hans,Renate,NP1,,,enraged,StimExp,7,25,-2.36,70,NP1,erzürnte,erzürnte,0.21,8,,"Der Studienrat erzürnte die Schülerin, weil sie seit vielen Monaten bestimmend war und die Kontrolle behielt. ",bestimmend,6.87,10,68.75,68.75,optimal,nonamb
155,swapped,8,26,erzürnte,NP2-Causality,Sabine,erzürnte,"Hans,",weil,er,an dem Tag,verletzlich war,und,Kränkung,verspührte,"Sabine erzürnte Hans, weil er an dem Tag verletzlich war und Kränkung verspührte.",ok_prefix_keep_particle_or_punctuation,Klaus,Sabine,Hans,Renate,NP1,,,enraged,StimExp,7,25,-2.36,70,NP1,erzürnte,erzürnte,0.21,8,,"Der Studienrat erzürnte die Schülerin, weil sie seit vielen Monaten bestimmend war und die Kontrolle behielt. ",bestimmend,6.87,10,68.75,68.75,optimal,nonamb
164,original,1,27,erwiederte,NP1-Causality,Andreas,erwiderte ,"Sarah,",weil ,er,in der Nacht,geschmeichelt war,und,Höflichkeit,zeigte,"Andreas erwiderte Sarah, weil er in der Nacht geschmeichelt war und Höflichkeit zeigte.",ok_prefix_keep_particle_or_punctuation,Andreas,Lisa,Jürgen,Sarah,NP1,,,echoed,AgP,6,33,0.36,72,NP1,erwiederte,erwiderte,5.39,9,,"Der Schöne erwiderte die Verehrerin, weil er in der Nacht höflich war und die Antwort gab. ",höflich,5.82,7,50,50,suboptimal,nonamb
164,both_male,2,27,erwiederte,NP1-Causality,Andreas,erwiderte ,"Jürgen,",weil ,er,in der Nacht,geschmeichelt war,und,Höflichkeit,zeigte,"Andreas erwiderte Jürgen, weil er in der Nacht geschmeichelt war und Höflichkeit zeigte.",ok_prefix_keep_particle_or_punctuation,Andreas,Lisa,Jürgen,Sarah,NP1,,,echoed,AgP,6,33,0.36,72,NP1,erwiederte,erwiderte,5.39,9,,"Der Schöne erwiderte die Verehrerin, weil er in der Nacht höflich war und die Antwort gab. ",höflich,5.82,7,50,50,suboptimal,nonamb
164,both_female,3,27,erwiederte,NP1-Causality,Lisa,erwiderte ,"Sarah,",weil ,sie,in der Nacht,geschmeichelt war,und,Höflichkeit,zeigte,"Lisa erwiderte Sarah, weil sie in der Nacht geschmeichelt war und Höflichkeit zeigte.",ok_prefix_keep_particle_or_punctuation,Andreas,Lisa,Jürgen,Sarah,NP1,,,echoed,AgP,6,33,0.36,72,NP1,erwiederte,erwiderte,5.39,9,,"Der Schöne erwiderte die Verehrerin, weil er in der Nacht höflich war und die Antwort gab. ",höflich,5.82,7,50,50,suboptimal,nonamb
164,swapped,4,27,erwiederte,NP1-Causality,Lisa,erwiderte ,"Jürgen,",weil ,sie,in der Nacht,geschmeichelt war,und,Höflichkeit,zeigte,"Lisa erwiderte Jürgen, weil sie in der Nacht geschmeichelt war und Höflichkeit zeigte.",ok_prefix_keep_particle_or_punctuation,Andreas,Lisa,Jürgen,Sarah,NP1,,,echoed,AgP,6,33,0.36,72,NP1,erwiederte,erwiderte,5.39,9,,"Der Schöne erwiderte die Verehrerin, weil er in der Nacht höflich war und die Antwort gab. ",höflich,5.82,7,50,50,suboptimal,nonamb
165,original,5,27,erwiederte,NP2-Causality,Andreas,erwiderte ,"Sarah,",weil ,sie,in der Nacht,bezaubernd war,und,Betörung,ausstrahlte,"Andreas erwiderte Sarah, weil sie in der Nacht bezaubernd war und Betörung ausstrahlte.",ok_prefix_keep_particle_or_punctuation,Andreas,Lisa,Jürgen,Sarah,NP1,,,echoed,AgP,6,33,0.36,72,NP1,erwiederte,erwiderte,5.39,9,,"Der Schöne erwiderte die Verehrerin, weil sie in der Nacht unerwartet war und die Überraschung brachte. ",unerwartet,12.76,10,50,50,suboptimal,nonamb
165,both_male,6,27,erwiederte,NP2-Causality,Andreas,erwiderte ,"Jürgen,",weil ,er,in der Nacht,bezaubernd war,und,Betörung,ausstrahlte,"Andreas erwiderte Jürgen, weil er in der Nacht bezaubernd war und Betörung ausstrahlte.",ok_prefix_keep_particle_or_punctuation,Andreas,Lisa,Jürgen,Sarah,NP1,,,echoed,AgP,6,33,0.36,72,NP1,erwiederte,erwiderte,5.39,9,,"Der Schöne erwiderte die Verehrerin, weil sie in der Nacht unerwartet war und die Überraschung brachte. ",unerwartet,12.76,10,50,50,suboptimal,nonamb
165,both_female,7,27,erwiederte,NP2-Causality,Lisa,erwiderte ,"Sarah,",weil ,sie,in der Nacht,bezaubernd war,und,Betörung,ausstrahlte,"Lisa erwiderte Sarah, weil sie in der Nacht bezaubernd war und Betörung ausstrahlte.",ok_prefix_keep_particle_or_punctuation,Andreas,Lisa,Jürgen,Sarah,NP1,,,echoed,AgP,6,33,0.36,72,NP1,erwiederte,erwiderte,5.39,9,,"Der Schöne erwiderte die Verehrerin, weil sie in der Nacht unerwartet war und die Überraschung brachte. ",unerwartet,12.76,10,50,50,suboptimal,nonamb
165,swapped,8,27,erwiederte,NP2-Causality,Lisa,erwiderte ,"Jürgen,",weil ,er,in der Nacht,bezaubernd war,und,Betörung,ausstrahlte,"Lisa erwiderte Jürgen, weil er in der Nacht bezaubernd war und Betörung ausstrahlte.",ok_prefix_keep_particle_or_punctuation,Andreas,Lisa,Jürgen,Sarah,NP1,,,echoed,AgP,6,33,0.36,72,NP1,erwiederte,erwiderte,5.39,9,,"Der Schöne erwiderte die Verehrerin, weil sie in der Nacht unerwartet war und die Überraschung brachte. ",unerwartet,12.76,10,50,50,suboptimal,nonamb
156,original,1,28,lockte,NP1-Causality,Martin,lockte,"Linda,",weil,er,an dem Morgen,verantwortlich war,und ,Integration,anstrebte,"Martin lockte Linda, weil er an dem Morgen verantwortlich war und Integration anstrebte.",ok_prefix_keep_particle_or_punctuation,Martin,Martina,Karl,Linda,NP1,,,enticed,StimExp,7,3,1,70,NP1,lockte,lockte,1.59,6,,"Der Erzieher lockte die Jugendliche, weil er am frühen Morgen verantwortlich war und die Gruppe leitete.",verantwortlich,77.38,14,87.5,87.5,optimal,nonamb
156,both_male,2,28,lockte,NP1-Causality,Martin,lockte,"Karl,",weil,er,an dem Morgen,verantwortlich war,und ,Integration,anstrebte,"Martin lockte Karl, weil er an dem Morgen verantwortlich war und Integration anstrebte.",ok_prefix_keep_particle_or_punctuation,Martin,Martina,Karl,Linda,NP1,,,enticed,StimExp,7,3,1,70,NP1,lockte,lockte,1.59,6,,"Der Erzieher lockte die Jugendliche, weil er am frühen Morgen verantwortlich war und die Gruppe leitete.",verantwortlich,77.38,14,87.5,87.5,optimal,nonamb
156,both_female,3,28,lockte,NP1-Causality,Martina,lockte,"Linda,",weil,sie,an dem Morgen,verantwortlich war,und ,Integration,anstrebte,"Martina lockte Linda, weil sie an dem Morgen verantwortlich war und Integration anstrebte.",ok_prefix_keep_particle_or_punctuation,Martin,Martina,Karl,Linda,NP1,,,enticed,StimExp,7,3,1,70,NP1,lockte,lockte,1.59,6,,"Der Erzieher lockte die Jugendliche, weil er am frühen Morgen verantwortlich war und die Gruppe leitete.",verantwortlich,77.38,14,87.5,87.5,optimal,nonamb
156,swapped,4,28,lockte,NP1-Causality,Martina,lockte,"Karl,",weil,sie,an dem Morgen,verantwortlich war,und ,Integration,anstrebte,"Martina lockte Karl, weil sie an dem Morgen verantwortlich war und Integration anstrebte.",ok_prefix_keep_particle_or_punctuation,Martin,Martina,Karl,Linda,NP1,,,enticed,StimExp,7,3,1,70,NP1,lockte,lockte,1.59,6,,"Der Erzieher lockte die Jugendliche, weil er am frühen Morgen verantwortlich war und die Gruppe leitete.",verantwortlich,77.38,14,87.5,87.5,optimal,nonamb
157,original,5,28,lockte,NP2-Causality,Martin,lockte,"Linda,",weil,sie,an dem Morgen,lustlos war,und ,Kraft,fehlte,"Martin lockte Linda, weil sie an dem Morgen lustlos war und Kraft fehlte.",ok_prefix_keep_particle_or_punctuation,Martin,Martina,Karl,Linda,NP1,,,enticed,StimExp,7,3,1,70,NP1,lockte,lockte,1.59,6,,"Der Erzieher lockte die Jugendliche, weil sie am frühen Morgen unselbständig war und die Orientierung suchte.",unselbständig,2.71,13,87.5,87.5,optimal,nonamb
157,both_male,6,28,lockte,NP2-Causality,Martin,lockte,"Karl,",weil,er,an dem Morgen,lustlos war,und ,Kraft,fehlte,"Martin lockte Karl, weil er an dem Morgen lustlos war und Kraft fehlte.",ok_prefix_keep_particle_or_punctuation,Martin,Martina,Karl,Linda,NP1,,,enticed,StimExp,7,3,1,70,NP1,lockte,lockte,1.59,6,,"Der Erzieher lockte die Jugendliche, weil sie am frühen Morgen unselbständig war und die Orientierung suchte.",unselbständig,2.71,13,87.5,87.5,optimal,nonamb
157,both_female,7,28,lockte,NP2-Causality,Martina,lockte,"Linda,",weil,sie,an dem Morgen,lustlos war,und ,Kraft,fehlte,"Martina lockte Linda, weil sie an dem Morgen lustlos war und Kraft fehlte.",ok_prefix_keep_particle_or_punctuation,Martin,Martina,Karl,Linda,NP1,,,enticed,StimExp,7,3,1,70,NP1,lockte,lockte,1.59,6,,"Der Erzieher lockte die Jugendliche, weil sie am frühen Morgen unselbständig war und die Orientierung suchte.",unselbständig,2.71,13,87.5,87.5,optimal,nonamb
157,swapped,8,28,lockte,NP2-Causality,Martina,lockte,"Karl,",weil,er,an dem Morgen,lustlos war,und ,Kraft,fehlte,"Martina lockte Karl, weil er an dem Morgen lustlos war und Kraft fehlte.",ok_prefix_keep_particle_or_punctuation,Martin,Martina,Karl,Linda,NP1,,,enticed,StimExp,7,3,1,70,NP1,lockte,lockte,1.59,6,,"Der Erzieher lockte die Jugendliche, weil sie am frühen Morgen unselbständig war und die Orientierung suchte.",unselbständig,2.71,13,87.5,87.5,optimal,nonamb
2,original,1,29,beneidete,NP1-Causality,Florian,beneidete,"Barbara,",weil,er,am späten Abend,erschöpft war,und,den Wettkapf,verlor,"Florian beneidete Barbara, weil er am späten Abend erschöpft war und den Wettkapf verlor.",ok_prefix_keep_particle_or_punctuation,Florian,Laura,Johannes,Barbara,NP2,,,envied,ExpStim,6,245,-1.82,-94,NP2,beneidete,beneidete,0.23,9,,"Der Leistungssportler beneidete die Freizeitsportlerin, weil er am späten Abend erfolglos war und die Enttäuschung spürte.",erfolglos,13.04,9,87.5,87.5,optimal,nonamb
2,both_male,2,29,beneidete,NP1-Causality,Florian,beneidete,"Johannes,",weil,er,am späten Abend,erschöpft war,und,den Wettkapf,verlor,"Florian beneidete Johannes, weil er am späten Abend erschöpft war und den Wettkapf verlor.",ok_prefix_keep_particle_or_punctuation,Florian,Laura,Johannes,Barbara,NP2,,,envied,ExpStim,6,245,-1.82,-94,NP2,beneidete,beneidete,0.23,9,,"Der Leistungssportler beneidete die Freizeitsportlerin, weil er am späten Abend erfolglos war und die Enttäuschung spürte.",erfolglos,13.04,9,87.5,87.5,optimal,nonamb
2,both_female,3,29,beneidete,NP1-Causality,Laura,beneidete,"Barbara,",weil,sie,am späten Abend,erschöpft war,und,den Wettkapf,verlor,"Laura beneidete Barbara, weil sie am späten Abend erschöpft war und den Wettkapf verlor.",ok_prefix_keep_particle_or_punctuation,Florian,Laura,Johannes,Barbara,NP2,,,envied,ExpStim,6,245,-1.82,-94,NP2,beneidete,beneidete,0.23,9,,"Der Leistungssportler beneidete die Freizeitsportlerin, weil er am späten Abend erfolglos war und die Enttäuschung spürte.",erfolglos,13.04,9,87.5,87.5,optimal,nonamb
2,swapped,4,29,beneidete,NP1-Causality,Laura,beneidete,"Johannes,",weil,sie,am späten Abend,erschöpft war,und,den Wettkapf,verlor,"Laura beneidete Johannes, weil sie am späten Abend erschöpft war und den Wettkapf verlor.",ok_prefix_keep_particle_or_punctuation,Florian,Laura,Johannes,Barbara,NP2,,,envied,ExpStim,6,245,-1.82,-94,NP2,beneidete,beneidete,0.23,9,,"Der Leistungssportler beneidete die Freizeitsportlerin, weil er am späten Abend erfolglos war und die Enttäuschung spürte.",erfolglos,13.04,9,87.5,87.5,optimal,nonamb
3,original,5,29,beneidete,NP2-Causality,Florian,beneidete,"Barbara,",weil,sie,am späten Abend,erfolgreich war,und ,Lob,erhielt,"Florian beneidete Barbara, weil sie am späten Abend erfolgreich war und Lob erhielt.",ok_prefix_keep_particle_or_punctuation,Florian,Laura,Johannes,Barbara,NP2,,,envied,ExpStim,6,245,-1.82,-94,NP2,beneidete,beneidete,0.23,9,,"Der Leistungssportler beneidete die Freizeitsportlerin, weil sie am späten Abend siegreich war und das Lob erhielt.",siegreich,4.15,9,87.5,87.5,optimal,nonamb
3,both_male,6,29,beneidete,NP2-Causality,Florian,beneidete,"Johannes,",weil,er,am späten Abend,erfolgreich war,und ,Lob,erhielt,"Florian beneidete Johannes, weil er am späten Abend erfolgreich war und Lob erhielt.",ok_prefix_keep_particle_or_punctuation,Florian,Laura,Johannes,Barbara,NP2,,,envied,ExpStim,6,245,-1.82,-94,NP2,beneidete,beneidete,0.23,9,,"Der Leistungssportler beneidete die Freizeitsportlerin, weil sie am späten Abend siegreich war und das Lob erhielt.",siegreich,4.15,9,87.5,87.5,optimal,nonamb
3,both_female,7,29,beneidete,NP2-Causality,Laura,beneidete,"Barbara,",weil,sie,am späten Abend,erfolgreich war,und ,Lob,erhielt,"Laura beneidete Barbara, weil sie am späten Abend erfolgreich war und Lob erhielt.",ok_prefix_keep_particle_or_punctuation,Florian,Laura,Johannes,Barbara,NP2,,,envied,ExpStim,6,245,-1.82,-94,NP2,beneidete,beneidete,0.23,9,,"Der Leistungssportler beneidete die Freizeitsportlerin, weil sie am späten Abend siegreich war und das Lob erhielt.",siegreich,4.15,9,87.5,87.5,optimal,nonamb
3,swapped,8,29,beneidete,NP2-Causality,Laura,beneidete,"Johannes,",weil,er,am späten Abend,erfolgreich war,und ,Lob,erhielt,"Laura beneidete Johannes, weil er am späten Abend erfolgreich war und Lob erhielt.",ok_prefix_keep_particle_or_punctuation,Florian,Laura,Johannes,Barbara,NP2,,,envied,ExpStim,6,245,-1.82,-94,NP2,beneidete,beneidete,0.23,9,,"Der Leistungssportler beneidete die Freizeitsportlerin, weil sie am späten Abend siegreich war und das Lob erhielt.",siegreich,4.15,9,87.5,87.5,optimal,nonamb
20,original,1,30,bevorzugte,NP1-Causality,Paul,bevorzugte,"Lena,",weil ,er,immer wieder,parteiisch war,und ,Vorteile,einräumte,"Paul bevorzugte Lena, weil er immer wieder parteiisch war und Vorteile einräumte.",ok_prefix_keep_particle_or_punctuation,Paul,Johanna,Sebastian,Lena,NP2,,,favoured,ExpStim,8,995,1.27,-89,NP2,bevorzugte,bevorzugte,3.6,10,,"Der Trainer bevorzugte die Spielerin, weil er von Anfang an verliebt war und das Verlangen zeigte.",verliebt,11.94,8,93.75,93.75,optimal,nonamb
20,both_male,2,30,bevorzugte,NP1-Causality,Paul,bevorzugte,"Sebastian,",weil ,er,immer wieder,parteiisch war,und ,Vorteile,einräumte,"Paul bevorzugte Sebastian, weil er immer wieder parteiisch war und Vorteile einräumte.",ok_prefix_keep_particle_or_punctuation,Paul,Johanna,Sebastian,Lena,NP2,,,favoured,ExpStim,8,995,1.27,-89,NP2,bevorzugte,bevorzugte,3.6,10,,"Der Trainer bevorzugte die Spielerin, weil er von Anfang an verliebt war und das Verlangen zeigte.",verliebt,11.94,8,93.75,93.75,optimal,nonamb
20,both_female,3,30,bevorzugte,NP1-Causality,Johanna,bevorzugte,"Lena,",weil ,sie,immer wieder,parteiisch war,und ,Vorteile,einräumte,"Johanna bevorzugte Lena, weil sie immer wieder parteiisch war und Vorteile einräumte.",ok_prefix_keep_particle_or_punctuation,Paul,Johanna,Sebastian,Lena,NP2,,,favoured,ExpStim,8,995,1.27,-89,NP2,bevorzugte,bevorzugte,3.6,10,,"Der Trainer bevorzugte die Spielerin, weil er von Anfang an verliebt war und das Verlangen zeigte.",verliebt,11.94,8,93.75,93.75,optimal,nonamb
20,swapped,4,30,bevorzugte,NP1-Causality,Johanna,bevorzugte,"Sebastian,",weil ,sie,immer wieder,parteiisch war,und ,Vorteile,einräumte,"Johanna bevorzugte Sebastian, weil sie immer wieder parteiisch war und Vorteile einräumte.",ok_prefix_keep_particle_or_punctuation,Paul,Johanna,Sebastian,Lena,NP2,,,favoured,ExpStim,8,995,1.27,-89,NP2,bevorzugte,bevorzugte,3.6,10,,"Der Trainer bevorzugte die Spielerin, weil er von Anfang an verliebt war und das Verlangen zeigte.",verliebt,11.94,8,93.75,93.75,optimal,nonamb
21,original,5,30,bevorzugte,NP2-Causality,Paul,bevorzugte,"Lena,",weil ,sie,immer wieder,siegreich war,und,Erfolg,einfuhr,"Paul bevorzugte Lena, weil sie immer wieder siegreich war und Erfolge einfuhr.",ok_prefix_keep_particle_or_punctuation,Paul,Johanna,Sebastian,Lena,NP2,,,favoured,ExpStim,8,995,1.27,-89,NP2,bevorzugte,bevorzugte,3.6,10,,"Der Trainer bevorzugte die Spielerin, weil sie von Anfang an gewinnbringend war und den Erfolg einbrachte.",gewinnbringend,2.45,14,93.75,93.75,optimal,nonamb
21,both_male,6,30,bevorzugte,NP2-Causality,Paul,bevorzugte,"Sebastian,",weil ,er,immer wieder,siegreich war,und,Erfolg,einfuhr,"Paul bevorzugte Sebastian, weil er immer wieder siegreich war und Erfolge einfuhr.",ok_prefix_keep_particle_or_punctuation,Paul,Johanna,Sebastian,Lena,NP2,,,favoured,ExpStim,8,995,1.27,-89,NP2,bevorzugte,bevorzugte,3.6,10,,"Der Trainer bevorzugte die Spielerin, weil sie von Anfang an gewinnbringend war und den Erfolg einbrachte.",gewinnbringend,2.45,14,93.75,93.75,optimal,nonamb
21,both_female,7,30,bevorzugte,NP2-Causality,Johanna,bevorzugte,"Lena,",weil ,sie,immer wieder,siegreich war,und,Erfolg,einfuhr,"Johanna bevorzugte Lena, weil sie immer wieder siegreich war und Erfolge einfuhr.",ok_prefix_keep_particle_or_punctuation,Paul,Johanna,Sebastian,Lena,NP2,,,favoured,ExpStim,8,995,1.27,-89,NP2,bevorzugte,bevorzugte,3.6,10,,"Der Trainer bevorzugte die Spielerin, weil sie von Anfang an gewinnbringend war und den Erfolg einbrachte.",gewinnbringend,2.45,14,93.75,93.75,optimal,nonamb
21,swapped,8,30,bevorzugte,NP2-Causality,Johanna,bevorzugte,"Sebastian,",weil ,er,immer wieder,siegreich war,und,Erfolg,einfuhr,"Johanna bevorzugte Sebastian, weil er immer wieder siegreich war und Erfolge einfuhr.",ok_prefix_keep_particle_or_punctuation,Paul,Johanna,Sebastian,Lena,NP2,,,favoured,ExpStim,8,995,1.27,-89,NP2,bevorzugte,bevorzugte,3.6,10,,"Der Trainer bevorzugte die Spielerin, weil sie von Anfang an gewinnbringend war und den Erfolg einbrachte.",gewinnbringend,2.45,14,93.75,93.75,optimal,nonamb
6,original,1,31,vergötterte,NP1-Causality,Michael,vergötterte,"Maria,",weil,er,seit Langem,alleine war,und,eine Parternschaft,suchte,"Michael vergötterte Maria, weil er seit Langem alleine war und eine Parternschaft suchte.",ok_prefix_keep_particle_or_punctuation,Michael,Eva,Tobias,Maria,NP2,,,fancied,ExpStim,7,86,0.91,-94,NP2,vergötterte,einbildete,0.09,10,,"Der Mann bildete sich die Rivalin ein, weil sie schon seit Langem gefährlich war und die Bedrohung hervorrief. ",gefährlich,62.41,10,31.25,31.25,suboptimal,nonamb
6,both_male,2,31,vergötterte,NP1-Causality,Michael,vergötterte,"Tobias,",weil,er,seit Langem,alleine war,und,eine Parternschaft,suchte,"Michael vergötterte Tobias, weil er seit Langem alleine war und eine Parternschaft suchte.",ok_prefix_keep_particle_or_punctuation,Michael,Eva,Tobias,Maria,NP2,,,fancied,ExpStim,7,86,0.91,-94,NP2,vergötterte,einbildete,0.09,10,,"Der Mann bildete sich die Rivalin ein, weil sie schon seit Langem gefährlich war und die Bedrohung hervorrief. ",gefährlich,62.41,10,31.25,31.25,suboptimal,nonamb
6,both_female,3,31,vergötterte,NP1-Causality,Eva,vergötterte,"Maria,",weil,sie,seit Langem,alleine war,und,eine Parternschaft,suchte,"Eva vergötterte Maria, weil sie seit Langem alleine war und eine Parternschaft suchte.",ok_prefix_keep_particle_or_punctuation,Michael,Eva,Tobias,Maria,NP2,,,fancied,ExpStim,7,86,0.91,-94,NP2,vergötterte,einbildete,0.09,10,,"Der Mann bildete sich die Rivalin ein, weil sie schon seit Langem gefährlich war und die Bedrohung hervorrief. ",gefährlich,62.41,10,31.25,31.25,suboptimal,nonamb
6,swapped,4,31,vergötterte,NP1-Causality,Eva,vergötterte,"Tobias,",weil,sie,seit Langem,alleine war,und,eine Parternschaft,suchte,"Eva vergötterte Tobias, weil sie seit Langem alleine war und eine Parternschaft suchte.",ok_prefix_keep_particle_or_punctuation,Michael,Eva,Tobias,Maria,NP2,,,fancied,ExpStim,7,86,0.91,-94,NP2,vergötterte,einbildete,0.09,10,,"Der Mann bildete sich die Rivalin ein, weil sie schon seit Langem gefährlich war und die Bedrohung hervorrief. ",gefährlich,62.41,10,31.25,31.25,suboptimal,nonamb
7,original,5,31,vergötterte,NP2-Causality,Michael,vergötterte,"Maria,",weil,sie,seit Langem,grandios war,und,Attraktivität,ausstrahlte,"Michael vergötterte Maria, weil sie seit Langem grandios war und Attraktivität ausstrahlte.",ok_prefix_keep_particle_or_punctuation,Michael,Eva,Tobias,Maria,NP2,,,fancied,ExpStim,7,86,0.91,-94,NP2,vergötterte,einbildete,0.09,10,,"Der Mann bildete sich die Rivalin ein, weil er schon seit Langem paranoid war und die Verfolgung witterte.",schmerzfrei,1.68,11,31.25,31.25,suboptimal,nonamb
7,both_male,6,31,vergötterte,NP2-Causality,Michael,vergötterte,"Tobias,",weil,er,seit Langem,grandios war,und,Attraktivität,ausstrahlte,"Michael vergötterte Tobias, weil er seit Langem grandios war und Attraktivität ausstrahlte.",ok_prefix_keep_particle_or_punctuation,Michael,Eva,Tobias,Maria,NP2,,,fancied,ExpStim,7,86,0.91,-94,NP2,vergötterte,einbildete,0.09,10,,"Der Mann bildete sich die Rivalin ein, weil er schon seit Langem paranoid war und die Verfolgung witterte.",schmerzfrei,1.68,11,31.25,31.25,suboptimal,nonamb
7,both_female,7,31,vergötterte,NP2-Causality,Eva,vergötterte,"Maria,",weil,sie,seit Langem,grandios war,und,Attraktivität,ausstrahlte,"Eva vergötterte Maria, weil sie seit Langem grandios war und Attraktivität ausstrahlte.",ok_prefix_keep_particle_or_punctuation,Michael,Eva,Tobias,Maria,NP2,,,fancied,ExpStim,7,86,0.91,-94,NP2,vergötterte,einbildete,0.09,10,,"Der Mann bildete sich die Rivalin ein, weil er schon seit Langem paranoid war und die Verfolgung witterte.",schmerzfrei,1.68,11,31.25,31.25,suboptimal,nonamb
7,swapped,8,31,vergötterte,NP2-Causality,Eva,vergötterte,"Tobias,",weil,er,seit Langem,grandios war,und,Attraktivität,ausstrahlte,"Eva vergötterte Tobias, weil er seit Langem grandios war und Attraktivität ausstrahlte.",ok_prefix_keep_particle_or_punctuation,Michael,Eva,Tobias,Maria,NP2,,,fancied,ExpStim,7,86,0.91,-94,NP2,vergötterte,einbildete,0.09,10,,"Der Mann bildete sich die Rivalin ein, weil er schon seit Langem paranoid war und die Verfolgung witterte.",schmerzfrei,1.68,11,31.25,31.25,suboptimal,nonamb
28,original,1,32,fürchtete,NP1-Causality,Christian,fürchtete,"Nicole,",weil,er,schon immer,misstrauisch war,und,Regularien,verachtete,"Christian fürchtete Nicole, weil er schon immer misstrauisch war und Regularien verachtete.",ok_prefix_keep_particle_or_punctuation,Christian,Susanne,David,Nicole,NP2,,,feared,ExpStim,6,106,-2.09,-85,NP2,fürchtete,fürchtete,2.98,9,,"Der Landwirt fürchtete die Politikerin, weil er von Anfang an bodenständig war und die Einfachheit lebte.  ",bodenständig,1.58,12,12.5,12.5,suboptimal,nonamb
28,both_male,2,32,fürchtete,NP1-Causality,Christian,fürchtete,"David,",weil,er,schon immer,misstrauisch war,und,Regularien,verachtete,"Christian fürchtete David, weil er schon immer misstrauisch war und Regularien verachtete.",ok_prefix_keep_particle_or_punctuation,Christian,Susanne,David,Nicole,NP2,,,feared,ExpStim,6,106,-2.09,-85,NP2,fürchtete,fürchtete,2.98,9,,"Der Landwirt fürchtete die Politikerin, weil er von Anfang an bodenständig war und die Einfachheit lebte.  ",bodenständig,1.58,12,12.5,12.5,suboptimal,nonamb
28,both_female,3,32,fürchtete,NP1-Causality,Susanne,fürchtete,"Nicole,",weil,sie,schon immer,misstrauisch war,und,Regularien,verachtete,"Susanne fürchtete Nicole, weil sie schon immer misstrauisch war und Regularien verachtete.",ok_prefix_keep_particle_or_punctuation,Christian,Susanne,David,Nicole,NP2,,,feared,ExpStim,6,106,-2.09,-85,NP2,fürchtete,fürchtete,2.98,9,,"Der Landwirt fürchtete die Politikerin, weil er von Anfang an bodenständig war und die Einfachheit lebte.  ",bodenständig,1.58,12,12.5,12.5,suboptimal,nonamb
28,swapped,4,32,fürchtete,NP1-Causality,Susanne,fürchtete,"David,",weil,sie,schon immer,misstrauisch war,und,Regularien,verachtete,"Susanne fürchtete David, weil sie schon immer misstrauisch war und Regularien verachtete.",ok_prefix_keep_particle_or_punctuation,Christian,Susanne,David,Nicole,NP2,,,feared,ExpStim,6,106,-2.09,-85,NP2,fürchtete,fürchtete,2.98,9,,"Der Landwirt fürchtete die Politikerin, weil er von Anfang an bodenständig war und die Einfachheit lebte.  ",bodenständig,1.58,12,12.5,12.5,suboptimal,nonamb
29,original,5,32,fürchtete,NP2-Causality,Christian,fürchtete,"Nicole,",weil,sie,schon immer,opportunistisch war,und,die Lage,ausnutzte,"Christian fürchtete Nicole, weil sie schon immer opportunistisch war und die Lage ausnutzte.",ok_prefix_keep_particle_or_punctuation,Christian,Susanne,David,Nicole,NP2,,,feared,ExpStim,6,106,-2.09,-85,NP2,fürchtete,fürchtete,2.98,9,,"Der Landwirt fürchtete die Politikerin, weil sie von Anfang an opportunistisch war und die Lage nutzte.",opportunistisch,1.21,15,12.5,12.5,suboptimal,nonamb
29,both_male,6,32,fürchtete,NP2-Causality,Christian,fürchtete,"David,",weil,er,schon immer,opportunistisch war,und,die Lage,ausnutzte,"Christian fürchtete David, weil er schon immer opportunistisch war und die Lage ausnutzte.",ok_prefix_keep_particle_or_punctuation,Christian,Susanne,David,Nicole,NP2,,,feared,ExpStim,6,106,-2.09,-85,NP2,fürchtete,fürchtete,2.98,9,,"Der Landwirt fürchtete die Politikerin, weil sie von Anfang an opportunistisch war und die Lage nutzte.",opportunistisch,1.21,15,12.5,12.5,suboptimal,nonamb
29,both_female,7,32,fürchtete,NP2-Causality,Susanne,fürchtete,"Nicole,",weil,sie,schon immer,opportunistisch war,und,die Lage,ausnutzte,"Susanne fürchtete Nicole, weil sie schon immer opportunistisch war und die Lage ausnutzte.",ok_prefix_keep_particle_or_punctuation,Christian,Susanne,David,Nicole,NP2,,,feared,ExpStim,6,106,-2.09,-85,NP2,fürchtete,fürchtete,2.98,9,,"Der Landwirt fürchtete die Politikerin, weil sie von Anfang an opportunistisch war und die Lage nutzte.",opportunistisch,1.21,15,12.5,12.5,suboptimal,nonamb
29,swapped,8,32,fürchtete,NP2-Causality,Susanne,fürchtete,"David,",weil,er,schon immer,opportunistisch war,und,die Lage,ausnutzte,"Susanne fürchtete David, weil er schon immer opportunistisch war und die Lage ausnutzte.",ok_prefix_keep_particle_or_punctuation,Christian,Susanne,David,Nicole,NP2,,,feared,ExpStim,6,106,-2.09,-85,NP2,fürchtete,fürchtete,2.98,9,,"Der Landwirt fürchtete die Politikerin, weil sie von Anfang an opportunistisch war und die Lage nutzte.",opportunistisch,1.21,15,12.5,12.5,suboptimal,nonamb
126,original,1,33,verzieh,NP1-Causality,Thomas,verzieh,"Birgit,",weil,er,in der Morgendämmerung,gutmütig war,und,Konflikt,vermied,"Thomas verzieh Birgit, weil er in der Morgendämmerung gutmütig war und Konflikt vermied.",ok_prefix_keep_particle_or_punctuation,Thomas,Jana,Wolfgang,Birgit,neutral,,,forgave,AgEvo,7,43,-0.27,5,neutral,verzieh,verzieh,0.21,7,,"Der Vater verzieh der Diebin, weil er in der Morgendämmerung gutmütig war und den Frieden suchte.",gutmütig,1.73,8,62.5,62.5,suboptimal,nonamb
126,both_male,2,33,verzieh,NP1-Causality,Thomas,verzieh,"Wolfgang,",weil,er,in der Morgendämmerung,gutmütig war,und,Konflikt,vermied,"Thomas verzieh Wolfgang, weil er in der Morgendämmerung gutmütig war und Konflikt vermied.",ok_prefix_keep_particle_or_punctuation,Thomas,Jana,Wolfgang,Birgit,neutral,,,forgave,AgEvo,7,43,-0.27,5,neutral,verzieh,verzieh,0.21,7,,"Der Vater verzieh der Diebin, weil er in der Morgendämmerung gutmütig war und den Frieden suchte.",gutmütig,1.73,8,62.5,62.5,suboptimal,nonamb
126,both_female,3,33,verzieh,NP1-Causality,Jana,verzieh,"Birgit,",weil,sie,in der Morgendämmerung,gutmütig war,und,Konflikt,vermied,"Jana verzieh Birgit, weil sie in der Morgendämmerung gutmütig war und Konflikt vermied.",ok_prefix_keep_particle_or_punctuation,Thomas,Jana,Wolfgang,Birgit,neutral,,,forgave,AgEvo,7,43,-0.27,5,neutral,verzieh,verzieh,0.21,7,,"Der Vater verzieh der Diebin, weil er in der Morgendämmerung gutmütig war und den Frieden suchte.",gutmütig,1.73,8,62.5,62.5,suboptimal,nonamb
126,swapped,4,33,verzieh,NP1-Causality,Jana,verzieh,"Wolfgang,",weil,sie,in der Morgendämmerung,gutmütig war,und,Konflikt,vermied,"Jana verzieh Wolfgang, weil sie in der Morgendämmerung gutmütig war und Konflikt vermied.",ok_prefix_keep_particle_or_punctuation,Thomas,Jana,Wolfgang,Birgit,neutral,,,forgave,AgEvo,7,43,-0.27,5,neutral,verzieh,verzieh,0.21,7,,"Der Vater verzieh der Diebin, weil er in der Morgendämmerung gutmütig war und den Frieden suchte.",gutmütig,1.73,8,62.5,62.5,suboptimal,nonamb
127,original,5,33,verzieh,NP2-Causality,Thomas,verzieh,"Birgit,",weil,sie,in der Morgendämmerung,schuldbewusst war,und,Reue,zeigte,"Thomas verzieh Birgit, weil sie in der Morgendämmerung schuldbewusst war und Reue zeigte.",ok_prefix_keep_particle_or_punctuation,Thomas,Jana,Wolfgang,Birgit,neutral,,,forgave,AgEvo,7,43,-0.27,5,neutral,verzieh,verzieh,0.21,7,,"Der Vater verzieh der Diebin, weil sie in der Morgendämmerung schuldbewusst war und die Entschuldigung äußerte.",schuldbewusst,0.12,13,62.5,62.5,suboptimal,nonamb
127,both_male,6,33,verzieh,NP2-Causality,Thomas,verzieh,"Wolfgang,",weil,er,in der Morgendämmerung,schuldbewusst war,und,Reue,zeigte,"Thomas verzieh Wolfgang, weil er in der Morgendämmerung schuldbewusst war und Reue zeigte.",ok_prefix_keep_particle_or_punctuation,Thomas,Jana,Wolfgang,Birgit,neutral,,,forgave,AgEvo,7,43,-0.27,5,neutral,verzieh,verzieh,0.21,7,,"Der Vater verzieh der Diebin, weil sie in der Morgendämmerung schuldbewusst war und die Entschuldigung äußerte.",schuldbewusst,0.12,13,62.5,62.5,suboptimal,nonamb
127,both_female,7,33,verzieh,NP2-Causality,Jana,verzieh,"Birgit,",weil,sie,in der Morgendämmerung,schuldbewusst war,und,Reue,zeigte,"Jana verzieh Birgit, weil sie in der Morgendämmerung schuldbewusst war und Reue zeigte.",ok_prefix_keep_particle_or_punctuation,Thomas,Jana,Wolfgang,Birgit,neutral,,,forgave,AgEvo,7,43,-0.27,5,neutral,verzieh,verzieh,0.21,7,,"Der Vater verzieh der Diebin, weil sie in der Morgendämmerung schuldbewusst war und die Entschuldigung äußerte.",schuldbewusst,0.12,13,62.5,62.5,suboptimal,nonamb
127,swapped,8,33,verzieh,NP2-Causality,Jana,verzieh,"Wolfgang,",weil,er,in der Morgendämmerung,schuldbewusst war,und,Reue,zeigte,"Jana verzieh Wolfgang, weil er in der Morgendämmerung schuldbewusst war und Reue zeigte.",ok_prefix_keep_particle_or_punctuation,Thomas,Jana,Wolfgang,Birgit,neutral,,,forgave,AgEvo,7,43,-0.27,5,neutral,verzieh,verzieh,0.21,7,,"Der Vater verzieh der Diebin, weil sie in der Morgendämmerung schuldbewusst war und die Entschuldigung äußerte.",schuldbewusst,0.12,13,62.5,62.5,suboptimal,nonamb
92,original,1,34,grüßte,NP1-Causality,Frank,grüßte,"Anna,",weil,er,seit jeher,wohlerzogen war,und,Umgangsregeln,achtete,"Frank grüßte Anna, weil er seit jeher wohlerzogen war und Umgangsregeln achtete.",ok_prefix_keep_particle_or_punctuation,Frank,Petra,Uwe,Anna,neutral,,,greeted,AgP,7,68,1.27,-8,neutral,grüßte,grüßte,0.76,7,,"Der Dörfler grüßte die Bürgermeisterin, weil er von Anfang an wohlerzogen war und die Etikette wahrte.",wohlerzogen,0.27,11,68.75,68.75,suboptimal,nonamb
92,both_male,2,34,grüßte,NP1-Causality,Frank,grüßte,"Uwe,",weil,er,seit jeher,wohlerzogen war,und,Umgangsregeln,achtete,"Frank grüßte Uwe, weil er seit jeher wohlerzogen war und Umgangsregeln achtete.",ok_prefix_keep_particle_or_punctuation,Frank,Petra,Uwe,Anna,neutral,,,greeted,AgP,7,68,1.27,-8,neutral,grüßte,grüßte,0.76,7,,"Der Dörfler grüßte die Bürgermeisterin, weil er von Anfang an wohlerzogen war und die Etikette wahrte.",wohlerzogen,0.27,11,68.75,68.75,suboptimal,nonamb
92,both_female,3,34,grüßte,NP1-Causality,Petra,grüßte,"Anna,",weil,sie,seit jeher,wohlerzogen war,und,Umgangsregeln,achtete,"Petra grüßte Anna, weil sie seit jeher wohlerzogen war und Umgangsregeln achtete.",ok_prefix_keep_particle_or_punctuation,Frank,Petra,Uwe,Anna,neutral,,,greeted,AgP,7,68,1.27,-8,neutral,grüßte,grüßte,0.76,7,,"Der Dörfler grüßte die Bürgermeisterin, weil er von Anfang an wohlerzogen war und die Etikette wahrte.",wohlerzogen,0.27,11,68.75,68.75,suboptimal,nonamb
92,swapped,4,34,grüßte,NP1-Causality,Petra,grüßte,"Uwe,",weil,sie,seit jeher,wohlerzogen war,und,Umgangsregeln,achtete,"Petra grüßte Uwe, weil sie seit jeher wohlerzogen war und Umgangsregeln achtete.",ok_prefix_keep_particle_or_punctuation,Frank,Petra,Uwe,Anna,neutral,,,greeted,AgP,7,68,1.27,-8,neutral,grüßte,grüßte,0.76,7,,"Der Dörfler grüßte die Bürgermeisterin, weil er von Anfang an wohlerzogen war und die Etikette wahrte.",wohlerzogen,0.27,11,68.75,68.75,suboptimal,nonamb
93,original,5,34,grüßte,NP2-Causality,Frank,grüßte,"Anna,",weil,sie,seit jeher,angesehen war,und,Autorität,verkörperte,"Frank grüßte Anna, weil sie seit jeher angesehen war und Autorität verkörperte.",ok_prefix_keep_particle_or_punctuation,Frank,Petra,Uwe,Anna,neutral,,,greeted,AgP,7,68,1.27,-8,neutral,grüßte,grüßte,0.76,7,,"Der Dörfler grüßte die Bürgermeisterin, weil sie von Anfang an vorrangig war und den Status genoss.",vorrangig,18.77,9,68.75,68.75,suboptimal,nonamb
93,both_male,6,34,grüßte,NP2-Causality,Frank,grüßte,"Uwe,",weil,er,seit jeher,angesehen war,und,Autorität,verkörperte,"Frank grüßte Uwe, weil er seit jeher angesehen war und Autorität verkörperte.",ok_prefix_keep_particle_or_punctuation,Frank,Petra,Uwe,Anna,neutral,,,greeted,AgP,7,68,1.27,-8,neutral,grüßte,grüßte,0.76,7,,"Der Dörfler grüßte die Bürgermeisterin, weil sie von Anfang an vorrangig war und den Status genoss.",vorrangig,18.77,9,68.75,68.75,suboptimal,nonamb
93,both_female,7,34,grüßte,NP2-Causality,Petra,grüßte,"Anna,",weil,sie,seit jeher,angesehen war,und,Autorität,verkörperte,"Petra grüßte Anna, weil sie seit jeher angesehen war und Autorität verkörperte.",ok_prefix_keep_particle_or_punctuation,Frank,Petra,Uwe,Anna,neutral,,,greeted,AgP,7,68,1.27,-8,neutral,grüßte,grüßte,0.76,7,,"Der Dörfler grüßte die Bürgermeisterin, weil sie von Anfang an vorrangig war und den Status genoss.",vorrangig,18.77,9,68.75,68.75,suboptimal,nonamb
93,swapped,8,34,grüßte,NP2-Causality,Petra,grüßte,"Uwe,",weil,er,seit jeher,angesehen war,und,Autorität,verkörperte,"Petra grüßte Uwe, weil er seit jeher angesehen war und Autorität verkörperte.",ok_prefix_keep_particle_or_punctuation,Frank,Petra,Uwe,Anna,neutral,,,greeted,AgP,7,68,1.27,-8,neutral,grüßte,grüßte,0.76,7,,"Der Dörfler grüßte die Bürgermeisterin, weil sie von Anfang an vorrangig war und den Status genoss.",vorrangig,18.77,9,68.75,68.75,suboptimal,nonamb
98,original,1,35,schnappte sich,NP1-Causality,Daniel,schnappte sich,"Julia,",weil,er,an dem Ort,clever war,und,den Plan,umsetzte,"Daniel schnappte sich Julia, weil er an dem Ort clever war und den Plan umsetzte.",ok_prefix_keep_particle_or_punctuation,Daniel,Nina,Philipp,Julia,neutral,,,grabbed,AgP,7,160,-1.45,-5,neutral,schnappte sich,schnappte,1.22,9,,"Der Dieb schnappte sich die Rivalin, weil er von Anfang an clever war und den Plan umsetzte.",gerissen,7.39,8,81.25,81.25,optimal,nonamb
98,both_male,2,35,schnappte sich,NP1-Causality,Daniel,schnappte sich,"Philipp,",weil,er,an dem Ort,clever war,und,den Plan,umsetzte,"Daniel schnappte sich Philipp, weil er an dem Ort clever war und den Plan umsetzte.",ok_prefix_keep_particle_or_punctuation,Daniel,Nina,Philipp,Julia,neutral,,,grabbed,AgP,7,160,-1.45,-5,neutral,schnappte sich,schnappte,1.22,9,,"Der Dieb schnappte sich die Rivalin, weil er von Anfang an clever war und den Plan umsetzte.",gerissen,7.39,8,81.25,81.25,optimal,nonamb
98,both_female,3,35,schnappte sich,NP1-Causality,Nina,schnappte sich,"Julia,",weil,sie,an dem Ort,clever war,und,den Plan,umsetzte,"Nina schnappte sich Julia, weil sie an dem Ort clever war und den Plan umsetzte.",ok_prefix_keep_particle_or_punctuation,Daniel,Nina,Philipp,Julia,neutral,,,grabbed,AgP,7,160,-1.45,-5,neutral,schnappte sich,schnappte,1.22,9,,"Der Dieb schnappte sich die Rivalin, weil er von Anfang an clever war und den Plan umsetzte.",gerissen,7.39,8,81.25,81.25,optimal,nonamb
98,swapped,4,35,schnappte sich,NP1-Causality,Nina,schnappte sich,"Philipp,",weil,sie,an dem Ort,clever war,und,den Plan,umsetzte,"Nina schnappte sich Philipp, weil sie an dem Ort clever war und den Plan umsetzte.",ok_prefix_keep_particle_or_punctuation,Daniel,Nina,Philipp,Julia,neutral,,,grabbed,AgP,7,160,-1.45,-5,neutral,schnappte sich,schnappte,1.22,9,,"Der Dieb schnappte sich die Rivalin, weil er von Anfang an clever war und den Plan umsetzte.",gerissen,7.39,8,81.25,81.25,optimal,nonamb
99,original,5,35,schnappte sich,NP2-Causality,Daniel,schnappte sich,"Julia,",weil,sie,an dem Ort,unaufmerksam war,und,Fehler,machte,"Daniel schnappte sich Julia, weil sie an dem Ort unaufmerksam war und Fehler machte.",ok_prefix_keep_particle_or_punctuation,Daniel,Nina,Philipp,Julia,neutral,,,grabbed,AgP,7,160,-1.45,-5,neutral,schnappte sich,schnappte,1.22,9,,"Der Dieb schnappte sich die Rivalin, weil sie von Anfang an unaufmerksam war und den Fehler machte.",wunderschön,23.36,11,81.25,81.25,optimal,nonamb
99,both_male,6,35,schnappte sich,NP2-Causality,Daniel,schnappte sich,"Philipp,",weil,er,an dem Ort,unaufmerksam war,und,Fehler,machte,"Daniel schnappte sich Philipp, weil er an dem Ort unaufmerksam war und Fehler machte.",ok_prefix_keep_particle_or_punctuation,Daniel,Nina,Philipp,Julia,neutral,,,grabbed,AgP,7,160,-1.45,-5,neutral,schnappte sich,schnappte,1.22,9,,"Der Dieb schnappte sich die Rivalin, weil sie von Anfang an unaufmerksam war und den Fehler machte.",wunderschön,23.36,11,81.25,81.25,optimal,nonamb
99,both_female,7,35,schnappte sich,NP2-Causality,Nina,schnappte sich,"Julia,",weil,sie,an dem Ort,unaufmerksam war,und,Fehler,machte,"Nina schnappte sich Julia, weil sie an dem Ort unaufmerksam war und Fehler machte.",ok_prefix_keep_particle_or_punctuation,Daniel,Nina,Philipp,Julia,neutral,,,grabbed,AgP,7,160,-1.45,-5,neutral,schnappte sich,schnappte,1.22,9,,"Der Dieb schnappte sich die Rivalin, weil sie von Anfang an unaufmerksam war und den Fehler machte.",wunderschön,23.36,11,81.25,81.25,optimal,nonamb
99,swapped,8,35,schnappte sich,NP2-Causality,Nina,schnappte sich,"Philipp,",weil,er,an dem Ort,unaufmerksam war,und,Fehler,machte,"Nina schnappte sich Philipp, weil er an dem Ort unaufmerksam war und Fehler machte.",ok_prefix_keep_particle_or_punctuation,Daniel,Nina,Philipp,Julia,neutral,,,grabbed,AgP,7,160,-1.45,-5,neutral,schnappte sich,schnappte,1.22,9,,"Der Dieb schnappte sich die Rivalin, weil sie von Anfang an unaufmerksam war und den Fehler machte.",wunderschön,23.36,11,81.25,81.25,optimal,nonamb
76,original,1,36,schlug,NP1-Causality,Matthias,schlug,"Katharina,",weil,er,zu dem Zeitpunkt,erbost war,und,Hass,empfand,"Matthias schlug Katharina, weil er zu dem Zeitpunkt erbost war und Hass empfand.",ok_prefix_keep_particle_or_punctuation,Matthias,Monika,Alexander,Katharina,neutral,,,hit,AgP,3,164,-1.82,-14,neutral,schlug,schlug,21.29,6,,"Der Mieter schlug die Einbrecherin, weil er in diesem Moment empört war und die Gelegenheit nutzte.",empört,5.68,6,62.5,62.5,suboptimal,nonamb
76,both_male,2,36,schlug,NP1-Causality,Matthias,schlug,"Alexander,",weil,er,zu dem Zeitpunkt,erbost war,und,Hass,empfand,"Matthias schlug Alexander, weil er zu dem Zeitpunkt erbost war und Hass empfand.",ok_prefix_keep_particle_or_punctuation,Matthias,Monika,Alexander,Katharina,neutral,,,hit,AgP,3,164,-1.82,-14,neutral,schlug,schlug,21.29,6,,"Der Mieter schlug die Einbrecherin, weil er in diesem Moment empört war und die Gelegenheit nutzte.",empört,5.68,6,62.5,62.5,suboptimal,nonamb
76,both_female,3,36,schlug,NP1-Causality,Monika,schlug,"Katharina,",weil,sie,zu dem Zeitpunkt,erbost war,und,Hass,empfand,"Monika schlug Katharina, weil sie zu dem Zeitpunkt erbost war und Hass empfand.",ok_prefix_keep_particle_or_punctuation,Matthias,Monika,Alexander,Katharina,neutral,,,hit,AgP,3,164,-1.82,-14,neutral,schlug,schlug,21.29,6,,"Der Mieter schlug die Einbrecherin, weil er in diesem Moment empört war und die Gelegenheit nutzte.",empört,5.68,6,62.5,62.5,suboptimal,nonamb
76,swapped,4,36,schlug,NP1-Causality,Monika,schlug,"Alexander,",weil,sie,zu dem Zeitpunkt,erbost war,und,Hass,empfand,"Monika schlug Alexander, weil sie zu dem Zeitpunkt erbost war und Hass empfand.",ok_prefix_keep_particle_or_punctuation,Matthias,Monika,Alexander,Katharina,neutral,,,hit,AgP,3,164,-1.82,-14,neutral,schlug,schlug,21.29,6,,"Der Mieter schlug die Einbrecherin, weil er in diesem Moment empört war und die Gelegenheit nutzte.",empört,5.68,6,62.5,62.5,suboptimal,nonamb
77,original,5,36,schlug,NP2-Causality,Matthias,schlug,"Katharina,",weil,sie,zu dem Zeitpunkt,unaufmerksam war,und,die Gegenwehr,überraschte,"Matthias schlug Katharina, weil sie zu dem Zeitpunkt unaufmerksam war und die Gegenwehr überraschte.",ok_prefix_keep_particle_or_punctuation,Matthias,Monika,Alexander,Katharina,neutral,,,hit,AgP,3,164,-1.82,-14,neutral,schlug,schlug,21.29,6,,"Der Mieter schlug die Einbrecherin, weil sie in diesem Moment unaufmerksam war und die Kontrolle verlor. ",unaufmerksam,6.9,8,62.5,62.5,suboptimal,nonamb
77,both_male,6,36,schlug,NP2-Causality,Matthias,schlug,"Alexander,",weil,er,zu dem Zeitpunkt,unaufmerksam war,und,die Gegenwehr,überraschte,"Matthias schlug Alexander, weil er zu dem Zeitpunkt unaufmerksam war und die Gegenwehr überraschte.",ok_prefix_keep_particle_or_punctuation,Matthias,Monika,Alexander,Katharina,neutral,,,hit,AgP,3,164,-1.82,-14,neutral,schlug,schlug,21.29,6,,"Der Mieter schlug die Einbrecherin, weil sie in diesem Moment unaufmerksam war und die Kontrolle verlor. ",unaufmerksam,6.9,8,62.5,62.5,suboptimal,nonamb
77,both_female,7,36,schlug,NP2-Causality,Monika,schlug,"Katharina,",weil,sie,zu dem Zeitpunkt,unaufmerksam war,und,die Gegenwehr,überraschte,"Monika schlug Katharina, weil sie zu dem Zeitpunkt unaufmerksam war und die Gegenwehr überraschte.",ok_prefix_keep_particle_or_punctuation,Matthias,Monika,Alexander,Katharina,neutral,,,hit,AgP,3,164,-1.82,-14,neutral,schlug,schlug,21.29,6,,"Der Mieter schlug die Einbrecherin, weil sie in diesem Moment unaufmerksam war und die Kontrolle verlor. ",unaufmerksam,6.9,8,62.5,62.5,suboptimal,nonamb
77,swapped,8,36,schlug,NP2-Causality,Monika,schlug,"Alexander,",weil,er,zu dem Zeitpunkt,unaufmerksam war,und,die Gegenwehr,überraschte,"Monika schlug Alexander, weil er zu dem Zeitpunkt unaufmerksam war und die Gegenwehr überraschte.",ok_prefix_keep_particle_or_punctuation,Matthias,Monika,Alexander,Katharina,neutral,,,hit,AgP,3,164,-1.82,-14,neutral,schlug,schlug,21.29,6,,"Der Mieter schlug die Einbrecherin, weil sie in diesem Moment unaufmerksam war und die Kontrolle verlor. ",unaufmerksam,6.9,8,62.5,62.5,suboptimal,nonamb
204,original,1,37,frustrierte,NP1-Causality,Philipp,frustrierte,"Daniela,",weil,er,seit einigen Tagen,aufmerksam war,und,den Plan,vereitelte,"Philipp frustrierte Daniela, weil er seit einigen Tagen aufmerksam war und den Plan vereitelte.",ok_prefix_keep_particle_or_punctuation,Philipp,Maria,Daniel,Daniela,NP1,,,frustrated,StimExp,10,0,-1.82,79,NP1,frustrierte,frustrierte,0.69,11,,"Der Wächter frustrierte die Autodiebin, weil er seit einigen Tagen geschickt war und den Vorsprung hatte.",geschickt,34.46,9,87.5,87.5,optimal,nonamb
204,both_male,2,37,frustrierte,NP1-Causality,Philipp,frustrierte,"Daniel,",weil,er,seit einigen Tagen,aufmerksam war,und,den Plan,vereitelte,"Philipp frustrierte Daniel, weil er seit einigen Tagen aufmerksam war und den Plan vereitelte.",ok_prefix_keep_particle_or_punctuation,Philipp,Maria,Daniel,Daniela,NP1,,,frustrated,StimExp,10,0,-1.82,79,NP1,frustrierte,frustrierte,0.69,11,,"Der Wächter frustrierte die Autodiebin, weil er seit einigen Tagen geschickt war und den Vorsprung hatte.",geschickt,34.46,9,87.5,87.5,optimal,nonamb
204,both_female,3,37,frustrierte,NP1-Causality,Maria,frustrierte,"Daniela,",weil,sie,seit einigen Tagen,aufmerksam war,und,den Plan,vereitelte,"Maria frustrierte Daniela, weil sie seit einigen Tagen aufmerksam war und den Plan vereitelte.",ok_prefix_keep_particle_or_punctuation,Philipp,Maria,Daniel,Daniela,NP1,,,frustrated,StimExp,10,0,-1.82,79,NP1,frustrierte,frustrierte,0.69,11,,"Der Wächter frustrierte die Autodiebin, weil er seit einigen Tagen geschickt war und den Vorsprung hatte.",geschickt,34.46,9,87.5,87.5,optimal,nonamb
204,swapped,4,37,frustrierte,NP1-Causality,Maria,frustrierte,"Daniel,",weil,sie,seit einigen Tagen,aufmerksam war,und,den Plan,vereitelte,"Maria frustrierte Daniel, weil sie seit einigen Tagen aufmerksam war und den Plan vereitelte.",ok_prefix_keep_particle_or_punctuation,Philipp,Maria,Daniel,Daniela,NP1,,,frustrated,StimExp,10,0,-1.82,79,NP1,frustrierte,frustrierte,0.69,11,,"Der Wächter frustrierte die Autodiebin, weil er seit einigen Tagen geschickt war und den Vorsprung hatte.",geschickt,34.46,9,87.5,87.5,optimal,nonamb
205,original,5,37,frustrierte,NP2-Causality,Philipp,frustrierte,"Daniela,",weil,sie,seit einigen Tagen,ungeschickt war,und,die Tarnung,scheiterte,"Philipp frustrierte Daniela, weil sie seit einigen Tagen ungeschickt war und die Tarnung scheiterte.",ok_prefix_keep_particle_or_punctuation,Philipp,Maria,Daniel,Daniela,NP1,,,frustrated,StimExp,10,0,-1.82,79,NP1,frustrierte,frustrierte,0.69,11,,"Der Wächter frustrierte die Autodiebin, weil sie seit einigen Tagen ungeschickt war und die Bewegung verfehlte.",ungeschickt,2.05,11,87.5,87.5,optimal,nonamb
205,both_male,6,37,frustrierte,NP2-Causality,Philipp,frustrierte,"Daniel,",weil,er,seit einigen Tagen,ungeschickt war,und,die Tarnung,scheiterte,"Philipp frustrierte Daniel, weil er seit einigen Tagen ungeschickt war und die Tarnung scheiterte.",ok_prefix_keep_particle_or_punctuation,Philipp,Maria,Daniel,Daniela,NP1,,,frustrated,StimExp,10,0,-1.82,79,NP1,frustrierte,frustrierte,0.69,11,,"Der Wächter frustrierte die Autodiebin, weil sie seit einigen Tagen ungeschickt war und die Bewegung verfehlte.",ungeschickt,2.05,11,87.5,87.5,optimal,nonamb
205,both_female,7,37,frustrierte,NP2-Causality,Maria,frustrierte,"Daniela,",weil,sie,seit einigen Tagen,ungeschickt war,und,die Tarnung,scheiterte,"Maria frustrierte Daniela, weil sie seit einigen Tagen ungeschickt war und die Tarnung scheiterte.",ok_prefix_keep_particle_or_punctuation,Philipp,Maria,Daniel,Daniela,NP1,,,frustrated,StimExp,10,0,-1.82,79,NP1,frustrierte,frustrierte,0.69,11,,"Der Wächter frustrierte die Autodiebin, weil sie seit einigen Tagen ungeschickt war und die Bewegung verfehlte.",ungeschickt,2.05,11,87.5,87.5,optimal,nonamb
205,swapped,8,37,frustrierte,NP2-Causality,Maria,frustrierte,"Daniel,",weil,er,seit einigen Tagen,ungeschickt war,und,die Tarnung,scheiterte,"Maria frustrierte Daniel, weil er seit einigen Tagen ungeschickt war und die Tarnung scheiterte.",ok_prefix_keep_particle_or_punctuation,Philipp,Maria,Daniel,Daniela,NP1,,,frustrated,StimExp,10,0,-1.82,79,NP1,frustrierte,frustrierte,0.69,11,,"Der Wächter frustrierte die Autodiebin, weil sie seit einigen Tagen ungeschickt war und die Bewegung verfehlte.",ungeschickt,2.05,11,87.5,87.5,optimal,nonamb
200,original,1,38,inspirierte,NP1-Causality,Matthias,inspirierte,"Julia,",weil,er,an dem Abend,mystisch war,und,Unerwartetes ,kommunizierte,"Matthias inspirierte Julia, weil er an dem Abend mystisch war und Unerwartetes kommunizierte.",ok_prefix_keep_particle_or_punctuation,Matthias,Jana,Jürgen,Julia,NP1,,,inspired,StimExp,8,6,1.45,78,NP1,inspirierte,inspirierte,1.44,11,,"Der Eremit inspirierte die Anführerin, weil er schon seit Langem wunderlich war und die Neugier weckte.",wunderlich,4.09,10,68.75,68.75,optimal,nonamb
200,both_male,2,38,inspirierte,NP1-Causality,Matthias,inspirierte,"Jürgen,",weil,er,an dem Abend,mystisch war,und,Unerwartetes ,kommunizierte,"Matthias inspirierte Jürgen, weil er an dem Abend mystisch war und Unerwartetes kommunizierte.",ok_prefix_keep_particle_or_punctuation,Matthias,Jana,Jürgen,Julia,NP1,,,inspired,StimExp,8,6,1.45,78,NP1,inspirierte,inspirierte,1.44,11,,"Der Eremit inspirierte die Anführerin, weil er schon seit Langem wunderlich war und die Neugier weckte.",wunderlich,4.09,10,68.75,68.75,optimal,nonamb
200,both_female,3,38,inspirierte,NP1-Causality,Jana,inspirierte,"Julia,",weil,sie,an dem Abend,mystisch war,und,Unerwartetes ,kommunizierte,"Jana inspirierte Julia, weil sie an dem Abend mystisch war und Unerwartetes kommunizierte.",ok_prefix_keep_particle_or_punctuation,Matthias,Jana,Jürgen,Julia,NP1,,,inspired,StimExp,8,6,1.45,78,NP1,inspirierte,inspirierte,1.44,11,,"Der Eremit inspirierte die Anführerin, weil er schon seit Langem wunderlich war und die Neugier weckte.",wunderlich,4.09,10,68.75,68.75,optimal,nonamb
200,swapped,4,38,inspirierte,NP1-Causality,Jana,inspirierte,"Jürgen,",weil,sie,an dem Abend,mystisch war,und,Unerwartetes ,kommunizierte,"Jana inspirierte Jürgen, weil sie an dem Abend mystisch war und Unerwartetes kommunizierte.",ok_prefix_keep_particle_or_punctuation,Matthias,Jana,Jürgen,Julia,NP1,,,inspired,StimExp,8,6,1.45,78,NP1,inspirierte,inspirierte,1.44,11,,"Der Eremit inspirierte die Anführerin, weil er schon seit Langem wunderlich war und die Neugier weckte.",wunderlich,4.09,10,68.75,68.75,optimal,nonamb
201,original,5,38,inspirierte,NP2-Causality,Matthias,inspirierte,"Julia,",weil,sie,an dem Abend,aufmerksam war,und,die Überlegungen,überraschten,"Matthias inspirierte Julia, weil sie an dem Abend aufmerksam war und die Überlegungen überraschten.",ok_prefix_keep_particle_or_punctuation,Matthias,Jana,Jürgen,Julia,NP1,,,inspired,StimExp,8,6,1.45,78,NP1,inspirierte,inspirierte,1.44,11,,"Der Eremit inspirierte die Anführerin, weil sie schon seit Langem beeindruckt war und die Begeisterung teilte. ",beeindruckt,11.92,11,68.75,68.75,optimal,nonamb
201,both_male,6,38,inspirierte,NP2-Causality,Matthias,inspirierte,"Jürgen,",weil,er,an dem Abend,aufmerksam war,und,die Überlegungen,überraschten,"Matthias inspirierte Jürgen, weil er an dem Abend aufmerksam war und die Überlegungen überraschten.",ok_prefix_keep_particle_or_punctuation,Matthias,Jana,Jürgen,Julia,NP1,,,inspired,StimExp,8,6,1.45,78,NP1,inspirierte,inspirierte,1.44,11,,"Der Eremit inspirierte die Anführerin, weil sie schon seit Langem beeindruckt war und die Begeisterung teilte. ",beeindruckt,11.92,11,68.75,68.75,optimal,nonamb
201,both_female,7,38,inspirierte,NP2-Causality,Jana,inspirierte,"Julia,",weil,sie,an dem Abend,aufmerksam war,und,die Überlegungen,überraschten,"Jana inspirierte Julia, weil sie an dem Abend aufmerksam war und die Überlegungen überraschten.",ok_prefix_keep_particle_or_punctuation,Matthias,Jana,Jürgen,Julia,NP1,,,inspired,StimExp,8,6,1.45,78,NP1,inspirierte,inspirierte,1.44,11,,"Der Eremit inspirierte die Anführerin, weil sie schon seit Langem beeindruckt war und die Begeisterung teilte. ",beeindruckt,11.92,11,68.75,68.75,optimal,nonamb
201,swapped,8,38,inspirierte,NP2-Causality,Jana,inspirierte,"Jürgen,",weil,er,an dem Abend,aufmerksam war,und,die Überlegungen,überraschten,"Jana inspirierte Jürgen, weil er an dem Abend aufmerksam war und die Überlegungen überraschten.",ok_prefix_keep_particle_or_punctuation,Matthias,Jana,Jürgen,Julia,NP1,,,inspired,StimExp,8,6,1.45,78,NP1,inspirierte,inspirierte,1.44,11,,"Der Eremit inspirierte die Anführerin, weil sie schon seit Langem beeindruckt war und die Begeisterung teilte. ",beeindruckt,11.92,11,68.75,68.75,optimal,nonamb
184,original,1,39,erzürnte,NP1-Causality,Frank,erzürnte,"Eva,",weil,er,am frühen Morgen,renitent war,und,Ungehorsamkeit,zeigte,"Frank erzürnte Eva, weil er am frühen Morgen renitent war und Ungehorsamkeit zeigte.",ok_prefix_keep_particle_or_punctuation,Frank,Anna,Hans,Eva,NP1,,,infuriated,StimExp,10,1,-2.45,75,NP1,erzürnte,wütend machte,0.02,12,,"Der Schüler machte die Zauberin wütend, weil er am frühen Morgen ungehorsam war und den Zorn provozierte.",ungehorsam,4.02,10,87.5,87.5,optimal,nonamb
184,both_male,2,39,erzürnte,NP1-Causality,Frank,erzürnte,"Hans,",weil,er,am frühen Morgen,renitent war,und,Ungehorsamkeit,zeigte,"Frank erzürnte Hans, weil er am frühen Morgen renitent war und Ungehorsamkeit zeigte.",ok_prefix_keep_particle_or_punctuation,Frank,Anna,Hans,Eva,NP1,,,infuriated,StimExp,10,1,-2.45,75,NP1,erzürnte,wütend machte,0.02,12,,"Der Schüler machte die Zauberin wütend, weil er am frühen Morgen ungehorsam war und den Zorn provozierte.",ungehorsam,4.02,10,87.5,87.5,optimal,nonamb
184,both_female,3,39,erzürnte,NP1-Causality,Anna,erzürnte,"Eva,",weil,sie,am frühen Morgen,renitent war,und,Ungehorsamkeit,zeigte,"Anna erzürnte Eva, weil sie am frühen Morgen renitent war und Ungehorsamkeit zeigte.",ok_prefix_keep_particle_or_punctuation,Frank,Anna,Hans,Eva,NP1,,,infuriated,StimExp,10,1,-2.45,75,NP1,erzürnte,wütend machte,0.02,12,,"Der Schüler machte die Zauberin wütend, weil er am frühen Morgen ungehorsam war und den Zorn provozierte.",ungehorsam,4.02,10,87.5,87.5,optimal,nonamb
184,swapped,4,39,erzürnte,NP1-Causality,Anna,erzürnte,"Hans,",weil,sie,am frühen Morgen,renitent war,und,Ungehorsamkeit,zeigte,"Anna erzürnte Hans, weil sie am frühen Morgen renitent war und Ungehorsamkeit zeigte.",ok_prefix_keep_particle_or_punctuation,Frank,Anna,Hans,Eva,NP1,,,infuriated,StimExp,10,1,-2.45,75,NP1,erzürnte,wütend machte,0.02,12,,"Der Schüler machte die Zauberin wütend, weil er am frühen Morgen ungehorsam war und den Zorn provozierte.",ungehorsam,4.02,10,87.5,87.5,optimal,nonamb
185,original,5,39,erzürnte,NP2-Causality,Frank,erzürnte,"Eva,",weil,sie,am frühen Morgen,reizbar war,und,Wiederstand,wahrnahm,"Frank erzürnte Eva, weil sie am frühen Morgen reizbar war und Wiederstand wahrnahm.",ok_prefix_keep_particle_or_punctuation,Frank,Anna,Hans,Eva,NP1,,,infuriated,StimExp,10,1,-2.45,75,NP1,erzürnte,wütend machte,0.02,12,,"Der Schüler machte die Zauberin wütend, weil sie am frühen Morgen anspruchsvoll war und den Respekt forderte.",anspruchsvoll,15.15,13,87.5,87.5,optimal,nonamb
185,both_male,6,39,erzürnte,NP2-Causality,Frank,erzürnte,"Hans,",weil,er,am frühen Morgen,reizbar war,und,Wiederstand,wahrnahm,"Frank erzürnte Hans, weil er am frühen Morgen reizbar war und Wiederstand wahrnahm.",ok_prefix_keep_particle_or_punctuation,Frank,Anna,Hans,Eva,NP1,,,infuriated,StimExp,10,1,-2.45,75,NP1,erzürnte,wütend machte,0.02,12,,"Der Schüler machte die Zauberin wütend, weil sie am frühen Morgen anspruchsvoll war und den Respekt forderte.",anspruchsvoll,15.15,13,87.5,87.5,optimal,nonamb
185,both_female,7,39,erzürnte,NP2-Causality,Anna,erzürnte,"Eva,",weil,sie,am frühen Morgen,reizbar war,und,Wiederstand,wahrnahm,"Anna erzürnte Eva, weil sie am frühen Morgen reizbar war und Wiederstand wahrnahm.",ok_prefix_keep_particle_or_punctuation,Frank,Anna,Hans,Eva,NP1,,,infuriated,StimExp,10,1,-2.45,75,NP1,erzürnte,wütend machte,0.02,12,,"Der Schüler machte die Zauberin wütend, weil sie am frühen Morgen anspruchsvoll war und den Respekt forderte.",anspruchsvoll,15.15,13,87.5,87.5,optimal,nonamb
185,swapped,8,39,erzürnte,NP2-Causality,Anna,erzürnte,"Hans,",weil,er,am frühen Morgen,reizbar war,und,Wiederstand,wahrnahm,"Anna erzürnte Hans, weil er am frühen Morgen reizbar war und Wiederstand wahrnahm.",ok_prefix_keep_particle_or_punctuation,Frank,Anna,Hans,Eva,NP1,,,infuriated,StimExp,10,1,-2.45,75,NP1,erzürnte,wütend machte,0.02,12,,"Der Schüler machte die Zauberin wütend, weil sie am frühen Morgen anspruchsvoll war und den Respekt forderte.",anspruchsvoll,15.15,13,87.5,87.5,optimal,nonamb
186,original,1,40,intrigierte,NP1-Causality,Paul,intrigierte,"Claudia,",weil ,er,seit kurzer Zeit,populistisch war,und,Stimmungen,schürte,"Paul intrigierte Claudia, weil er seit kurzer Zeit populistisch war und Stimmungen schürte.",ok_prefix_keep_particle_or_punctuation,Paul,Birgit,Martin,Claudia,NP1,,,intrigued,StimExp,9,17,1.45,76,NP1,intrigierte,aufhetzte,0.02,9,,"Der Fürsprecher hetzte die Lehrerin auf, weil er seit kurzer Zeit populistisch war und die Stimmung schürte.",populistisch,0.63,12,81.25,81.25,optimal,nonamb
186,both_male,2,40,intrigierte,NP1-Causality,Paul,intrigierte,"Martin,",weil ,er,seit kurzer Zeit,populistisch war,und,Stimmungen,schürte,"Paul intrigierte Martin, weil er seit kurzer Zeit populistisch war und Stimmungen schürte.",ok_prefix_keep_particle_or_punctuation,Paul,Birgit,Martin,Claudia,NP1,,,intrigued,StimExp,9,17,1.45,76,NP1,intrigierte,aufhetzte,0.02,9,,"Der Fürsprecher hetzte die Lehrerin auf, weil er seit kurzer Zeit populistisch war und die Stimmung schürte.",populistisch,0.63,12,81.25,81.25,optimal,nonamb
186,both_female,3,40,intrigierte,NP1-Causality,Birgit,intrigierte,"Claudia,",weil ,sie,seit kurzer Zeit,populistisch war,und,Stimmungen,schürte,"Birgit intrigierte Claudia, weil sie seit kurzer Zeit populistisch war und Stimmungen schürte.",ok_prefix_keep_particle_or_punctuation,Paul,Birgit,Martin,Claudia,NP1,,,intrigued,StimExp,9,17,1.45,76,NP1,intrigierte,aufhetzte,0.02,9,,"Der Fürsprecher hetzte die Lehrerin auf, weil er seit kurzer Zeit populistisch war und die Stimmung schürte.",populistisch,0.63,12,81.25,81.25,optimal,nonamb
186,swapped,4,40,intrigierte,NP1-Causality,Birgit,intrigierte,"Martin,",weil ,sie,seit kurzer Zeit,populistisch war,und,Stimmungen,schürte,"Birgit intrigierte Martin, weil sie seit kurzer Zeit populistisch war und Stimmungen schürte.",ok_prefix_keep_particle_or_punctuation,Paul,Birgit,Martin,Claudia,NP1,,,intrigued,StimExp,9,17,1.45,76,NP1,intrigierte,aufhetzte,0.02,9,,"Der Fürsprecher hetzte die Lehrerin auf, weil er seit kurzer Zeit populistisch war und die Stimmung schürte.",populistisch,0.63,12,81.25,81.25,optimal,nonamb
187,original,5,40,intrigierte,NP2-Causality,Paul,intrigierte,"Claudia,",weil ,sie,seit kurzer Zeit,beeinflussbar war,und,Alternativen,suchte,"Paul intrigierte Claudia, weil sie seit kurzer Zeit beeinflussbar war und Alternativen suchte.",ok_prefix_keep_particle_or_punctuation,Paul,Birgit,Martin,Claudia,NP1,,,intrigued,StimExp,9,17,1.45,76,NP1,intrigierte,aufhetzte,0.02,9,,"Der Fürsprecher hetzte die Lehrerin auf, weil sie seit kurzer Zeit beeinflussbar war und das Wort folgte.",beeinflussbar,0.57,13,81.25,81.25,optimal,nonamb
187,both_male,6,40,intrigierte,NP2-Causality,Paul,intrigierte,"Martin,",weil ,er,seit kurzer Zeit,beeinflussbar war,und,Alternativen,suchte,"Paul intrigierte Martin, weil er seit kurzer Zeit beeinflussbar war und Alternativen suchte.",ok_prefix_keep_particle_or_punctuation,Paul,Birgit,Martin,Claudia,NP1,,,intrigued,StimExp,9,17,1.45,76,NP1,intrigierte,aufhetzte,0.02,9,,"Der Fürsprecher hetzte die Lehrerin auf, weil sie seit kurzer Zeit beeinflussbar war und das Wort folgte.",beeinflussbar,0.57,13,81.25,81.25,optimal,nonamb
187,both_female,7,40,intrigierte,NP2-Causality,Birgit,intrigierte,"Claudia,",weil ,sie,seit kurzer Zeit,beeinflussbar war,und,Alternativen,suchte,"Birgit intrigierte Claudia, weil sie seit kurzer Zeit beeinflussbar war und Alternativen suchte.",ok_prefix_keep_particle_or_punctuation,Paul,Birgit,Martin,Claudia,NP1,,,intrigued,StimExp,9,17,1.45,76,NP1,intrigierte,aufhetzte,0.02,9,,"Der Fürsprecher hetzte die Lehrerin auf, weil sie seit kurzer Zeit beeinflussbar war und das Wort folgte.",beeinflussbar,0.57,13,81.25,81.25,optimal,nonamb
187,swapped,8,40,intrigierte,NP2-Causality,Birgit,intrigierte,"Martin,",weil ,er,seit kurzer Zeit,beeinflussbar war,und,Alternativen,suchte,"Birgit intrigierte Martin, weil er seit kurzer Zeit beeinflussbar war und Alternativen suchte.",ok_prefix_keep_particle_or_punctuation,Paul,Birgit,Martin,Claudia,NP1,,,intrigued,StimExp,9,17,1.45,76,NP1,intrigierte,aufhetzte,0.02,9,,"Der Fürsprecher hetzte die Lehrerin auf, weil sie seit kurzer Zeit beeinflussbar war und das Wort folgte.",beeinflussbar,0.57,13,81.25,81.25,optimal,nonamb
18,original,1,41,mochte,NP1-Causality,Sebastian,mochte,"Susanne,",weil ,er,schon seit Langem,schaulustig war,und,den Nervenkitzel,genoss,"Sebastian mochte Susanne, weil er schon seit Langem schaulustig war und den Nervenkitzel genoss.",ok_prefix_keep_particle_or_punctuation,Sebastian,Linda,Andreas,Susanne,NP2,,,liked,ExpStim,5,0,1.73,-91,NP2,mochte,mochte,5.94,6,,"Der Kaiser mochte die Gladiatorin, weil er schon seit Langem schaulustig war und die Gefahr meisterte.",mutig,13.77,5,18.75,18.75,suboptimal,nonamb
18,both_male,2,41,mochte,NP1-Causality,Sebastian,mochte,"Andreas,",weil ,er,schon seit Langem,schaulustig war,und,den Nervenkitzel,genoss,"Sebastian mochte Andreas, weil er schon seit Langem schaulustig war und den Nervenkitzel genoss.",ok_prefix_keep_particle_or_punctuation,Sebastian,Linda,Andreas,Susanne,NP2,,,liked,ExpStim,5,0,1.73,-91,NP2,mochte,mochte,5.94,6,,"Der Kaiser mochte die Gladiatorin, weil er schon seit Langem schaulustig war und die Gefahr meisterte.",mutig,13.77,5,18.75,18.75,suboptimal,nonamb
18,both_female,3,41,mochte,NP1-Causality,Linda,mochte,"Susanne,",weil ,sie,schon seit Langem,schaulustig war,und,den Nervenkitzel,genoss,"Linda mochte Susanne, weil sie schon seit Langem schaulustig war und den Nervenkitzel genoss.",ok_prefix_keep_particle_or_punctuation,Sebastian,Linda,Andreas,Susanne,NP2,,,liked,ExpStim,5,0,1.73,-91,NP2,mochte,mochte,5.94,6,,"Der Kaiser mochte die Gladiatorin, weil er schon seit Langem schaulustig war und die Gefahr meisterte.",mutig,13.77,5,18.75,18.75,suboptimal,nonamb
18,swapped,4,41,mochte,NP1-Causality,Linda,mochte,"Andreas,",weil ,sie,schon seit Langem,schaulustig war,und,den Nervenkitzel,genoss,"Linda mochte Andreas, weil sie schon seit Langem schaulustig war und den Nervenkitzel genoss.",ok_prefix_keep_particle_or_punctuation,Sebastian,Linda,Andreas,Susanne,NP2,,,liked,ExpStim,5,0,1.73,-91,NP2,mochte,mochte,5.94,6,,"Der Kaiser mochte die Gladiatorin, weil er schon seit Langem schaulustig war und die Gefahr meisterte.",mutig,13.77,5,18.75,18.75,suboptimal,nonamb
19,original,5,41,mochte,NP2-Causality,Sebastian,mochte,"Susanne,",weil ,sie,schon seit Langem,mutig war,und,Gewandheit,zeigte,"Sebastian mochte Susanne, weil sie schon seit Langem mutig war und Gewandheit zeigte.",ok_prefix_keep_particle_or_punctuation,Sebastian,Linda,Andreas,Susanne,NP2,,,liked,ExpStim,5,0,1.73,-91,NP2,mochte,mochte,5.94,6,,"Der Kaiser mochte die Gladiatorin, weil sie schon seit Langem mutig war und den Kampf liebte.",schaulustig,0.07,11,18.75,18.75,suboptimal,nonamb
19,both_male,6,41,mochte,NP2-Causality,Sebastian,mochte,"Andreas,",weil ,er,schon seit Langem,mutig war,und,Gewandheit,zeigte,"Sebastian mochte Andreas, weil er schon seit Langem mutig war und Gewandheit zeigte.",ok_prefix_keep_particle_or_punctuation,Sebastian,Linda,Andreas,Susanne,NP2,,,liked,ExpStim,5,0,1.73,-91,NP2,mochte,mochte,5.94,6,,"Der Kaiser mochte die Gladiatorin, weil sie schon seit Langem mutig war und den Kampf liebte.",schaulustig,0.07,11,18.75,18.75,suboptimal,nonamb
19,both_female,7,41,mochte,NP2-Causality,Linda,mochte,"Susanne,",weil ,sie,schon seit Langem,mutig war,und,Gewandheit,zeigte,"Linda mochte Susanne, weil sie schon seit Langem mutig war und Gewandheit zeigte.",ok_prefix_keep_particle_or_punctuation,Sebastian,Linda,Andreas,Susanne,NP2,,,liked,ExpStim,5,0,1.73,-91,NP2,mochte,mochte,5.94,6,,"Der Kaiser mochte die Gladiatorin, weil sie schon seit Langem mutig war und den Kampf liebte.",schaulustig,0.07,11,18.75,18.75,suboptimal,nonamb
19,swapped,8,41,mochte,NP2-Causality,Linda,mochte,"Andreas,",weil ,er,schon seit Langem,mutig war,und,Gewandheit,zeigte,"Linda mochte Andreas, weil er schon seit Langem mutig war und Gewandheit zeigte.",ok_prefix_keep_particle_or_punctuation,Sebastian,Linda,Andreas,Susanne,NP2,,,liked,ExpStim,5,0,1.73,-91,NP2,mochte,mochte,5.94,6,,"Der Kaiser mochte die Gladiatorin, weil sie schon seit Langem mutig war und den Kampf liebte.",schaulustig,0.07,11,18.75,18.75,suboptimal,nonamb
36,original,1,42,liebte,NP1-Causality,Uwe,liebte,"Barbara,",weil,er,von Anfang an,hilfsbedürftig war,und,die Hilfe,benötigte,"Uwe liebte Barbara, weil er von Anfang an hilfsbedürftig war und die Hilfe benötigte.",ok_prefix_keep_particle_or_punctuation,Uwe,Martina,Tobias,Barbara,NP2,,,loved,ExpStim,5,284,2.45,-80,NP2,liebte,liebte,5.2,6,,"Der Großvater liebte die Hündin, weil er von Anfang an senil war und die Hilfe brauchte. ",senil,0.45,5,56.25,56.25,suboptimal,nonamb
36,both_male,2,42,liebte,NP1-Causality,Uwe,liebte,"Tobias,",weil,er,von Anfang an,hilfsbedürftig war,und,die Hilfe,benötigte,"Uwe liebte Tobias, weil er von Anfang an hilfsbedürftig war und die Hilfe benötigte.",ok_prefix_keep_particle_or_punctuation,Uwe,Martina,Tobias,Barbara,NP2,,,loved,ExpStim,5,284,2.45,-80,NP2,liebte,liebte,5.2,6,,"Der Großvater liebte die Hündin, weil er von Anfang an senil war und die Hilfe brauchte. ",senil,0.45,5,56.25,56.25,suboptimal,nonamb
36,both_female,3,42,liebte,NP1-Causality,Martina,liebte,"Barbara,",weil,sie,von Anfang an,hilfsbedürftig war,und,die Hilfe,benötigte,"Martina liebte Barbara, weil sie von Anfang an hilfsbedürftig war und die Hilfe benötigte.",ok_prefix_keep_particle_or_punctuation,Uwe,Martina,Tobias,Barbara,NP2,,,loved,ExpStim,5,284,2.45,-80,NP2,liebte,liebte,5.2,6,,"Der Großvater liebte die Hündin, weil er von Anfang an senil war und die Hilfe brauchte. ",senil,0.45,5,56.25,56.25,suboptimal,nonamb
36,swapped,4,42,liebte,NP1-Causality,Martina,liebte,"Tobias,",weil,sie,von Anfang an,hilfsbedürftig war,und,die Hilfe,benötigte,"Martina liebte Tobias, weil sie von Anfang an hilfsbedürftig war und die Hilfe benötigte.",ok_prefix_keep_particle_or_punctuation,Uwe,Martina,Tobias,Barbara,NP2,,,loved,ExpStim,5,284,2.45,-80,NP2,liebte,liebte,5.2,6,,"Der Großvater liebte die Hündin, weil er von Anfang an senil war und die Hilfe brauchte. ",senil,0.45,5,56.25,56.25,suboptimal,nonamb
37,original,5,42,liebte,NP2-Causality,Uwe,liebte,"Barbara,",weil,sie,von Anfang an,treu war,und ,Zuneigung,signalisierte,"Uwe liebte Barbara, weil sie von Anfang an treu war und Zuneigung signalisierte.",ok_prefix_keep_particle_or_punctuation,Uwe,Martina,Tobias,Barbara,NP2,,,loved,ExpStim,5,284,2.45,-80,NP2,liebte,liebte,5.2,6,,"Der Großvater liebte die Hündin, weil sie von Anfang an treu war und die Freude brachte.",treu,23.52,4,56.25,56.25,suboptimal,nonamb
37,both_male,6,42,liebte,NP2-Causality,Uwe,liebte,"Tobias,",weil,er,von Anfang an,treu war,und ,Zuneigung,signalisierte,"Uwe liebte Tobias, weil er von Anfang an treu war und Zuneigung signalisierte.",ok_prefix_keep_particle_or_punctuation,Uwe,Martina,Tobias,Barbara,NP2,,,loved,ExpStim,5,284,2.45,-80,NP2,liebte,liebte,5.2,6,,"Der Großvater liebte die Hündin, weil sie von Anfang an treu war und die Freude brachte.",treu,23.52,4,56.25,56.25,suboptimal,nonamb
37,both_female,7,42,liebte,NP2-Causality,Martina,liebte,"Barbara,",weil,sie,von Anfang an,treu war,und ,Zuneigung,signalisierte,"Martina liebte Barbara, weil sie von Anfang an treu war und Zuneigung signalisierte.",ok_prefix_keep_particle_or_punctuation,Uwe,Martina,Tobias,Barbara,NP2,,,loved,ExpStim,5,284,2.45,-80,NP2,liebte,liebte,5.2,6,,"Der Großvater liebte die Hündin, weil sie von Anfang an treu war und die Freude brachte.",treu,23.52,4,56.25,56.25,suboptimal,nonamb
37,swapped,8,42,liebte,NP2-Causality,Martina,liebte,"Tobias,",weil,er,von Anfang an,treu war,und ,Zuneigung,signalisierte,"Martina liebte Tobias, weil er von Anfang an treu war und Zuneigung signalisierte.",ok_prefix_keep_particle_or_punctuation,Uwe,Martina,Tobias,Barbara,NP2,,,loved,ExpStim,5,284,2.45,-80,NP2,liebte,liebte,5.2,6,,"Der Großvater liebte die Hündin, weil sie von Anfang an treu war und die Freude brachte.",treu,23.52,4,56.25,56.25,suboptimal,nonamb
66,original,1,44,trauerte um,NP1-Causality,Johannes,trauerte um,"Laura,",weil,er,vor kurzer Zeit,einsam wurde,und,die Güte,vermisste,"Johannes trauerte um Laura, weil er vor kurzer Zeit einsam wurde und die Güte vermisste.",ok_prefix_keep_particle_or_punctuation,Johannes,Sarah,Klaus,Laura,NP2,,,mourned,ExpStim,7,10,-2.73,-72,NP2,trauerte um,trauerte,0.3,8,,"Der Mann trauerte um die Kollegin, weil er schon seit Langem mitfühlend war und die Sorge teilte.",mitfühlend,1.08,10,68.75,68.75,optimal,nonamb
66,both_male,2,44,trauerte um,NP1-Causality,Johannes,trauerte um,"Klaus,",weil,er,vor kurzer Zeit,einsam wurde,und,die Güte,vermisste,"Johannes trauerte um Klaus, weil er vor kurzer Zeit einsam wurde und die Güte vermisste.",ok_prefix_keep_particle_or_punctuation,Johannes,Sarah,Klaus,Laura,NP2,,,mourned,ExpStim,7,10,-2.73,-72,NP2,trauerte um,trauerte,0.3,8,,"Der Mann trauerte um die Kollegin, weil er schon seit Langem mitfühlend war und die Sorge teilte.",mitfühlend,1.08,10,68.75,68.75,optimal,nonamb
66,both_female,3,44,trauerte um,NP1-Causality,Sarah,trauerte um,"Laura,",weil,sie,vor kurzer Zeit,einsam wurde,und,die Güte,vermisste,"Sarah trauerte um Laura, weil sie vor kurzer Zeit einsam wurde und die Güte vermisste.",ok_prefix_keep_particle_or_punctuation,Johannes,Sarah,Klaus,Laura,NP2,,,mourned,ExpStim,7,10,-2.73,-72,NP2,trauerte um,trauerte,0.3,8,,"Der Mann trauerte um die Kollegin, weil er schon seit Langem mitfühlend war und die Sorge teilte.",mitfühlend,1.08,10,68.75,68.75,optimal,nonamb
66,swapped,4,44,trauerte um,NP1-Causality,Sarah,trauerte um,"Klaus,",weil,sie,vor kurzer Zeit,einsam wurde,und,die Güte,vermisste,"Sarah trauerte um Klaus, weil sie vor kurzer Zeit einsam wurde und die Güte vermisste.",ok_prefix_keep_particle_or_punctuation,Johannes,Sarah,Klaus,Laura,NP2,,,mourned,ExpStim,7,10,-2.73,-72,NP2,trauerte um,trauerte,0.3,8,,"Der Mann trauerte um die Kollegin, weil er schon seit Langem mitfühlend war und die Sorge teilte.",mitfühlend,1.08,10,68.75,68.75,optimal,nonamb
67,original,5,44,trauerte um,NP2-Causality,Johannes,trauerte um,"Laura,",weil,sie,vor kurzer Zeit,verstorben war,und,ein Engel,gewesen war,"Johannes trauerte um Laura, weil sie vor kurzer Zeit verstorben war und ein Engel gewesen war.",ok_prefix_keep_particle_or_punctuation,Johannes,Sarah,Klaus,Laura,NP2,,,mourned,ExpStim,7,10,-2.73,-72,NP2,trauerte um,trauerte,0.3,8,,"Der Mann trauerte um die Kollegin, weil sie schon seit Langem verstorben war und die Trauer hervorrief.",verstorben,16.86,10,68.75,68.75,optimal,nonamb
67,both_male,6,44,trauerte um,NP2-Causality,Johannes,trauerte um,"Klaus,",weil,er,vor kurzer Zeit,verstorben war,und,ein Engel,gewesen war,"Johannes trauerte um Klaus, weil er vor kurzer Zeit verstorben war und ein Engel gewesen war.",ok_prefix_keep_particle_or_punctuation,Johannes,Sarah,Klaus,Laura,NP2,,,mourned,ExpStim,7,10,-2.73,-72,NP2,trauerte um,trauerte,0.3,8,,"Der Mann trauerte um die Kollegin, weil sie schon seit Langem verstorben war und die Trauer hervorrief.",verstorben,16.86,10,68.75,68.75,optimal,nonamb
67,both_female,7,44,trauerte um,NP2-Causality,Sarah,trauerte um,"Laura,",weil,sie,vor kurzer Zeit,verstorben war,und,ein Engel,gewesen war,"Sarah trauerte um Laura, weil sie vor kurzer Zeit verstorben war und ein Engel gewesen war.",ok_prefix_keep_particle_or_punctuation,Johannes,Sarah,Klaus,Laura,NP2,,,mourned,ExpStim,7,10,-2.73,-72,NP2,trauerte um,trauerte,0.3,8,,"Der Mann trauerte um die Kollegin, weil sie schon seit Langem verstorben war und die Trauer hervorrief.",verstorben,16.86,10,68.75,68.75,optimal,nonamb
67,swapped,8,44,trauerte um,NP2-Causality,Sarah,trauerte um,"Klaus,",weil,er,vor kurzer Zeit,verstorben war,und,ein Engel,gewesen war,"Sarah trauerte um Klaus, weil er vor kurzer Zeit verstorben war und ein Engel gewesen war.",ok_prefix_keep_particle_or_punctuation,Johannes,Sarah,Klaus,Laura,NP2,,,mourned,ExpStim,7,10,-2.73,-72,NP2,trauerte um,trauerte,0.3,8,,"Der Mann trauerte um die Kollegin, weil sie schon seit Langem verstorben war und die Trauer hervorrief.",verstorben,16.86,10,68.75,68.75,optimal,nonamb
102,original,1,45,schüttelte,NP1-Causality,David,schüttelte ,"Sabine,",weil,er,in der Situation,sorgenvoll war,und,Schlimmes,befürchtete,"David schüttelte Sabine, weil er in der Situation sorgenvoll war und Schlimmes befürchtete.",ok_prefix_keep_particle_or_punctuation,David,Renate,Alexander,Sabine,neutral,,,jolted,StimExp,6,10,-0.91,-3,neutral,schüttelte,riss,5.62,13,,"Der Mann riss das Mädchen vorwärts, weil er von Anfang an schwer war und den Schritt beschleunigte.",schwer,228.24,6,87.5,87.5,optimal,nonamb
102,both_male,2,45,schüttelte,NP1-Causality,David,schüttelte ,"Alexander,",weil,er,in der Situation,sorgenvoll war,und,Schlimmes,befürchtete,"David schüttelte Alexander, weil er in der Situation sorgenvoll war und Schlimmes befürchtete.",ok_prefix_keep_particle_or_punctuation,David,Renate,Alexander,Sabine,neutral,,,jolted,StimExp,6,10,-0.91,-3,neutral,schüttelte,riss,5.62,13,,"Der Mann riss das Mädchen vorwärts, weil er von Anfang an schwer war und den Schritt beschleunigte.",schwer,228.24,6,87.5,87.5,optimal,nonamb
102,both_female,3,45,schüttelte,NP1-Causality,Renate,schüttelte ,"Sabine,",weil,sie,in der Situation,sorgenvoll war,und,Schlimmes,befürchtete,"Renate schüttelte Sabine, weil sie in der Situation sorgenvoll war und Schlimmes befürchtete.",ok_prefix_keep_particle_or_punctuation,David,Renate,Alexander,Sabine,neutral,,,jolted,StimExp,6,10,-0.91,-3,neutral,schüttelte,riss,5.62,13,,"Der Mann riss das Mädchen vorwärts, weil er von Anfang an schwer war und den Schritt beschleunigte.",schwer,228.24,6,87.5,87.5,optimal,nonamb
102,swapped,4,45,schüttelte,NP1-Causality,Renate,schüttelte ,"Alexander,",weil,sie,in der Situation,sorgenvoll war,und,Schlimmes,befürchtete,"Renate schüttelte Alexander, weil sie in der Situation sorgenvoll war und Schlimmes befürchtete.",ok_prefix_keep_particle_or_punctuation,David,Renate,Alexander,Sabine,neutral,,,jolted,StimExp,6,10,-0.91,-3,neutral,schüttelte,riss,5.62,13,,"Der Mann riss das Mädchen vorwärts, weil er von Anfang an schwer war und den Schritt beschleunigte.",schwer,228.24,6,87.5,87.5,optimal,nonamb
103,original,5,45,schüttelte,NP2-Causality,David,schüttelte ,"Sabine,",weil,sie,in der Situation,apathisch war,und,die Augen,verdrehte,"David schüttelte Sabine, weil sie in der Situation apathisch war und die Augen verdrehte.",ok_prefix_keep_particle_or_punctuation,David,Renate,Alexander,Sabine,neutral,,,jolted,StimExp,6,10,-0.91,-3,neutral,schüttelte,riss,5.62,13,,"Der Mann riss das Mädchen vorwärts, weil sie von Anfang an leicht war und das Gleichgewicht verlor.",leicht,208.29,6,87.5,87.5,optimal,nonamb
103,both_male,6,45,schüttelte,NP2-Causality,David,schüttelte ,"Alexander,",weil,er,in der Situation,apathisch war,und,die Augen,verdrehte,"David schüttelte Alexander, weil er in der Situation apathisch war und die Augen verdrehte.",ok_prefix_keep_particle_or_punctuation,David,Renate,Alexander,Sabine,neutral,,,jolted,StimExp,6,10,-0.91,-3,neutral,schüttelte,riss,5.62,13,,"Der Mann riss das Mädchen vorwärts, weil sie von Anfang an leicht war und das Gleichgewicht verlor.",leicht,208.29,6,87.5,87.5,optimal,nonamb
103,both_female,7,45,schüttelte,NP2-Causality,Renate,schüttelte ,"Sabine,",weil,sie,in der Situation,apathisch war,und,die Augen,verdrehte,"Renate schüttelte Sabine, weil sie in der Situation apathisch war und die Augen verdrehte.",ok_prefix_keep_particle_or_punctuation,David,Renate,Alexander,Sabine,neutral,,,jolted,StimExp,6,10,-0.91,-3,neutral,schüttelte,riss,5.62,13,,"Der Mann riss das Mädchen vorwärts, weil sie von Anfang an leicht war und das Gleichgewicht verlor.",leicht,208.29,6,87.5,87.5,optimal,nonamb
103,swapped,8,45,schüttelte,NP2-Causality,Renate,schüttelte ,"Alexander,",weil,er,in der Situation,apathisch war,und,die Augen,verdrehte,"Renate schüttelte Alexander, weil er in der Situation apathisch war und die Augen verdrehte.",ok_prefix_keep_particle_or_punctuation,David,Renate,Alexander,Sabine,neutral,,,jolted,StimExp,6,10,-0.91,-3,neutral,schüttelte,riss,5.62,13,,"Der Mann riss das Mädchen vorwärts, weil sie von Anfang an leicht war und das Gleichgewicht verlor.",leicht,208.29,6,87.5,87.5,optimal,nonamb
114,original,1,46,verließ,NP1-Causality,Wolfgang,verließ,"Nicole,",weil,er,seit kurzer Zeit,egoistisch war,und,Anderes ,tun wollte,"Wolfgang verließ Nicole, weil er seit kurzer Zeit egoistisch war und Anderes tun wollte.",ok_prefix_keep_particle_or_punctuation,Wolfgang,Monika,Peter,Nicole,neutral,,,left,AgP,4,175,-1.45,2,neutral,verließ,verließ,11.81,8,,"Der Verantwortliche verließ die Schülerin, weil er seit kurzer Zeit egoistisch war und den Abstand verlangte.",egoistisch,3.79,10,93.75,93.75,optimal,nonamb
114,both_male,2,46,verließ,NP1-Causality,Wolfgang,verließ,"Peter,",weil,er,seit kurzer Zeit,egoistisch war,und,Anderes ,tun wollte,"Wolfgang verließ Peter, weil er seit kurzer Zeit egoistisch war und Anderes tun wollte.",ok_prefix_keep_particle_or_punctuation,Wolfgang,Monika,Peter,Nicole,neutral,,,left,AgP,4,175,-1.45,2,neutral,verließ,verließ,11.81,8,,"Der Verantwortliche verließ die Schülerin, weil er seit kurzer Zeit egoistisch war und den Abstand verlangte.",egoistisch,3.79,10,93.75,93.75,optimal,nonamb
114,both_female,3,46,verließ,NP1-Causality,Monika,verließ,"Nicole,",weil,sie,seit kurzer Zeit,egoistisch war,und,Anderes ,tun wollte,"Monika verließ Nicole, weil sie seit kurzer Zeit egoistisch war und Anderes tun wollte.",ok_prefix_keep_particle_or_punctuation,Wolfgang,Monika,Peter,Nicole,neutral,,,left,AgP,4,175,-1.45,2,neutral,verließ,verließ,11.81,8,,"Der Verantwortliche verließ die Schülerin, weil er seit kurzer Zeit egoistisch war und den Abstand verlangte.",egoistisch,3.79,10,93.75,93.75,optimal,nonamb
114,swapped,4,46,verließ,NP1-Causality,Monika,verließ,"Peter,",weil,sie,seit kurzer Zeit,egoistisch war,und,Anderes ,tun wollte,"Monika verließ Peter, weil sie seit kurzer Zeit egoistisch war und Anderes tun wollte.",ok_prefix_keep_particle_or_punctuation,Wolfgang,Monika,Peter,Nicole,neutral,,,left,AgP,4,175,-1.45,2,neutral,verließ,verließ,11.81,8,,"Der Verantwortliche verließ die Schülerin, weil er seit kurzer Zeit egoistisch war und den Abstand verlangte.",egoistisch,3.79,10,93.75,93.75,optimal,nonamb
115,original,5,46,verließ,NP2-Causality,Wolfgang,verließ,"Nicole,",weil,sie,seit kurzer Zeit,unverschämt war,und,die Nerven,strapazierte,"Wolfgang verließ Nicole, weil sie seit kurzer Zeit unverschämt war und die Nerven strapazierte.",ok_prefix_keep_particle_or_punctuation,Wolfgang,Monika,Peter,Nicole,neutral,,,left,AgP,4,175,-1.45,2,neutral,verließ,verließ,11.81,8,,"Der Verantwortliche verließ die Schülerin, weil sie seit kurzer Zeit anstrengend war und die Nerven strapazierte.",anstrengend,8.91,11,93.75,93.75,optimal,nonamb
115,both_male,6,46,verließ,NP2-Causality,Wolfgang,verließ,"Peter,",weil,er,seit kurzer Zeit,unverschämt war,und,die Nerven,strapazierte,"Wolfgang verließ Peter, weil er seit kurzer Zeit unverschämt war und die Nerven strapazierte.",ok_prefix_keep_particle_or_punctuation,Wolfgang,Monika,Peter,Nicole,neutral,,,left,AgP,4,175,-1.45,2,neutral,verließ,verließ,11.81,8,,"Der Verantwortliche verließ die Schülerin, weil sie seit kurzer Zeit anstrengend war und die Nerven strapazierte.",anstrengend,8.91,11,93.75,93.75,optimal,nonamb
115,both_female,7,46,verließ,NP2-Causality,Monika,verließ,"Nicole,",weil,sie,seit kurzer Zeit,unverschämt war,und,die Nerven,strapazierte,"Monika verließ Nicole, weil sie seit kurzer Zeit unverschämt war und die Nerven strapazierte.",ok_prefix_keep_particle_or_punctuation,Wolfgang,Monika,Peter,Nicole,neutral,,,left,AgP,4,175,-1.45,2,neutral,verließ,verließ,11.81,8,,"Der Verantwortliche verließ die Schülerin, weil sie seit kurzer Zeit anstrengend war und die Nerven strapazierte.",anstrengend,8.91,11,93.75,93.75,optimal,nonamb
115,swapped,8,46,verließ,NP2-Causality,Monika,verließ,"Peter,",weil,er,seit kurzer Zeit,unverschämt war,und,die Nerven,strapazierte,"Monika verließ Peter, weil er seit kurzer Zeit unverschämt war und die Nerven strapazierte.",ok_prefix_keep_particle_or_punctuation,Wolfgang,Monika,Peter,Nicole,neutral,,,left,AgP,4,175,-1.45,2,neutral,verließ,verließ,11.81,8,,"Der Verantwortliche verließ die Schülerin, weil sie seit kurzer Zeit anstrengend war und die Nerven strapazierte.",anstrengend,8.91,11,93.75,93.75,optimal,nonamb
122,original,1,47,tötete,NP1-Causality,Karl,tötete,"Lisa,",weil,er,unter den Umständen,erschrocken war,und,Aggression,dominierte,"Karl tötete Lisa, weil er unter den Umständen erschrocken war und Aggression dominierte.",ok_prefix_keep_particle_or_punctuation,Karl,Lena,Thomas,Lisa,neutral,,,killed,AgP,6,984,-2.82,5,neutral,tötete,tötete,2.65,6,,"Der Bewohner tötete die Katze, weil er seit einiger Zeit bösartig war und den Zorn entlud.",bösartig,6.48,8,56.25,56.25,suboptimal,nonamb
122,both_male,2,47,tötete,NP1-Causality,Karl,tötete,"Thomas,",weil,er,unter den Umständen,erschrocken war,und,Aggression,dominierte,"Karl tötete Thomas, weil er unter den Umständen erschrocken war und Aggression dominierte.",ok_prefix_keep_particle_or_punctuation,Karl,Lena,Thomas,Lisa,neutral,,,killed,AgP,6,984,-2.82,5,neutral,tötete,tötete,2.65,6,,"Der Bewohner tötete die Katze, weil er seit einiger Zeit bösartig war und den Zorn entlud.",bösartig,6.48,8,56.25,56.25,suboptimal,nonamb
122,both_female,3,47,tötete,NP1-Causality,Lena,tötete,"Lisa,",weil,sie,unter den Umständen,erschrocken war,und,Aggression,dominierte,"Lena tötete Lisa, weil sie unter den Umständen erschrocken war und Aggression dominierte.",ok_prefix_keep_particle_or_punctuation,Karl,Lena,Thomas,Lisa,neutral,,,killed,AgP,6,984,-2.82,5,neutral,tötete,tötete,2.65,6,,"Der Bewohner tötete die Katze, weil er seit einiger Zeit bösartig war und den Zorn entlud.",bösartig,6.48,8,56.25,56.25,suboptimal,nonamb
122,swapped,4,47,tötete,NP1-Causality,Lena,tötete,"Thomas,",weil,sie,unter den Umständen,erschrocken war,und,Aggression,dominierte,"Lena tötete Thomas, weil sie unter den Umständen erschrocken war und Aggression dominierte.",ok_prefix_keep_particle_or_punctuation,Karl,Lena,Thomas,Lisa,neutral,,,killed,AgP,6,984,-2.82,5,neutral,tötete,tötete,2.65,6,,"Der Bewohner tötete die Katze, weil er seit einiger Zeit bösartig war und den Zorn entlud.",bösartig,6.48,8,56.25,56.25,suboptimal,nonamb
123,original,5,47,tötete,NP2-Causality,Karl,tötete,"Lisa,",weil,sie,unter den Umständen,unberechenbar war,und,die Gefahr,eskalierte,"Karl tötete Lisa, weil sie unter den Umständen unberechenbar war und die Gefahr eskalierte.",ok_prefix_keep_particle_or_punctuation,Karl,Lena,Thomas,Lisa,neutral,,,killed,AgP,6,984,-2.82,5,neutral,tötete,tötete,2.65,6,,"Der Bewohner tötete die Katze, weil sie seit einiger Zeit unberechenbar war und die Lage verschärfte.",unberechenbar,2.85,13,56.25,56.25,suboptimal,nonamb
123,both_male,6,47,tötete,NP2-Causality,Karl,tötete,"Thomas,",weil,er,unter den Umständen,unberechenbar war,und,die Gefahr,eskalierte,"Karl tötete Thomas, weil er unter den Umständen unberechenbar war und die Gefahr eskalierte.",ok_prefix_keep_particle_or_punctuation,Karl,Lena,Thomas,Lisa,neutral,,,killed,AgP,6,984,-2.82,5,neutral,tötete,tötete,2.65,6,,"Der Bewohner tötete die Katze, weil sie seit einiger Zeit unberechenbar war und die Lage verschärfte.",unberechenbar,2.85,13,56.25,56.25,suboptimal,nonamb
123,both_female,7,47,tötete,NP2-Causality,Lena,tötete,"Lisa,",weil,sie,unter den Umständen,unberechenbar war,und,die Gefahr,eskalierte,"Lena tötete Lisa, weil sie unter den Umständen unberechenbar war und die Gefahr eskalierte.",ok_prefix_keep_particle_or_punctuation,Karl,Lena,Thomas,Lisa,neutral,,,killed,AgP,6,984,-2.82,5,neutral,tötete,tötete,2.65,6,,"Der Bewohner tötete die Katze, weil sie seit einiger Zeit unberechenbar war und die Lage verschärfte.",unberechenbar,2.85,13,56.25,56.25,suboptimal,nonamb
123,swapped,8,47,tötete,NP2-Causality,Lena,tötete,"Thomas,",weil,er,unter den Umständen,unberechenbar war,und,die Gefahr,eskalierte,"Lena tötete Thomas, weil er unter den Umständen unberechenbar war und die Gefahr eskalierte.",ok_prefix_keep_particle_or_punctuation,Karl,Lena,Thomas,Lisa,neutral,,,killed,AgP,6,984,-2.82,5,neutral,tötete,tötete,2.65,6,,"Der Bewohner tötete die Katze, weil sie seit einiger Zeit unberechenbar war und die Lage verschärfte.",unberechenbar,2.85,13,56.25,56.25,suboptimal,nonamb
106,original,1,48,besänftigte,NP1-Causality,Christian,besänftigte,"Katharina,",weil,er,unter den Umständen,nachgiebig war,und,den Forderungen,nachkam,"Christian besänftigte Katharina, weil er unter den Umständen nachgiebig war und den Forderungen nachkam.",ok_prefix_keep_particle_or_punctuation,Christian,Petra,Michael,Katharina,neutral,,,mollified,StimExp,9,2,-0.18,-2,neutral,besänftigte,besänftigte,0.07,11,,"Der Firmenleiter besänftigte die Naturschützerin, weil er in letzter Minute nachgiebig war und den Konflikt milderte.",nachgiebig,0.42,10,81.25,81.25,optimal,nonamb
106,both_male,2,48,besänftigte,NP1-Causality,Christian,besänftigte,"Michael,",weil,er,unter den Umständen,nachgiebig war,und,den Forderungen,nachkam,"Christian besänftigte Michael, weil er unter den Umständen nachgiebig war und den Forderungen nachkam.",ok_prefix_keep_particle_or_punctuation,Christian,Petra,Michael,Katharina,neutral,,,mollified,StimExp,9,2,-0.18,-2,neutral,besänftigte,besänftigte,0.07,11,,"Der Firmenleiter besänftigte die Naturschützerin, weil er in letzter Minute nachgiebig war und den Konflikt milderte.",nachgiebig,0.42,10,81.25,81.25,optimal,nonamb
106,both_female,3,48,besänftigte,NP1-Causality,Petra,besänftigte,"Katharina,",weil,sie,unter den Umständen,nachgiebig war,und,den Forderungen,nachkam,"Petra besänftigte Katharina, weil sie unter den Umständen nachgiebig war und den Forderungen nachkam.",ok_prefix_keep_particle_or_punctuation,Christian,Petra,Michael,Katharina,neutral,,,mollified,StimExp,9,2,-0.18,-2,neutral,besänftigte,besänftigte,0.07,11,,"Der Firmenleiter besänftigte die Naturschützerin, weil er in letzter Minute nachgiebig war und den Konflikt milderte.",nachgiebig,0.42,10,81.25,81.25,optimal,nonamb
106,swapped,4,48,besänftigte,NP1-Causality,Petra,besänftigte,"Michael,",weil,sie,unter den Umständen,nachgiebig war,und,den Forderungen,nachkam,"Petra besänftigte Michael, weil sie unter den Umständen nachgiebig war und den Forderungen nachkam.",ok_prefix_keep_particle_or_punctuation,Christian,Petra,Michael,Katharina,neutral,,,mollified,StimExp,9,2,-0.18,-2,neutral,besänftigte,besänftigte,0.07,11,,"Der Firmenleiter besänftigte die Naturschützerin, weil er in letzter Minute nachgiebig war und den Konflikt milderte.",nachgiebig,0.42,10,81.25,81.25,optimal,nonamb
107,original,5,48,besänftigte,NP2-Causality,Christian,besänftigte,"Katharina,",weil,sie,unter den Umständen,aufbrausend war,und,Verbesserungen,verlangte,"Christian besänftigte Katharina, weil sie unter den Umständen aufbrausend war und Verbesserungen verlangte.",ok_prefix_keep_particle_or_punctuation,Christian,Petra,Michael,Katharina,neutral,,,mollified,StimExp,9,2,-0.18,-2,neutral,besänftigte,besänftigte,0.07,11,,"Der Firmenleiter besänftigte die Naturschützerin, weil sie in letzter Minute mit einbezogen war und den Widerstand minderte.",mit einbezogen,2.85,13,81.25,81.25,optimal,nonamb
107,both_male,6,48,besänftigte,NP2-Causality,Christian,besänftigte,"Michael,",weil,er,unter den Umständen,aufbrausend war,und,Verbesserungen,verlangte,"Christian besänftigte Michael, weil er unter den Umständen aufbrausend war und Verbesserungen verlangte.",ok_prefix_keep_particle_or_punctuation,Christian,Petra,Michael,Katharina,neutral,,,mollified,StimExp,9,2,-0.18,-2,neutral,besänftigte,besänftigte,0.07,11,,"Der Firmenleiter besänftigte die Naturschützerin, weil sie in letzter Minute mit einbezogen war und den Widerstand minderte.",mit einbezogen,2.85,13,81.25,81.25,optimal,nonamb
107,both_female,7,48,besänftigte,NP2-Causality,Petra,besänftigte,"Katharina,",weil,sie,unter den Umständen,aufbrausend war,und,Verbesserungen,verlangte,"Petra besänftigte Katharina, weil sie unter den Umständen aufbrausend war und Verbesserungen verlangte.",ok_prefix_keep_particle_or_punctuation,Christian,Petra,Michael,Katharina,neutral,,,mollified,StimExp,9,2,-0.18,-2,neutral,besänftigte,besänftigte,0.07,11,,"Der Firmenleiter besänftigte die Naturschützerin, weil sie in letzter Minute mit einbezogen war und den Widerstand minderte.",mit einbezogen,2.85,13,81.25,81.25,optimal,nonamb
107,swapped,8,48,besänftigte,NP2-Causality,Petra,besänftigte,"Michael,",weil,er,unter den Umständen,aufbrausend war,und,Verbesserungen,verlangte,"Petra besänftigte Michael, weil er unter den Umständen aufbrausend war und Verbesserungen verlangte.",ok_prefix_keep_particle_or_punctuation,Christian,Petra,Michael,Katharina,neutral,,,mollified,StimExp,9,2,-0.18,-2,neutral,besänftigte,besänftigte,0.07,11,,"Der Firmenleiter besänftigte die Naturschützerin, weil sie in letzter Minute mit einbezogen war und den Widerstand minderte.",mit einbezogen,2.85,13,81.25,81.25,optimal,nonamb
220,original,1,49,beglückte,NP1-Causality,Florian,beglückte,"Nina,",weil,er,am frühen Morgen,zuvorkommend war,und,Arbeit,abnahm,"Florian beglückte Nina, weil er am frühen Morgen zuvorkommend war und Arbeit abnahm.",ok_prefix_keep_particle_or_punctuation,Florian,Johanna,Stefan,Nina,NP1,,,pleased,StimExp,7,0,1.73,83,NP1,beglückte,beglückte,0.22,9,,"Der Botaniker beglückte die Zoologin, weil er am frühen Morgen attraktiv war und die Sympathie weckte.  ",attraktiv,35.42,9,68.75,68.75,optimal,nonamb
220,both_male,2,49,beglückte,NP1-Causality,Florian,beglückte,"Stefan,",weil,er,am frühen Morgen,zuvorkommend war,und,Arbeit,abnahm,"Florian beglückte Stefan, weil er am frühen Morgen zuvorkommend war und Arbeit abnahm.",ok_prefix_keep_particle_or_punctuation,Florian,Johanna,Stefan,Nina,NP1,,,pleased,StimExp,7,0,1.73,83,NP1,beglückte,beglückte,0.22,9,,"Der Botaniker beglückte die Zoologin, weil er am frühen Morgen attraktiv war und die Sympathie weckte.  ",attraktiv,35.42,9,68.75,68.75,optimal,nonamb
220,both_female,3,49,beglückte,NP1-Causality,Johanna,beglückte,"Nina,",weil,sie,am frühen Morgen,zuvorkommend war,und,Arbeit,abnahm,"Johanna beglückte Nina, weil sie am frühen Morgen zuvorkommend war und Arbeit abnahm.",ok_prefix_keep_particle_or_punctuation,Florian,Johanna,Stefan,Nina,NP1,,,pleased,StimExp,7,0,1.73,83,NP1,beglückte,beglückte,0.22,9,,"Der Botaniker beglückte die Zoologin, weil er am frühen Morgen attraktiv war und die Sympathie weckte.  ",attraktiv,35.42,9,68.75,68.75,optimal,nonamb
220,swapped,4,49,beglückte,NP1-Causality,Johanna,beglückte,"Stefan,",weil,sie,am frühen Morgen,zuvorkommend war,und,Arbeit,abnahm,"Johanna beglückte Stefan, weil sie am frühen Morgen zuvorkommend war und Arbeit abnahm.",ok_prefix_keep_particle_or_punctuation,Florian,Johanna,Stefan,Nina,NP1,,,pleased,StimExp,7,0,1.73,83,NP1,beglückte,beglückte,0.22,9,,"Der Botaniker beglückte die Zoologin, weil er am frühen Morgen attraktiv war und die Sympathie weckte.  ",attraktiv,35.42,9,68.75,68.75,optimal,nonamb
221,original,5,49,beglückte,NP2-Causality,Florian,beglückte,"Nina,",weil,sie,am frühen Morgen,Hilfe benötigte,und,Unterstützung,erhielt,"Florian beglückte Nina, weil sie am frühen Morgen Hilfe benötigte und Unterstützung erhielt.",ok_prefix_keep_particle_or_punctuation,Florian,Johanna,Stefan,Nina,NP1,,,pleased,StimExp,7,0,1.73,83,NP1,beglückte,beglückte,0.22,9,,"Der Botaniker beglückte die Zoologin, weil sie am frühen Morgen gebraucht wurde und die Unterstützung zeigte.  ",gebraucht,28.06,9,68.75,68.75,optimal,nonamb
221,both_male,6,49,beglückte,NP2-Causality,Florian,beglückte,"Stefan,",weil,er,am frühen Morgen,Hilfe benötigte,und,Unterstützung,erhielt,"Florian beglückte Stefan, weil er am frühen Morgen Hilfe benötigte und Unterstützung erhielt.",ok_prefix_keep_particle_or_punctuation,Florian,Johanna,Stefan,Nina,NP1,,,pleased,StimExp,7,0,1.73,83,NP1,beglückte,beglückte,0.22,9,,"Der Botaniker beglückte die Zoologin, weil sie am frühen Morgen gebraucht wurde und die Unterstützung zeigte.  ",gebraucht,28.06,9,68.75,68.75,optimal,nonamb
221,both_female,7,49,beglückte,NP2-Causality,Johanna,beglückte,"Nina,",weil,sie,am frühen Morgen,Hilfe benötigte,und,Unterstützung,erhielt,"Johanna beglückte Nina, weil sie am frühen Morgen Hilfe benötigte und Unterstützung erhielt.",ok_prefix_keep_particle_or_punctuation,Florian,Johanna,Stefan,Nina,NP1,,,pleased,StimExp,7,0,1.73,83,NP1,beglückte,beglückte,0.22,9,,"Der Botaniker beglückte die Zoologin, weil sie am frühen Morgen gebraucht wurde und die Unterstützung zeigte.  ",gebraucht,28.06,9,68.75,68.75,optimal,nonamb
221,swapped,8,49,beglückte,NP2-Causality,Johanna,beglückte,"Stefan,",weil,er,am frühen Morgen,Hilfe benötigte,und,Unterstützung,erhielt,"Johanna beglückte Stefan, weil er am frühen Morgen Hilfe benötigte und Unterstützung erhielt.",ok_prefix_keep_particle_or_punctuation,Florian,Johanna,Stefan,Nina,NP1,,,pleased,StimExp,7,0,1.73,83,NP1,beglückte,beglückte,0.22,9,,"Der Botaniker beglückte die Zoologin, weil sie am frühen Morgen gebraucht wurde und die Unterstützung zeigte.  ",gebraucht,28.06,9,68.75,68.75,optimal,nonamb
192,original,1,50,wehrte … ab,NP1-Causality,Hans,wehrte,"Daniela ab,",weil,er,auf der Demonstration,dienstbeflissen war,und,die Ordnung,sicherte,"Hans wehrte Daniela ab, weil er auf der Demonstration dienstbeflissen war und die Ordnung sicherte.",ok_prefix_keep_particle_or_punctuation,Hans,Birgit,Thomas,Daniela,NP1,,,repulsed,StimExp,8,34,-2.91,76,NP1,wehrte … ab,abwehrte,0.1,8,,"Der Polizist wehrte die Randaliererin ab, weil er am frühen Vormittag dienstbeflissen war und die Ordnung sicherte. ",dienstbeflissen,0.05,15,31.25,31.25,suboptimal,nonamb
192,both_male,2,50,wehrte … ab,NP1-Causality,Hans,wehrte,"Thomas ab,",weil,er,auf der Demonstration,dienstbeflissen war,und,die Ordnung,sicherte,"Hans wehrte Thomas ab, weil er auf der Demonstration dienstbeflissen war und die Ordnung sicherte.",ok_prefix_keep_particle_or_punctuation,Hans,Birgit,Thomas,Daniela,NP1,,,repulsed,StimExp,8,34,-2.91,76,NP1,wehrte … ab,abwehrte,0.1,8,,"Der Polizist wehrte die Randaliererin ab, weil er am frühen Vormittag dienstbeflissen war und die Ordnung sicherte. ",dienstbeflissen,0.05,15,31.25,31.25,suboptimal,nonamb
192,both_female,3,50,wehrte … ab,NP1-Causality,Birgit,wehrte,"Daniela ab,",weil,sie,auf der Demonstration,dienstbeflissen war,und,die Ordnung,sicherte,"Birgit wehrte Daniela ab, weil sie auf der Demonstration dienstbeflissen war und die Ordnung sicherte.",ok_prefix_keep_particle_or_punctuation,Hans,Birgit,Thomas,Daniela,NP1,,,repulsed,StimExp,8,34,-2.91,76,NP1,wehrte … ab,abwehrte,0.1,8,,"Der Polizist wehrte die Randaliererin ab, weil er am frühen Vormittag dienstbeflissen war und die Ordnung sicherte. ",dienstbeflissen,0.05,15,31.25,31.25,suboptimal,nonamb
192,swapped,4,50,wehrte … ab,NP1-Causality,Birgit,wehrte,"Thomas ab,",weil,sie,auf der Demonstration,dienstbeflissen war,und,die Ordnung,sicherte,"Birgit wehrte Thomas ab, weil sie auf der Demonstration dienstbeflissen war und die Ordnung sicherte.",ok_prefix_keep_particle_or_punctuation,Hans,Birgit,Thomas,Daniela,NP1,,,repulsed,StimExp,8,34,-2.91,76,NP1,wehrte … ab,abwehrte,0.1,8,,"Der Polizist wehrte die Randaliererin ab, weil er am frühen Vormittag dienstbeflissen war und die Ordnung sicherte. ",dienstbeflissen,0.05,15,31.25,31.25,suboptimal,nonamb
193,original,5,50,wehrte … ab,NP2-Causality,Hans,wehrte,"Daniela ab,",weil,sie,auf der Demonstration,destruktiv war,und,Schaden,verursachte,"Hans wehrte Daniela ab, weil sie auf der Demonstration destruktiv war und Schaden verursachte.",ok_prefix_keep_particle_or_punctuation,Hans,Birgit,Thomas,Daniela,NP1,,,repulsed,StimExp,8,34,-2.91,76,NP1,wehrte … ab,abwehrte,0.1,8,,"Der Polizist wehrte die Randaliererin ab, weil sie am frühen Vormittag destruktiv war und den Schaden verursachte.",destruktiv,3.26,10,31.25,31.25,suboptimal,nonamb
193,both_male,6,50,wehrte … ab,NP2-Causality,Hans,wehrte,"Thomas ab,",weil,er,auf der Demonstration,destruktiv war,und,Schaden,verursachte,"Hans wehrte Thomas ab, weil er auf der Demonstration destruktiv war und Schaden verursachte.",ok_prefix_keep_particle_or_punctuation,Hans,Birgit,Thomas,Daniela,NP1,,,repulsed,StimExp,8,34,-2.91,76,NP1,wehrte … ab,abwehrte,0.1,8,,"Der Polizist wehrte die Randaliererin ab, weil sie am frühen Vormittag destruktiv war und den Schaden verursachte.",destruktiv,3.26,10,31.25,31.25,suboptimal,nonamb
193,both_female,7,50,wehrte … ab,NP2-Causality,Birgit,wehrte,"Daniela ab,",weil,sie,auf der Demonstration,destruktiv war,und,Schaden,verursachte,"Birgit wehrte Daniela ab, weil sie auf der Demonstration destruktiv war und Schaden verursachte.",ok_prefix_keep_particle_or_punctuation,Hans,Birgit,Thomas,Daniela,NP1,,,repulsed,StimExp,8,34,-2.91,76,NP1,wehrte … ab,abwehrte,0.1,8,,"Der Polizist wehrte die Randaliererin ab, weil sie am frühen Vormittag destruktiv war und den Schaden verursachte.",destruktiv,3.26,10,31.25,31.25,suboptimal,nonamb
193,swapped,8,50,wehrte … ab,NP2-Causality,Birgit,wehrte,"Thomas ab,",weil,er,auf der Demonstration,destruktiv war,und,Schaden,verursachte,"Birgit wehrte Thomas ab, weil er auf der Demonstration destruktiv war und Schaden verursachte.",ok_prefix_keep_particle_or_punctuation,Hans,Birgit,Thomas,Daniela,NP1,,,repulsed,StimExp,8,34,-2.91,76,NP1,wehrte … ab,abwehrte,0.1,8,,"Der Polizist wehrte die Randaliererin ab, weil sie am frühen Vormittag destruktiv war und den Schaden verursachte.",destruktiv,3.26,10,31.25,31.25,suboptimal,nonamb
158,original,1,51,provozierte,NP1-Causality,Martin,provozierte,"Sabine,",weil,er,an diesem Tag,unwillig war,und,Frustration,verspührte,"Martin provozierte Sabine, weil er an diesem Tag unwillig war und Frustration verspührte.",ok_prefix_keep_particle_or_punctuation,Martin,Barbara,David,Sabine,NP1,,,provoked,AgP,8,35,-1.36,70,NP1,provozierte,provozierte,0.95,11,,"Der Student provozierte die Chefin, weil er am späten Vormitag rachsüchtig war und den Ärger entfachte.",rachsüchtig,0.43,6,50,50,suboptimal,nonamb
158,both_male,2,51,provozierte,NP1-Causality,Martin,provozierte,"David,",weil,er,an diesem Tag,unwillig war,und,Frustration,verspührte,"Martin provozierte David, weil er an diesem Tag unwillig war und Frustration verspührte.",ok_prefix_keep_particle_or_punctuation,Martin,Barbara,David,Sabine,NP1,,,provoked,AgP,8,35,-1.36,70,NP1,provozierte,provozierte,0.95,11,,"Der Student provozierte die Chefin, weil er am späten Vormitag rachsüchtig war und den Ärger entfachte.",rachsüchtig,0.43,6,50,50,suboptimal,nonamb
158,both_female,3,51,provozierte,NP1-Causality,Barbara,provozierte,"Sabine,",weil,sie,an diesem Tag,unwillig war,und,Frustration,verspührte,"Barbara provozierte Sabine, weil sie an diesem Tag unwillig war und Frustration verspührte.",ok_prefix_keep_particle_or_punctuation,Martin,Barbara,David,Sabine,NP1,,,provoked,AgP,8,35,-1.36,70,NP1,provozierte,provozierte,0.95,11,,"Der Student provozierte die Chefin, weil er am späten Vormitag rachsüchtig war und den Ärger entfachte.",rachsüchtig,0.43,6,50,50,suboptimal,nonamb
158,swapped,4,51,provozierte,NP1-Causality,Barbara,provozierte,"David,",weil,sie,an diesem Tag,unwillig war,und,Frustration,verspührte,"Barbara provozierte David, weil sie an diesem Tag unwillig war und Frustration verspührte.",ok_prefix_keep_particle_or_punctuation,Martin,Barbara,David,Sabine,NP1,,,provoked,AgP,8,35,-1.36,70,NP1,provozierte,provozierte,0.95,11,,"Der Student provozierte die Chefin, weil er am späten Vormitag rachsüchtig war und den Ärger entfachte.",rachsüchtig,0.43,6,50,50,suboptimal,nonamb
159,original,5,51,provozierte,NP2-Causality,Martin,provozierte,"Sabine,",weil,sie,an diesem Tag,reizbar war,und,die Leistung,ignorierte,"Martin provozierte Sabine, weil sie an diesem Tag reizbar war und die Leistung ignorierte.",ok_prefix_keep_particle_or_punctuation,Martin,Barbara,David,Sabine,NP1,,,provoked,AgP,8,35,-1.36,70,NP1,provozierte,provozierte,0.95,11,,"Der Student provozierte die Chefin, weil sie am späten Vormittag reizbar war und die Stimmung verschärfte.",reizbar,0.5,7,50,50,suboptimal,nonamb
159,both_male,6,51,provozierte,NP2-Causality,Martin,provozierte,"David,",weil,er,an diesem Tag,reizbar war,und,die Leistung,ignorierte,"Martin provozierte David, weil er an diesem Tag reizbar war und die Leistung ignorierte.",ok_prefix_keep_particle_or_punctuation,Martin,Barbara,David,Sabine,NP1,,,provoked,AgP,8,35,-1.36,70,NP1,provozierte,provozierte,0.95,11,,"Der Student provozierte die Chefin, weil sie am späten Vormittag reizbar war und die Stimmung verschärfte.",reizbar,0.5,7,50,50,suboptimal,nonamb
159,both_female,7,51,provozierte,NP2-Causality,Barbara,provozierte,"Sabine,",weil,sie,an diesem Tag,reizbar war,und,die Leistung,ignorierte,"Barbara provozierte Sabine, weil sie an diesem Tag reizbar war und die Leistung ignorierte.",ok_prefix_keep_particle_or_punctuation,Martin,Barbara,David,Sabine,NP1,,,provoked,AgP,8,35,-1.36,70,NP1,provozierte,provozierte,0.95,11,,"Der Student provozierte die Chefin, weil sie am späten Vormittag reizbar war und die Stimmung verschärfte.",reizbar,0.5,7,50,50,suboptimal,nonamb
159,swapped,8,51,provozierte,NP2-Causality,Barbara,provozierte,"David,",weil,er,an diesem Tag,reizbar war,und,die Leistung,ignorierte,"Barbara provozierte David, weil er an diesem Tag reizbar war und die Leistung ignorierte.",ok_prefix_keep_particle_or_punctuation,Martin,Barbara,David,Sabine,NP1,,,provoked,AgP,8,35,-1.36,70,NP1,provozierte,provozierte,0.95,11,,"Der Student provozierte die Chefin, weil sie am späten Vormittag reizbar war und die Stimmung verschärfte.",reizbar,0.5,7,50,50,suboptimal,nonamb
176,original,1,52,erschrecken,NP1-Causality,Karl,erschreckte,"Martina,",weil,er,bei der Begegnung,obskur war,und,die Stimmung,verdunkelte,"Karl erschreckte Martina, weil er bei der Begegnung obskur war und die Stimmung verdunkelte.",ok_prefix_keep_particle_or_punctuation,Karl,Claudia,Daniel,Martina,NP1,,,scared,StimExp,6,0,-2,74,NP1,erschrecken,erschreckte,0.5,11,,"Der Mönch erschreckte die Teenagerin, weil er von Anfang an fürchterlich war und die Stimmung verdunkelte.",fürchterlich,5.74,12,62.5,62.5,suboptimal,nonamb
176,both_male,2,52,erschrecken,NP1-Causality,Karl,erschreckte,"Daniel,",weil,er,bei der Begegnung,obskur war,und,die Stimmung,verdunkelte,"Karl erschreckte Daniel, weil er bei der Begegnung obskur war und die Stimmung verdunkelte.",ok_prefix_keep_particle_or_punctuation,Karl,Claudia,Daniel,Martina,NP1,,,scared,StimExp,6,0,-2,74,NP1,erschrecken,erschreckte,0.5,11,,"Der Mönch erschreckte die Teenagerin, weil er von Anfang an fürchterlich war und die Stimmung verdunkelte.",fürchterlich,5.74,12,62.5,62.5,suboptimal,nonamb
176,both_female,3,52,erschrecken,NP1-Causality,Claudia,erschreckte,"Martina,",weil,sie,bei der Begegnung,obskur war,und,die Stimmung,verdunkelte,"Claudia erschreckte Martina, weil sie bei der Begegnung obskur war und die Stimmung verdunkelte.",ok_prefix_keep_particle_or_punctuation,Karl,Claudia,Daniel,Martina,NP1,,,scared,StimExp,6,0,-2,74,NP1,erschrecken,erschreckte,0.5,11,,"Der Mönch erschreckte die Teenagerin, weil er von Anfang an fürchterlich war und die Stimmung verdunkelte.",fürchterlich,5.74,12,62.5,62.5,suboptimal,nonamb
176,swapped,4,52,erschrecken,NP1-Causality,Claudia,erschreckte,"Daniel,",weil,sie,bei der Begegnung,obskur war,und,die Stimmung,verdunkelte,"Claudia erschreckte Daniel, weil sie bei der Begegnung obskur war und die Stimmung verdunkelte.",ok_prefix_keep_particle_or_punctuation,Karl,Claudia,Daniel,Martina,NP1,,,scared,StimExp,6,0,-2,74,NP1,erschrecken,erschreckte,0.5,11,,"Der Mönch erschreckte die Teenagerin, weil er von Anfang an fürchterlich war und die Stimmung verdunkelte.",fürchterlich,5.74,12,62.5,62.5,suboptimal,nonamb
177,original,5,52,erschrecken,NP2-Causality,Karl,erschreckte,"Martina,",weil,sie,bei der Begegnung,ängstlich war,und,Panik,verspürte,"Karl erschreckte Martina, weil sie bei der Begegnung ängstlich war und Panik verspürte.",ok_prefix_keep_particle_or_punctuation,Karl,Claudia,Daniel,Martina,NP1,,,scared,StimExp,6,0,-2,74,NP1,erschrecken,erschreckte,0.5,11,,"Der Mönch erschreckte die Teenagerin, weil sie von Anfang an ängstlich war und die Panik spürte.",ängstlich,7.09,9,62.5,62.5,suboptimal,nonamb
177,both_male,6,52,erschrecken,NP2-Causality,Karl,erschreckte,"Daniel,",weil,er,bei der Begegnung,ängstlich war,und,Panik,verspürte,"Karl erschreckte Daniel, weil er bei der Begegnung ängstlich war und Panik verspürte.",ok_prefix_keep_particle_or_punctuation,Karl,Claudia,Daniel,Martina,NP1,,,scared,StimExp,6,0,-2,74,NP1,erschrecken,erschreckte,0.5,11,,"Der Mönch erschreckte die Teenagerin, weil sie von Anfang an ängstlich war und die Panik spürte.",ängstlich,7.09,9,62.5,62.5,suboptimal,nonamb
177,both_female,7,52,erschrecken,NP2-Causality,Claudia,erschreckte,"Martina,",weil,sie,bei der Begegnung,ängstlich war,und,Panik,verspürte,"Claudia erschreckte Martina, weil sie bei der Begegnung ängstlich war und Panik verspürte.",ok_prefix_keep_particle_or_punctuation,Karl,Claudia,Daniel,Martina,NP1,,,scared,StimExp,6,0,-2,74,NP1,erschrecken,erschreckte,0.5,11,,"Der Mönch erschreckte die Teenagerin, weil sie von Anfang an ängstlich war und die Panik spürte.",ängstlich,7.09,9,62.5,62.5,suboptimal,nonamb
177,swapped,8,52,erschrecken,NP2-Causality,Claudia,erschreckte,"Daniel,",weil,er,bei der Begegnung,ängstlich war,und,Panik,verspürte,"Claudia erschreckte Daniel, weil er bei der Begegnung ängstlich war und Panik verspürte.",ok_prefix_keep_particle_or_punctuation,Karl,Claudia,Daniel,Martina,NP1,,,scared,StimExp,6,0,-2,74,NP1,erschrecken,erschreckte,0.5,11,,"Der Mönch erschreckte die Teenagerin, weil sie von Anfang an ängstlich war und die Panik spürte.",ängstlich,7.09,9,62.5,62.5,suboptimal,nonamb
22,original,1,53,lobte,NP1-Causality,Paul,lobte,"Julia,",weil,er,von Anfang an,anerkennend war,und,die Stärke,bewunderte,"Paul lobte Julia, weil er von Anfang an anerkennend war und die Stärke bewunderte.",ok_prefix_keep_particle_or_punctuation,Paul,Laura,Christian,Julia,NP2,,,praised,AgEvo,7,226,1.82,-87,NP2,lobte,lobte,4.7,5,,"Der Anführer lobte die Kriegerin, weil er von Anfang an anerkennend war und den Einsatz würdigte.",anerkennend,1.13,11,93.75,93.75,optimal,nonamb
22,both_male,2,53,lobte,NP1-Causality,Paul,lobte,"Christian,",weil,er,von Anfang an,anerkennend war,und,die Stärke,bewunderte,"Paul lobte Christian, weil er von Anfang an anerkennend war und die Stärke bewunderte.",ok_prefix_keep_particle_or_punctuation,Paul,Laura,Christian,Julia,NP2,,,praised,AgEvo,7,226,1.82,-87,NP2,lobte,lobte,4.7,5,,"Der Anführer lobte die Kriegerin, weil er von Anfang an anerkennend war und den Einsatz würdigte.",anerkennend,1.13,11,93.75,93.75,optimal,nonamb
22,both_female,3,53,lobte,NP1-Causality,Laura,lobte,"Julia,",weil,sie,von Anfang an,anerkennend war,und,die Stärke,bewunderte,"Laura lobte Julia, weil sie von Anfang an anerkennend war und die Stärke bewunderte.",ok_prefix_keep_particle_or_punctuation,Paul,Laura,Christian,Julia,NP2,,,praised,AgEvo,7,226,1.82,-87,NP2,lobte,lobte,4.7,5,,"Der Anführer lobte die Kriegerin, weil er von Anfang an anerkennend war und den Einsatz würdigte.",anerkennend,1.13,11,93.75,93.75,optimal,nonamb
22,swapped,4,53,lobte,NP1-Causality,Laura,lobte,"Christian,",weil,sie,von Anfang an,anerkennend war,und,die Stärke,bewunderte,"Laura lobte Christian, weil sie von Anfang an anerkennend war und die Stärke bewunderte.",ok_prefix_keep_particle_or_punctuation,Paul,Laura,Christian,Julia,NP2,,,praised,AgEvo,7,226,1.82,-87,NP2,lobte,lobte,4.7,5,,"Der Anführer lobte die Kriegerin, weil er von Anfang an anerkennend war und den Einsatz würdigte.",anerkennend,1.13,11,93.75,93.75,optimal,nonamb
23,original,5,53,lobte,NP2-Causality,Paul,lobte,"Julia,",weil,sie,von Anfang an,tapfer war,und,die Gefahr,abwand,"Paul lobte Julia, weil sie von Anfang an tapfer war und die Gefahr abwand.",ok_prefix_keep_particle_or_punctuation,Paul,Laura,Christian,Julia,NP2,,,praised,AgEvo,7,226,1.82,-87,NP2,lobte,lobte,4.7,5,,"Der Anführer lobte die Kriegerin, weil sie von Anfang an tapfer war und die Gefahr meisterte.",tapfer,6.05,6,93.75,93.75,optimal,nonamb
23,both_male,6,53,lobte,NP2-Causality,Paul,lobte,"Christian,",weil,er,von Anfang an,tapfer war,und,die Gefahr,abwand,"Paul lobte Christian, weil er von Anfang an tapfer war und die Gefahr abwand.",ok_prefix_keep_particle_or_punctuation,Paul,Laura,Christian,Julia,NP2,,,praised,AgEvo,7,226,1.82,-87,NP2,lobte,lobte,4.7,5,,"Der Anführer lobte die Kriegerin, weil sie von Anfang an tapfer war und die Gefahr meisterte.",tapfer,6.05,6,93.75,93.75,optimal,nonamb
23,both_female,7,53,lobte,NP2-Causality,Laura,lobte,"Julia,",weil,sie,von Anfang an,tapfer war,und,die Gefahr,abwand,"Laura lobte Julia, weil sie von Anfang an tapfer war und die Gefahr abwand.",ok_prefix_keep_particle_or_punctuation,Paul,Laura,Christian,Julia,NP2,,,praised,AgEvo,7,226,1.82,-87,NP2,lobte,lobte,4.7,5,,"Der Anführer lobte die Kriegerin, weil sie von Anfang an tapfer war und die Gefahr meisterte.",tapfer,6.05,6,93.75,93.75,optimal,nonamb
23,swapped,8,53,lobte,NP2-Causality,Laura,lobte,"Christian,",weil,er,von Anfang an,tapfer war,und,die Gefahr,abwand,"Laura lobte Christian, weil er von Anfang an tapfer war und die Gefahr abwand.",ok_prefix_keep_particle_or_punctuation,Paul,Laura,Christian,Julia,NP2,,,praised,AgEvo,7,226,1.82,-87,NP2,lobte,lobte,4.7,5,,"Der Anführer lobte die Kriegerin, weil sie von Anfang an tapfer war und die Gefahr meisterte.",tapfer,6.05,6,93.75,93.75,optimal,nonamb
48,original,1,54,grollte,NP1-Causality,Peter,grollte,"Lisa,",weil,er,in den Aufgaben,gewinnorientiert war,und,Fehler,bemerkte,"Peter grollte Lisa, weil er in den Aufgaben gewinnorientiert war und Fehler bemerkte.",ok_prefix_keep_particle_or_punctuation,Peter,Maria,Stefan,Lisa,NP2,,,resented,ExpStim,8,41,-2.09,-76,NP2,grollte,grollte,0.21,8,,"Der Unternehmer grollte der Bewerberin, weil er bis zum Ende gewinnorientiert war und den Nutzen prüfte.",fachfremd,0.52,9,56.25,56.25,suboptimal,nonamb
48,both_male,2,54,grollte,NP1-Causality,Peter,grollte,"Stefan,",weil,er,in den Aufgaben,gewinnorientiert war,und,Fehler,bemerkte,"Peter grollte Stefan, weil er in den Aufgaben gewinnorientiert war und Fehler bemerkte.",ok_prefix_keep_particle_or_punctuation,Peter,Maria,Stefan,Lisa,NP2,,,resented,ExpStim,8,41,-2.09,-76,NP2,grollte,grollte,0.21,8,,"Der Unternehmer grollte der Bewerberin, weil er bis zum Ende gewinnorientiert war und den Nutzen prüfte.",fachfremd,0.52,9,56.25,56.25,suboptimal,nonamb
48,both_female,3,54,grollte,NP1-Causality,Maria,grollte,"Lisa,",weil,sie,in den Aufgaben,gewinnorientiert war,und,Fehler,bemerkte,"Maria grollte Lisa, weil sie in den Aufgaben gewinnorientiert war und Fehler bemerkte.",ok_prefix_keep_particle_or_punctuation,Peter,Maria,Stefan,Lisa,NP2,,,resented,ExpStim,8,41,-2.09,-76,NP2,grollte,grollte,0.21,8,,"Der Unternehmer grollte der Bewerberin, weil er bis zum Ende gewinnorientiert war und den Nutzen prüfte.",fachfremd,0.52,9,56.25,56.25,suboptimal,nonamb
48,swapped,4,54,grollte,NP1-Causality,Maria,grollte,"Stefan,",weil,sie,in den Aufgaben,gewinnorientiert war,und,Fehler,bemerkte,"Maria grollte Stefan, weil sie in den Aufgaben gewinnorientiert war und Fehler bemerkte.",ok_prefix_keep_particle_or_punctuation,Peter,Maria,Stefan,Lisa,NP2,,,resented,ExpStim,8,41,-2.09,-76,NP2,grollte,grollte,0.21,8,,"Der Unternehmer grollte der Bewerberin, weil er bis zum Ende gewinnorientiert war und den Nutzen prüfte.",fachfremd,0.52,9,56.25,56.25,suboptimal,nonamb
49,original,5,54,grollte,NP2-Causality,Peter,grollte,"Lisa,",weil,sie,in den Aufgaben,fachfremd war,und,die Anforderungen,verfehlte,"Peter grollte Lisa, weil sie in den Aufgaben fachfremd war und die Anforderungen verfehlte.",ok_prefix_keep_particle_or_punctuation,Peter,Maria,Stefan,Lisa,NP2,,,resented,ExpStim,8,41,-2.09,-76,NP2,grollte,grollte,0.21,8,,"Der Unternehmer grollte der Bewerberin, weil sie bis zum Ende fachfremd war und die Anforderung verfehlte.",gewinnorientiert,0.7,16,56.25,56.25,suboptimal,nonamb
49,both_male,6,54,grollte,NP2-Causality,Peter,grollte,"Stefan,",weil,er,in den Aufgaben,fachfremd war,und,die Anforderungen,verfehlte,"Peter grollte Stefan, weil er in den Aufgaben fachfremd war und die Anforderungen verfehlte.",ok_prefix_keep_particle_or_punctuation,Peter,Maria,Stefan,Lisa,NP2,,,resented,ExpStim,8,41,-2.09,-76,NP2,grollte,grollte,0.21,8,,"Der Unternehmer grollte der Bewerberin, weil sie bis zum Ende fachfremd war und die Anforderung verfehlte.",gewinnorientiert,0.7,16,56.25,56.25,suboptimal,nonamb
49,both_female,7,54,grollte,NP2-Causality,Maria,grollte,"Lisa,",weil,sie,in den Aufgaben,fachfremd war,und,die Anforderungen,verfehlte,"Maria grollte Lisa, weil sie in den Aufgaben fachfremd war und die Anforderungen verfehlte.",ok_prefix_keep_particle_or_punctuation,Peter,Maria,Stefan,Lisa,NP2,,,resented,ExpStim,8,41,-2.09,-76,NP2,grollte,grollte,0.21,8,,"Der Unternehmer grollte der Bewerberin, weil sie bis zum Ende fachfremd war und die Anforderung verfehlte.",gewinnorientiert,0.7,16,56.25,56.25,suboptimal,nonamb
49,swapped,8,54,grollte,NP2-Causality,Maria,grollte,"Stefan,",weil,er,in den Aufgaben,fachfremd war,und,die Anforderungen,verfehlte,"Maria grollte Stefan, weil er in den Aufgaben fachfremd war und die Anforderungen verfehlte.",ok_prefix_keep_particle_or_punctuation,Peter,Maria,Stefan,Lisa,NP2,,,resented,ExpStim,8,41,-2.09,-76,NP2,grollte,grollte,0.21,8,,"Der Unternehmer grollte der Bewerberin, weil sie bis zum Ende fachfremd war und die Anforderung verfehlte.",gewinnorientiert,0.7,16,56.25,56.25,suboptimal,nonamb
54,original,1,55,schätzte,NP1-Causality,Matthias,schätzte,"Lena,",weil ,er,seit Jahren,alleine war,und ,die Unterstützung,benötigte,"Matthias schätzte Lena, weil er seit Jahren alleine war und die Unterstützung benötigte.",ok_prefix_keep_particle_or_punctuation,Matthias,Nicole,Andreas,Lena,NP2,,,prized,ExpStim,6,330,1.36,-74,NP2,schätzte,schätzte,2.11,8,,"Der Gutsherr schätzte die Magd, weil er von Anfang an hilfsbedürftig war und die Unterstützung brauchte. ",hilfsbedürftig,0.9,14,56.25,56.25,suboptimal,nonamb
54,both_male,2,55,schätzte,NP1-Causality,Matthias,schätzte,"Andreas,",weil ,er,seit Jahren,alleine war,und ,die Unterstützung,benötigte,"Matthias schätzte Andreas, weil er seit Jahren alleine war und die Unterstützung benötigte.",ok_prefix_keep_particle_or_punctuation,Matthias,Nicole,Andreas,Lena,NP2,,,prized,ExpStim,6,330,1.36,-74,NP2,schätzte,schätzte,2.11,8,,"Der Gutsherr schätzte die Magd, weil er von Anfang an hilfsbedürftig war und die Unterstützung brauchte. ",hilfsbedürftig,0.9,14,56.25,56.25,suboptimal,nonamb
54,both_female,3,55,schätzte,NP1-Causality,Nicole,schätzte,"Lena,",weil ,sie,seit Jahren,alleine war,und ,die Unterstützung,benötigte,"Nicole schätzte Lena, weil sie seit Jahren alleine war und die Unterstützung benötigte.",ok_prefix_keep_particle_or_punctuation,Matthias,Nicole,Andreas,Lena,NP2,,,prized,ExpStim,6,330,1.36,-74,NP2,schätzte,schätzte,2.11,8,,"Der Gutsherr schätzte die Magd, weil er von Anfang an hilfsbedürftig war und die Unterstützung brauchte. ",hilfsbedürftig,0.9,14,56.25,56.25,suboptimal,nonamb
54,swapped,4,55,schätzte,NP1-Causality,Nicole,schätzte,"Andreas,",weil ,sie,seit Jahren,alleine war,und ,die Unterstützung,benötigte,"Nicole schätzte Andreas, weil sie seit Jahren alleine war und die Unterstützung benötigte.",ok_prefix_keep_particle_or_punctuation,Matthias,Nicole,Andreas,Lena,NP2,,,prized,ExpStim,6,330,1.36,-74,NP2,schätzte,schätzte,2.11,8,,"Der Gutsherr schätzte die Magd, weil er von Anfang an hilfsbedürftig war und die Unterstützung brauchte. ",hilfsbedürftig,0.9,14,56.25,56.25,suboptimal,nonamb
55,original,5,55,schätzte,NP2-Causality,Matthias,schätzte,"Lena,",weil ,sie,seit Jahren,fleißig war,und ,Lösungen,erdachte,"Matthias schätzte Lena, weil sie seit Jahren fleißig war und Lösungen erdachte.",ok_prefix_keep_particle_or_punctuation,Matthias,Nicole,Andreas,Lena,NP2,,,prized,ExpStim,6,330,1.36,-74,NP2,schätzte,schätzte,2.11,8,,"Der Gutsherr schätzte die Magd, weil sie von Anfang an fleißig war und die Pflicht erfüllte.",fleißig,9.08,8,56.25,56.25,suboptimal,nonamb
55,both_male,6,55,schätzte,NP2-Causality,Matthias,schätzte,"Andreas,",weil ,er,seit Jahren,fleißig war,und ,Lösungen,erdachte,"Matthias schätzte Andreas, weil er seit Jahren fleißig war und Lösungen erdachte.",ok_prefix_keep_particle_or_punctuation,Matthias,Nicole,Andreas,Lena,NP2,,,prized,ExpStim,6,330,1.36,-74,NP2,schätzte,schätzte,2.11,8,,"Der Gutsherr schätzte die Magd, weil sie von Anfang an fleißig war und die Pflicht erfüllte.",fleißig,9.08,8,56.25,56.25,suboptimal,nonamb
55,both_female,7,55,schätzte,NP2-Causality,Nicole,schätzte,"Lena,",weil ,sie,seit Jahren,fleißig war,und ,Lösungen,erdachte,"Nicole schätzte Lena, weil sie seit Jahren fleißig war und Lösungen erdachte.",ok_prefix_keep_particle_or_punctuation,Matthias,Nicole,Andreas,Lena,NP2,,,prized,ExpStim,6,330,1.36,-74,NP2,schätzte,schätzte,2.11,8,,"Der Gutsherr schätzte die Magd, weil sie von Anfang an fleißig war und die Pflicht erfüllte.",fleißig,9.08,8,56.25,56.25,suboptimal,nonamb
55,swapped,8,55,schätzte,NP2-Causality,Nicole,schätzte,"Andreas,",weil ,er,seit Jahren,fleißig war,und ,Lösungen,erdachte,"Nicole schätzte Andreas, weil er seit Jahren fleißig war und Lösungen erdachte.",ok_prefix_keep_particle_or_punctuation,Matthias,Nicole,Andreas,Lena,NP2,,,prized,ExpStim,6,330,1.36,-74,NP2,schätzte,schätzte,2.11,8,,"Der Gutsherr schätzte die Magd, weil sie von Anfang an fleißig war und die Pflicht erfüllte.",fleißig,9.08,8,56.25,56.25,suboptimal,nonamb
90,original,1,57,schmähte,NP1-Causality,Tobias,schmähte,"Susanne,",weil ,er,bis zum Ende,verärgert war,und,Unterstützung,vermisste,"Tobias schmähte Susanne, weil er bis zum Ende verärgert war und Unterstützung vermisste.",ok_prefix_keep_particle_or_punctuation,Tobias,Linda,Jürgen,Susanne,neutral,,,reviled,AgEvo,7,23,-1.73,-9,neutral,schmähte,schmähte,0.06,8,,"Der Politiker schmähte die Parteigenossin, weil er bis zum Ende verärgert war und die Fassung verlor.",verärgert,3.91,9,68.75,68.75,suboptimal,nonamb
90,both_male,2,57,schmähte,NP1-Causality,Tobias,schmähte,"Jürgen,",weil ,er,bis zum Ende,verärgert war,und,Unterstützung,vermisste,"Tobias schmähte Jürgen, weil er bis zum Ende verärgert war und Unterstützung vermisste.",ok_prefix_keep_particle_or_punctuation,Tobias,Linda,Jürgen,Susanne,neutral,,,reviled,AgEvo,7,23,-1.73,-9,neutral,schmähte,schmähte,0.06,8,,"Der Politiker schmähte die Parteigenossin, weil er bis zum Ende verärgert war und die Fassung verlor.",verärgert,3.91,9,68.75,68.75,suboptimal,nonamb
90,both_female,3,57,schmähte,NP1-Causality,Linda,schmähte,"Susanne,",weil ,sie,bis zum Ende,verärgert war,und,Unterstützung,vermisste,"Linda schmähte Susanne, weil sie bis zum Ende verärgert war und Unterstützung vermisste.",ok_prefix_keep_particle_or_punctuation,Tobias,Linda,Jürgen,Susanne,neutral,,,reviled,AgEvo,7,23,-1.73,-9,neutral,schmähte,schmähte,0.06,8,,"Der Politiker schmähte die Parteigenossin, weil er bis zum Ende verärgert war und die Fassung verlor.",verärgert,3.91,9,68.75,68.75,suboptimal,nonamb
90,swapped,4,57,schmähte,NP1-Causality,Linda,schmähte,"Jürgen,",weil ,sie,bis zum Ende,verärgert war,und,Unterstützung,vermisste,"Linda schmähte Jürgen, weil sie bis zum Ende verärgert war und Unterstützung vermisste.",ok_prefix_keep_particle_or_punctuation,Tobias,Linda,Jürgen,Susanne,neutral,,,reviled,AgEvo,7,23,-1.73,-9,neutral,schmähte,schmähte,0.06,8,,"Der Politiker schmähte die Parteigenossin, weil er bis zum Ende verärgert war und die Fassung verlor.",verärgert,3.91,9,68.75,68.75,suboptimal,nonamb
91,original,5,57,schmähte,NP2-Causality,Tobias,schmähte,"Susanne,",weil ,sie,bis zum Ende,hilflos war,und,Selbstbewusstsein,fehlte,"Tobias schmähte Susanne, weil sie bis zum Ende hilflos war und Selbstbewusstsein fehlte.",ok_prefix_keep_particle_or_punctuation,Tobias,Linda,Jürgen,Susanne,neutral,,,reviled,AgEvo,7,23,-1.73,-9,neutral,schmähte,schmähte,0.06,8,,"Der Politiker schmähte die Parteigenossin, weil sie bis zum Ende besiegt war und der Rückhalt fehlte.",besiegt,7.28,7,68.75,68.75,suboptimal,nonamb
91,both_male,6,57,schmähte,NP2-Causality,Tobias,schmähte,"Jürgen,",weil ,er,bis zum Ende,hilflos war,und,Selbstbewusstsein,fehlte,"Tobias schmähte Jürgen, weil er bis zum Ende hilflos war und Selbstbewusstsein fehlte.",ok_prefix_keep_particle_or_punctuation,Tobias,Linda,Jürgen,Susanne,neutral,,,reviled,AgEvo,7,23,-1.73,-9,neutral,schmähte,schmähte,0.06,8,,"Der Politiker schmähte die Parteigenossin, weil sie bis zum Ende besiegt war und der Rückhalt fehlte.",besiegt,7.28,7,68.75,68.75,suboptimal,nonamb
91,both_female,7,57,schmähte,NP2-Causality,Linda,schmähte,"Susanne,",weil ,sie,bis zum Ende,hilflos war,und,Selbstbewusstsein,fehlte,"Linda schmähte Susanne, weil sie bis zum Ende hilflos war und Selbstbewusstsein fehlte.",ok_prefix_keep_particle_or_punctuation,Tobias,Linda,Jürgen,Susanne,neutral,,,reviled,AgEvo,7,23,-1.73,-9,neutral,schmähte,schmähte,0.06,8,,"Der Politiker schmähte die Parteigenossin, weil sie bis zum Ende besiegt war und der Rückhalt fehlte.",besiegt,7.28,7,68.75,68.75,suboptimal,nonamb
91,swapped,8,57,schmähte,NP2-Causality,Linda,schmähte,"Jürgen,",weil ,er,bis zum Ende,hilflos war,und,Selbstbewusstsein,fehlte,"Linda schmähte Jürgen, weil er bis zum Ende hilflos war und Selbstbewusstsein fehlte.",ok_prefix_keep_particle_or_punctuation,Tobias,Linda,Jürgen,Susanne,neutral,,,reviled,AgEvo,7,23,-1.73,-9,neutral,schmähte,schmähte,0.06,8,,"Der Politiker schmähte die Parteigenossin, weil sie bis zum Ende besiegt war und der Rückhalt fehlte.",besiegt,7.28,7,68.75,68.75,suboptimal,nonamb
138,original,1,58,beschämte,NP1-Causality,Philipp,beschämte,"Katharina,",weil ,er,an dem Tag,herablassend war,und,Grenzen,missachtete,"Philipp beschämte Katharina, weil er an dem Tag herablassend war und Grenzen missachtete.",ok_prefix_keep_particle_or_punctuation,Philipp,Monika,Alexander,Katharina,neutral,,,shamed,AgP,6,1,-2,12,neutral,beschämte,beschämte,0.06,9,,"Der Leiter beschämte die Jugendliche, weil er von Anfang an unmöglich war und die Grenzen missachtete.",unmöglich,36.13,9,100,100,optimal,nonamb
138,both_male,2,58,beschämte,NP1-Causality,Philipp,beschämte,"Alexander,",weil ,er,an dem Tag,herablassend war,und,Grenzen,missachtete,"Philipp beschämte Alexander, weil er an dem Tag herablassend war und Grenzen missachtete.",ok_prefix_keep_particle_or_punctuation,Philipp,Monika,Alexander,Katharina,neutral,,,shamed,AgP,6,1,-2,12,neutral,beschämte,beschämte,0.06,9,,"Der Leiter beschämte die Jugendliche, weil er von Anfang an unmöglich war und die Grenzen missachtete.",unmöglich,36.13,9,100,100,optimal,nonamb
138,both_female,3,58,beschämte,NP1-Causality,Monika,beschämte,"Katharina,",weil ,sie,an dem Tag,herablassend war,und,Grenzen,missachtete,"Monika beschämte Katharina, weil sie an dem Tag herablassend war und Grenzen missachtete.",ok_prefix_keep_particle_or_punctuation,Philipp,Monika,Alexander,Katharina,neutral,,,shamed,AgP,6,1,-2,12,neutral,beschämte,beschämte,0.06,9,,"Der Leiter beschämte die Jugendliche, weil er von Anfang an unmöglich war und die Grenzen missachtete.",unmöglich,36.13,9,100,100,optimal,nonamb
138,swapped,4,58,beschämte,NP1-Causality,Monika,beschämte,"Alexander,",weil ,sie,an dem Tag,herablassend war,und,Grenzen,missachtete,"Monika beschämte Alexander, weil sie an dem Tag herablassend war und Grenzen missachtete.",ok_prefix_keep_particle_or_punctuation,Philipp,Monika,Alexander,Katharina,neutral,,,shamed,AgP,6,1,-2,12,neutral,beschämte,beschämte,0.06,9,,"Der Leiter beschämte die Jugendliche, weil er von Anfang an unmöglich war und die Grenzen missachtete.",unmöglich,36.13,9,100,100,optimal,nonamb
139,original,5,58,beschämte,NP2-Causality,Philipp,beschämte,"Katharina,",weil ,sie,an dem Tag,verletzlich war,und,Aufmerksamkeit,fürchtete,"Philipp beschämte Katharina, weil sie an dem Tag verletzlich war und Aufmerksamkeit fürchtete.",ok_prefix_keep_particle_or_punctuation,Philipp,Monika,Alexander,Katharina,neutral,,,shamed,AgP,6,1,-2,12,neutral,beschämte,beschämte,0.06,9,,"Der Leiter beschämte die Jugendliche, weil sie von Anfang an tugendhaft war und das Fehlverhalten spürte.",tugendhaft,0.82,10,100,100,optimal,nonamb
139,both_male,6,58,beschämte,NP2-Causality,Philipp,beschämte,"Alexander,",weil ,er,an dem Tag,verletzlich war,und,Aufmerksamkeit,fürchtete,"Philipp beschämte Alexander, weil er an dem Tag verletzlich war und Aufmerksamkeit fürchtete.",ok_prefix_keep_particle_or_punctuation,Philipp,Monika,Alexander,Katharina,neutral,,,shamed,AgP,6,1,-2,12,neutral,beschämte,beschämte,0.06,9,,"Der Leiter beschämte die Jugendliche, weil sie von Anfang an tugendhaft war und das Fehlverhalten spürte.",tugendhaft,0.82,10,100,100,optimal,nonamb
139,both_female,7,58,beschämte,NP2-Causality,Monika,beschämte,"Katharina,",weil ,sie,an dem Tag,verletzlich war,und,Aufmerksamkeit,fürchtete,"Monika beschämte Katharina, weil sie an dem Tag verletzlich war und Aufmerksamkeit fürchtete.",ok_prefix_keep_particle_or_punctuation,Philipp,Monika,Alexander,Katharina,neutral,,,shamed,AgP,6,1,-2,12,neutral,beschämte,beschämte,0.06,9,,"Der Leiter beschämte die Jugendliche, weil sie von Anfang an tugendhaft war und das Fehlverhalten spürte.",tugendhaft,0.82,10,100,100,optimal,nonamb
139,swapped,8,58,beschämte,NP2-Causality,Monika,beschämte,"Alexander,",weil ,er,an dem Tag,verletzlich war,und,Aufmerksamkeit,fürchtete,"Monika beschämte Alexander, weil er an dem Tag verletzlich war und Aufmerksamkeit fürchtete.",ok_prefix_keep_particle_or_punctuation,Philipp,Monika,Alexander,Katharina,neutral,,,shamed,AgP,6,1,-2,12,neutral,beschämte,beschämte,0.06,9,,"Der Leiter beschämte die Jugendliche, weil sie von Anfang an tugendhaft war und das Fehlverhalten spürte.",tugendhaft,0.82,10,100,100,optimal,nonamb
116,original,1,59,belebte,NP1-Causality,Uwe,belebte,"Petra,",weil,er,in der Session,gesprächig war,und ,Ironie,nutzte,"Uwe belebte Petra, weil er in der Session gesprächig war und Ironie nutzte.",ok_prefix_keep_particle_or_punctuation,Uwe,Johanna,Florian,Petra,neutral,,,revitalized,StimExp,11,3,2.27,3,neutral,belebte,wiederbelebte,0.14,13,,"Der Sanitäter belebte die Polizistin wieder, weil er bis zum Ende beauftragt war und die Pfllicht erfüllte.",beauftragt,19.9,10,56.25,56.25,suboptimal,nonamb
116,both_male,2,59,belebte,NP1-Causality,Uwe,belebte,"Florian,",weil,er,in der Session,gesprächig war,und ,Ironie,nutzte,"Uwe belebte Florian, weil er in der Session gesprächig war und Ironie nutzte.",ok_prefix_keep_particle_or_punctuation,Uwe,Johanna,Florian,Petra,neutral,,,revitalized,StimExp,11,3,2.27,3,neutral,belebte,wiederbelebte,0.14,13,,"Der Sanitäter belebte die Polizistin wieder, weil er bis zum Ende beauftragt war und die Pfllicht erfüllte.",beauftragt,19.9,10,56.25,56.25,suboptimal,nonamb
116,both_female,3,59,belebte,NP1-Causality,Johanna,belebte,"Petra,",weil,sie,in der Session,gesprächig war,und ,Ironie,nutzte,"Johanna belebte Petra, weil sie in der Session gesprächig war und Ironie nutzte.",ok_prefix_keep_particle_or_punctuation,Uwe,Johanna,Florian,Petra,neutral,,,revitalized,StimExp,11,3,2.27,3,neutral,belebte,wiederbelebte,0.14,13,,"Der Sanitäter belebte die Polizistin wieder, weil er bis zum Ende beauftragt war und die Pfllicht erfüllte.",beauftragt,19.9,10,56.25,56.25,suboptimal,nonamb
116,swapped,4,59,belebte,NP1-Causality,Johanna,belebte,"Florian,",weil,sie,in der Session,gesprächig war,und ,Ironie,nutzte,"Johanna belebte Florian, weil sie in der Session gesprächig war und Ironie nutzte.",ok_prefix_keep_particle_or_punctuation,Uwe,Johanna,Florian,Petra,neutral,,,revitalized,StimExp,11,3,2.27,3,neutral,belebte,wiederbelebte,0.14,13,,"Der Sanitäter belebte die Polizistin wieder, weil er bis zum Ende beauftragt war und die Pfllicht erfüllte.",beauftragt,19.9,10,56.25,56.25,suboptimal,nonamb
117,original,5,59,belebte,NP2-Causality,Uwe,belebte,"Petra,",weil,sie,in der Session,lustlos war,und ,Aufmunterung,benötigte,"Uwe belebte Petra, weil sie in der Session lustlos war und Aufmunterung benötigte.",ok_prefix_keep_particle_or_punctuation,Uwe,Johanna,Florian,Petra,neutral,,,revitalized,StimExp,11,3,2.27,3,neutral,belebte,wiederbelebte,0.14,13,,"Der Sanitäter belebte die Polizistin wieder, weil sie bis zum Ende bedeutungsvoll war und die Mission trug.",bedeutungsvoll,1.61,14,56.25,56.25,suboptimal,nonamb
117,both_male,6,59,belebte,NP2-Causality,Uwe,belebte,"Florian,",weil,er,in der Session,lustlos war,und ,Aufmunterung,benötigte,"Uwe belebte Florian, weil er in der Session lustlos war und Aufmunterung benötigte.",ok_prefix_keep_particle_or_punctuation,Uwe,Johanna,Florian,Petra,neutral,,,revitalized,StimExp,11,3,2.27,3,neutral,belebte,wiederbelebte,0.14,13,,"Der Sanitäter belebte die Polizistin wieder, weil sie bis zum Ende bedeutungsvoll war und die Mission trug.",bedeutungsvoll,1.61,14,56.25,56.25,suboptimal,nonamb
117,both_female,7,59,belebte,NP2-Causality,Johanna,belebte,"Petra,",weil,sie,in der Session,lustlos war,und ,Aufmunterung,benötigte,"Johanna belebte Petra, weil sie in der Session lustlos war und Aufmunterung benötigte.",ok_prefix_keep_particle_or_punctuation,Uwe,Johanna,Florian,Petra,neutral,,,revitalized,StimExp,11,3,2.27,3,neutral,belebte,wiederbelebte,0.14,13,,"Der Sanitäter belebte die Polizistin wieder, weil sie bis zum Ende bedeutungsvoll war und die Mission trug.",bedeutungsvoll,1.61,14,56.25,56.25,suboptimal,nonamb
117,swapped,8,59,belebte,NP2-Causality,Johanna,belebte,"Florian,",weil,er,in der Session,lustlos war,und ,Aufmunterung,benötigte,"Johanna belebte Florian, weil er in der Session lustlos war und Aufmunterung benötigte.",ok_prefix_keep_particle_or_punctuation,Uwe,Johanna,Florian,Petra,neutral,,,revitalized,StimExp,11,3,2.27,3,neutral,belebte,wiederbelebte,0.14,13,,"Der Sanitäter belebte die Polizistin wieder, weil sie bis zum Ende bedeutungsvoll war und die Mission trug.",bedeutungsvoll,1.61,14,56.25,56.25,suboptimal,nonamb
134,original,1,60,verleumdete,NP1-Causality,Klaus,verleumdete,"Jana,",weil,er,an dem Abend,angriffslustig war,und,Abneigung,empfand,"Klaus verleumdete Jana, weil er an dem Abend angriffslustig war und Abneigung empfand.",ok_prefix_keep_particle_or_punctuation,Klaus,Renate,Michael,Jana,neutral,,,slandered,AgEvo,9,62,-2.55,11,neutral,verleumdete,verleumdete,0.13,11,,"Der Nachrichtensprecher verleumdete die Naturschützerin, weil er am späten Abend bösartig war und den Angriff suchte.",bösartig,6.48,8,87.5,87.5,optimal,nonamb
134,both_male,2,60,verleumdete,NP1-Causality,Klaus,verleumdete,"Michael,",weil,er,an dem Abend,angriffslustig war,und,Abneigung,empfand,"Klaus verleumdete Michael, weil er an dem Abend angriffslustig war und Abneigung empfand.",ok_prefix_keep_particle_or_punctuation,Klaus,Renate,Michael,Jana,neutral,,,slandered,AgEvo,9,62,-2.55,11,neutral,verleumdete,verleumdete,0.13,11,,"Der Nachrichtensprecher verleumdete die Naturschützerin, weil er am späten Abend bösartig war und den Angriff suchte.",bösartig,6.48,8,87.5,87.5,optimal,nonamb
134,both_female,3,60,verleumdete,NP1-Causality,Renate,verleumdete,"Jana,",weil,sie,an dem Abend,angriffslustig war,und,Abneigung,empfand,"Renate verleumdete Jana, weil sie an dem Abend angriffslustig war und Abneigung empfand.",ok_prefix_keep_particle_or_punctuation,Klaus,Renate,Michael,Jana,neutral,,,slandered,AgEvo,9,62,-2.55,11,neutral,verleumdete,verleumdete,0.13,11,,"Der Nachrichtensprecher verleumdete die Naturschützerin, weil er am späten Abend bösartig war und den Angriff suchte.",bösartig,6.48,8,87.5,87.5,optimal,nonamb
134,swapped,4,60,verleumdete,NP1-Causality,Renate,verleumdete,"Michael,",weil,sie,an dem Abend,angriffslustig war,und,Abneigung,empfand,"Renate verleumdete Michael, weil sie an dem Abend angriffslustig war und Abneigung empfand.",ok_prefix_keep_particle_or_punctuation,Klaus,Renate,Michael,Jana,neutral,,,slandered,AgEvo,9,62,-2.55,11,neutral,verleumdete,verleumdete,0.13,11,,"Der Nachrichtensprecher verleumdete die Naturschützerin, weil er am späten Abend bösartig war und den Angriff suchte.",bösartig,6.48,8,87.5,87.5,optimal,nonamb
135,original,5,60,verleumdete,NP2-Causality,Klaus,verleumdete,"Jana,",weil,sie,an dem Abend,ehrlich war,und,die Wahrheit,sagte,"Klaus verleumdete Jana, weil sie an dem Abend ehrlich war und die Wahrheit sagte.",ok_prefix_keep_particle_or_punctuation,Klaus,Renate,Michael,Jana,neutral,,,slandered,AgEvo,9,62,-2.55,11,neutral,verleumdete,verleumdete,0.13,11,,"Der Nachrichtensprecher verleumdete die Naturschützerin, weil sie am späten Abend ehrlich war und die Wahrheit sagte.",ehrlich,33.7,7,87.5,87.5,optimal,nonamb
135,both_male,6,60,verleumdete,NP2-Causality,Klaus,verleumdete,"Michael,",weil,er,an dem Abend,ehrlich war,und,die Wahrheit,sagte,"Klaus verleumdete Michael, weil er an dem Abend ehrlich war und die Wahrheit sagte.",ok_prefix_keep_particle_or_punctuation,Klaus,Renate,Michael,Jana,neutral,,,slandered,AgEvo,9,62,-2.55,11,neutral,verleumdete,verleumdete,0.13,11,,"Der Nachrichtensprecher verleumdete die Naturschützerin, weil sie am späten Abend ehrlich war und die Wahrheit sagte.",ehrlich,33.7,7,87.5,87.5,optimal,nonamb
135,both_female,7,60,verleumdete,NP2-Causality,Renate,verleumdete,"Jana,",weil,sie,an dem Abend,ehrlich war,und,die Wahrheit,sagte,"Renate verleumdete Jana, weil sie an dem Abend ehrlich war und die Wahrheit sagte.",ok_prefix_keep_particle_or_punctuation,Klaus,Renate,Michael,Jana,neutral,,,slandered,AgEvo,9,62,-2.55,11,neutral,verleumdete,verleumdete,0.13,11,,"Der Nachrichtensprecher verleumdete die Naturschützerin, weil sie am späten Abend ehrlich war und die Wahrheit sagte.",ehrlich,33.7,7,87.5,87.5,optimal,nonamb
135,swapped,8,60,verleumdete,NP2-Causality,Renate,verleumdete,"Michael,",weil,er,an dem Abend,ehrlich war,und,die Wahrheit,sagte,"Renate verleumdete Michael, weil er an dem Abend ehrlich war und die Wahrheit sagte.",ok_prefix_keep_particle_or_punctuation,Klaus,Renate,Michael,Jana,neutral,,,slandered,AgEvo,9,62,-2.55,11,neutral,verleumdete,verleumdete,0.13,11,,"Der Nachrichtensprecher verleumdete die Naturschützerin, weil sie am späten Abend ehrlich war und die Wahrheit sagte.",ehrlich,33.7,7,87.5,87.5,optimal,nonamb
182,original,1,61,verriet,NP1-Causality,Frank,verriet,"Nina,",weil,er,zu dieser Zeit,rachsüchtig war,und,Genugtuung,wünschte,"Frank verriet Nina, weil er zu dieser Zeit rachsüchtig war und Genugtuung wünschte.",ok_prefix_keep_particle_or_punctuation,Frank,Eva,Johannes,Nina,NP1,,,betrayed,AgP,8,7,-2.45,74,NP1,verriet,verriet,2.09,7,,"Der Bruder verriet die Kollegin, weil er am späten Nanchmittag rachsüchtig war und den Plan schmiedete.",rachsüchtig,0.43,11,50,50,suboptimal,nonamb
182,both_male,2,61,verriet,NP1-Causality,Frank,verriet,"Johannes,",weil,er,zu dieser Zeit,rachsüchtig war,und,Genugtuung,wünschte,"Frank verriet Johannes, weil er zu dieser Zeit rachsüchtig war und Genugtuung wünschte.",ok_prefix_keep_particle_or_punctuation,Frank,Eva,Johannes,Nina,NP1,,,betrayed,AgP,8,7,-2.45,74,NP1,verriet,verriet,2.09,7,,"Der Bruder verriet die Kollegin, weil er am späten Nanchmittag rachsüchtig war und den Plan schmiedete.",rachsüchtig,0.43,11,50,50,suboptimal,nonamb
182,both_female,3,61,verriet,NP1-Causality,Eva,verriet,"Nina,",weil,sie,zu dieser Zeit,rachsüchtig war,und,Genugtuung,wünschte,"Eva verriet Nina, weil sie zu dieser Zeit rachsüchtig war und Genugtuung wünschte.",ok_prefix_keep_particle_or_punctuation,Frank,Eva,Johannes,Nina,NP1,,,betrayed,AgP,8,7,-2.45,74,NP1,verriet,verriet,2.09,7,,"Der Bruder verriet die Kollegin, weil er am späten Nanchmittag rachsüchtig war und den Plan schmiedete.",rachsüchtig,0.43,11,50,50,suboptimal,nonamb
182,swapped,4,61,verriet,NP1-Causality,Eva,verriet,"Johannes,",weil,sie,zu dieser Zeit,rachsüchtig war,und,Genugtuung,wünschte,"Eva verriet Johannes, weil sie zu dieser Zeit rachsüchtig war und Genugtuung wünschte.",ok_prefix_keep_particle_or_punctuation,Frank,Eva,Johannes,Nina,NP1,,,betrayed,AgP,8,7,-2.45,74,NP1,verriet,verriet,2.09,7,,"Der Bruder verriet die Kollegin, weil er am späten Nanchmittag rachsüchtig war und den Plan schmiedete.",rachsüchtig,0.43,11,50,50,suboptimal,nonamb
183,original,5,61,verriet,NP2-Causality,Frank,verriet,"Nina,",weil,sie,zu dieser Zeit,untreu war,und,Vereinbarungen,misachtete,"Frank verriet Nina, weil sie zu dieser Zeit untreu war und Vereinbarungen misachtete.",ok_prefix_keep_particle_or_punctuation,Frank,Eva,Johannes,Nina,NP1,,,betrayed,AgP,8,7,-2.45,74,NP1,verriet,verriet,2.09,7,,"Der Bruder verriet die Kollegin, weil sie am späten Nachmittag schuldig war und das Schweigen bewahrte.",schuldig,15.04,8,50,50,suboptimal,nonamb
183,both_male,6,61,verriet,NP2-Causality,Frank,verriet,"Johannes,",weil,er,zu dieser Zeit,untreu war,und,Vereinbarungen,misachtete,"Frank verriet Johannes, weil er zu dieser Zeit untreu war und Vereinbarungen misachtete.",ok_prefix_keep_particle_or_punctuation,Frank,Eva,Johannes,Nina,NP1,,,betrayed,AgP,8,7,-2.45,74,NP1,verriet,verriet,2.09,7,,"Der Bruder verriet die Kollegin, weil sie am späten Nachmittag schuldig war und das Schweigen bewahrte.",schuldig,15.04,8,50,50,suboptimal,nonamb
183,both_female,7,61,verriet,NP2-Causality,Eva,verriet,"Nina,",weil,sie,zu dieser Zeit,untreu war,und,Vereinbarungen,misachtete,"Eva verriet Nina, weil sie zu dieser Zeit untreu war und Vereinbarungen misachtete.",ok_prefix_keep_particle_or_punctuation,Frank,Eva,Johannes,Nina,NP1,,,betrayed,AgP,8,7,-2.45,74,NP1,verriet,verriet,2.09,7,,"Der Bruder verriet die Kollegin, weil sie am späten Nachmittag schuldig war und das Schweigen bewahrte.",schuldig,15.04,8,50,50,suboptimal,nonamb
183,swapped,8,61,verriet,NP2-Causality,Eva,verriet,"Johannes,",weil,er,zu dieser Zeit,untreu war,und,Vereinbarungen,misachtete,"Eva verriet Johannes, weil er zu dieser Zeit untreu war und Vereinbarungen misachtete.",ok_prefix_keep_particle_or_punctuation,Frank,Eva,Johannes,Nina,NP1,,,betrayed,AgP,8,7,-2.45,74,NP1,verriet,verriet,2.09,7,,"Der Bruder verriet die Kollegin, weil sie am späten Nachmittag schuldig war und das Schweigen bewahrte.",schuldig,15.04,8,50,50,suboptimal,nonamb
4,original,1,62,gratulierte,NP1-Causality,Wolfgang,gratulierte,"Sarah,",weil,er,schon immer,schmeichelhaft war,und,Vorteile,erhoffte,"Wolfgang gratulierte Sarah, weil er schon immer schmeichelhaft war und Vorteile erhoffte.",ok_prefix_keep_particle_or_punctuation,Wolfgang,Anna,Sebastian,Sarah,NP2,,,congratulated,AgEvo,13,17,1.82,-94,NP2,gratulierte,gratulierte,1.03,11,,"Der Neffe gratulierte der Tante, weil er von Anfang an berechnend war und den Vorteil suchte.",berechnend,0.9,10,68.75,68.75,optimal,nonamb
4,both_male,2,62,gratulierte,NP1-Causality,Wolfgang,gratulierte,"Sebastian,",weil,er,schon immer,schmeichelhaft war,und,Vorteile,erhoffte,"Wolfgang gratulierte Sebastian, weil er schon immer schmeichelhaft war und Vorteile erhoffte.",ok_prefix_keep_particle_or_punctuation,Wolfgang,Anna,Sebastian,Sarah,NP2,,,congratulated,AgEvo,13,17,1.82,-94,NP2,gratulierte,gratulierte,1.03,11,,"Der Neffe gratulierte der Tante, weil er von Anfang an berechnend war und den Vorteil suchte.",berechnend,0.9,10,68.75,68.75,optimal,nonamb
4,both_female,3,62,gratulierte,NP1-Causality,Anna,gratulierte,"Sarah,",weil,sie,schon immer,schmeichelhaft war,und,Vorteile,erhoffte,"Anna gratulierte Sarah, weil sie schon immer schmeichelhaft war und Vorteile erhoffte.",ok_prefix_keep_particle_or_punctuation,Wolfgang,Anna,Sebastian,Sarah,NP2,,,congratulated,AgEvo,13,17,1.82,-94,NP2,gratulierte,gratulierte,1.03,11,,"Der Neffe gratulierte der Tante, weil er von Anfang an berechnend war und den Vorteil suchte.",berechnend,0.9,10,68.75,68.75,optimal,nonamb
4,swapped,4,62,gratulierte,NP1-Causality,Anna,gratulierte,"Sebastian,",weil,sie,schon immer,schmeichelhaft war,und,Vorteile,erhoffte,"Anna gratulierte Sebastian, weil sie schon immer schmeichelhaft war und Vorteile erhoffte.",ok_prefix_keep_particle_or_punctuation,Wolfgang,Anna,Sebastian,Sarah,NP2,,,congratulated,AgEvo,13,17,1.82,-94,NP2,gratulierte,gratulierte,1.03,11,,"Der Neffe gratulierte der Tante, weil er von Anfang an berechnend war und den Vorteil suchte.",berechnend,0.9,10,68.75,68.75,optimal,nonamb
5,original,5,62,gratulierte,NP2-Causality,Wolfgang,gratulierte,"Sarah,",weil,sie,schon immer,beeindruckend war ,und ,Ideen,generierte,"Wolfgang gratulierte Sarah, weil sie schon immer beeindruckend war und Ideen generierte.",ok_prefix_keep_particle_or_punctuation,Wolfgang,Anna,Sebastian,Sarah,NP2,,,congratulated,AgEvo,13,17,1.82,-94,NP2,gratulierte,gratulierte,1.03,11,,"Der Neffe gratulierte der Tante, weil sie von Anfang an einflussreich war und die Unterstützung gewährte.",einflussreich,0.33,13,68.75,68.75,optimal,nonamb
5,both_male,6,62,gratulierte,NP2-Causality,Wolfgang,gratulierte,"Sebastian,",weil,er,schon immer,beeindruckend war ,und ,Ideen,generierte,"Wolfgang gratulierte Sebastian, weil er schon immer beeindruckend war und Ideen generierte.",ok_prefix_keep_particle_or_punctuation,Wolfgang,Anna,Sebastian,Sarah,NP2,,,congratulated,AgEvo,13,17,1.82,-94,NP2,gratulierte,gratulierte,1.03,11,,"Der Neffe gratulierte der Tante, weil sie von Anfang an einflussreich war und die Unterstützung gewährte.",einflussreich,0.33,13,68.75,68.75,optimal,nonamb
5,both_female,7,62,gratulierte,NP2-Causality,Anna,gratulierte,"Sarah,",weil,sie,schon immer,beeindruckend war ,und ,Ideen,generierte,"Anna gratulierte Sarah, weil sie schon immer beeindruckend war und Ideen generierte.",ok_prefix_keep_particle_or_punctuation,Wolfgang,Anna,Sebastian,Sarah,NP2,,,congratulated,AgEvo,13,17,1.82,-94,NP2,gratulierte,gratulierte,1.03,11,,"Der Neffe gratulierte der Tante, weil sie von Anfang an einflussreich war und die Unterstützung gewährte.",einflussreich,0.33,13,68.75,68.75,optimal,nonamb
5,swapped,8,62,gratulierte,NP2-Causality,Anna,gratulierte,"Sebastian,",weil,er,schon immer,beeindruckend war ,und ,Ideen,generierte,"Anna gratulierte Sebastian, weil er schon immer beeindruckend war und Ideen generierte.",ok_prefix_keep_particle_or_punctuation,Wolfgang,Anna,Sebastian,Sarah,NP2,,,congratulated,AgEvo,13,17,1.82,-94,NP2,gratulierte,gratulierte,1.03,11,,"Der Neffe gratulierte der Tante, weil sie von Anfang an einflussreich war und die Unterstützung gewährte.",einflussreich,0.33,13,68.75,68.75,optimal,nonamb
142,original,1,63,verunglimpfte,NP1-Causality,Matthias,verunglimpfte,"Sarah,",weil,er,schon immer,neidisch war, und ,Missgunst,verspührte,"Matthias verunglimpfte Sarah, weil er schon immer neidisch war und Missgunst verspührte.",ok_prefix_keep_particle_or_punctuation,Matthias,Claudia,Jürgen,Sarah,neutral,,,denigrated,AgEvo,10,0,-1.09,12,neutral,verunglimpfte,verunglimpfte,0.05,13,,"Der Mieter verunglimpfte die Vermieterin, weil er von Anfang an neidisch war und die Missgunst hegte.",neidisch,2.65,8,93.75,93.75,optimal,nonamb
142,both_male,2,63,verunglimpfte,NP1-Causality,Matthias,verunglimpfte,"Jürgen,",weil,er,schon immer,neidisch war, und ,Missgunst,verspührte,"Matthias verunglimpfte Jürgen, weil er schon immer neidisch war und Missgunst verspührte.",ok_prefix_keep_particle_or_punctuation,Matthias,Claudia,Jürgen,Sarah,neutral,,,denigrated,AgEvo,10,0,-1.09,12,neutral,verunglimpfte,verunglimpfte,0.05,13,,"Der Mieter verunglimpfte die Vermieterin, weil er von Anfang an neidisch war und die Missgunst hegte.",neidisch,2.65,8,93.75,93.75,optimal,nonamb
142,both_female,3,63,verunglimpfte,NP1-Causality,Claudia,verunglimpfte,"Sarah,",weil,sie,schon immer,neidisch war, und ,Missgunst,verspührte,"Claudia verunglimpfte Sarah, weil sie schon immer neidisch war und Missgunst verspührte.",ok_prefix_keep_particle_or_punctuation,Matthias,Claudia,Jürgen,Sarah,neutral,,,denigrated,AgEvo,10,0,-1.09,12,neutral,verunglimpfte,verunglimpfte,0.05,13,,"Der Mieter verunglimpfte die Vermieterin, weil er von Anfang an neidisch war und die Missgunst hegte.",neidisch,2.65,8,93.75,93.75,optimal,nonamb
142,swapped,4,63,verunglimpfte,NP1-Causality,Claudia,verunglimpfte,"Jürgen,",weil,sie,schon immer,neidisch war, und ,Missgunst,verspührte,"Claudia verunglimpfte Jürgen, weil sie schon immer neidisch war und Missgunst verspührte.",ok_prefix_keep_particle_or_punctuation,Matthias,Claudia,Jürgen,Sarah,neutral,,,denigrated,AgEvo,10,0,-1.09,12,neutral,verunglimpfte,verunglimpfte,0.05,13,,"Der Mieter verunglimpfte die Vermieterin, weil er von Anfang an neidisch war und die Missgunst hegte.",neidisch,2.65,8,93.75,93.75,optimal,nonamb
143,original,5,63,verunglimpfte,NP2-Causality,Matthias,verunglimpfte,"Sarah,",weil,sie,schon immer,überteuert war, und ,Klagen,provozierte,"Matthias verunglimpfte Sarah, weil sie schon immer überteuert war und Klagen provozierte.",ok_prefix_keep_particle_or_punctuation,Matthias,Claudia,Jürgen,Sarah,neutral,,,denigrated,AgEvo,10,0,-1.09,12,neutral,verunglimpfte,verunglimpfte,0.05,13,,"Der Mieter verunglimpfte die Vermieterin, weil sie von Anfang an überteuert war und die Klage provozierte.",überteuert,1.63,10,93.75,93.75,optimal,nonamb
143,both_male,6,63,verunglimpfte,NP2-Causality,Matthias,verunglimpfte,"Jürgen,",weil,er,schon immer,überteuert war, und ,Klagen,provozierte,"Matthias verunglimpfte Jürgen, weil er schon immer überteuert war und Klagen provozierte.",ok_prefix_keep_particle_or_punctuation,Matthias,Claudia,Jürgen,Sarah,neutral,,,denigrated,AgEvo,10,0,-1.09,12,neutral,verunglimpfte,verunglimpfte,0.05,13,,"Der Mieter verunglimpfte die Vermieterin, weil sie von Anfang an überteuert war und die Klage provozierte.",überteuert,1.63,10,93.75,93.75,optimal,nonamb
143,both_female,7,63,verunglimpfte,NP2-Causality,Claudia,verunglimpfte,"Sarah,",weil,sie,schon immer,überteuert war, und ,Klagen,provozierte,"Claudia verunglimpfte Sarah, weil sie schon immer überteuert war und Klagen provozierte.",ok_prefix_keep_particle_or_punctuation,Matthias,Claudia,Jürgen,Sarah,neutral,,,denigrated,AgEvo,10,0,-1.09,12,neutral,verunglimpfte,verunglimpfte,0.05,13,,"Der Mieter verunglimpfte die Vermieterin, weil sie von Anfang an überteuert war und die Klage provozierte.",überteuert,1.63,10,93.75,93.75,optimal,nonamb
143,swapped,8,63,verunglimpfte,NP2-Causality,Claudia,verunglimpfte,"Jürgen,",weil,er,schon immer,überteuert war, und ,Klagen,provozierte,"Claudia verunglimpfte Jürgen, weil er schon immer überteuert war und Klagen provozierte.",ok_prefix_keep_particle_or_punctuation,Matthias,Claudia,Jürgen,Sarah,neutral,,,denigrated,AgEvo,10,0,-1.09,12,neutral,verunglimpfte,verunglimpfte,0.05,13,,"Der Mieter verunglimpfte die Vermieterin, weil sie von Anfang an überteuert war und die Klage provozierte.",überteuert,1.63,10,93.75,93.75,optimal,nonamb
224,original,1,64,erfreute,NP1-Causality,Daniel,erfreute,"Barbara,",weil,er,in dem Spiel,erfolgreich war ,und ,die Atmosphäre,genoss,"Daniel erfreute Barbara, weil er in dem Spiel erfolgreich war und die Atmosphäre genoss.",ok_prefix_keep_particle_or_punctuation,Daniel,Linda,Peter,Barbara,NP1,,,delighted,StimExp,9,57,2.45,85,NP1,erfreute,erfreute,1.45,8,,"Der Spieler erfreute die Trainerin, weil er nach dem Spiel siegreich war und das Lob erhielt. ",siegreich,4.15,9,56.25,56.25,suboptimal,nonamb
224,both_male,2,64,erfreute,NP1-Causality,Daniel,erfreute,"Peter,",weil,er,in dem Spiel,erfolgreich war ,und ,die Atmosphäre,genoss,"Daniel erfreute Peter, weil er in dem Spiel erfolgreich war und die Atmosphäre genoss.",ok_prefix_keep_particle_or_punctuation,Daniel,Linda,Peter,Barbara,NP1,,,delighted,StimExp,9,57,2.45,85,NP1,erfreute,erfreute,1.45,8,,"Der Spieler erfreute die Trainerin, weil er nach dem Spiel siegreich war und das Lob erhielt. ",siegreich,4.15,9,56.25,56.25,suboptimal,nonamb
224,both_female,3,64,erfreute,NP1-Causality,Linda,erfreute,"Barbara,",weil,sie,in dem Spiel,erfolgreich war ,und ,die Atmosphäre,genoss,"Linda erfreute Barbara, weil sie in dem Spiel erfolgreich war und die Atmosphäre genoss.",ok_prefix_keep_particle_or_punctuation,Daniel,Linda,Peter,Barbara,NP1,,,delighted,StimExp,9,57,2.45,85,NP1,erfreute,erfreute,1.45,8,,"Der Spieler erfreute die Trainerin, weil er nach dem Spiel siegreich war und das Lob erhielt. ",siegreich,4.15,9,56.25,56.25,suboptimal,nonamb
224,swapped,4,64,erfreute,NP1-Causality,Linda,erfreute,"Peter,",weil,sie,in dem Spiel,erfolgreich war ,und ,die Atmosphäre,genoss,"Linda erfreute Peter, weil sie in dem Spiel erfolgreich war und die Atmosphäre genoss.",ok_prefix_keep_particle_or_punctuation,Daniel,Linda,Peter,Barbara,NP1,,,delighted,StimExp,9,57,2.45,85,NP1,erfreute,erfreute,1.45,8,,"Der Spieler erfreute die Trainerin, weil er nach dem Spiel siegreich war und das Lob erhielt. ",siegreich,4.15,9,56.25,56.25,suboptimal,nonamb
225,original,5,64,erfreute,NP2-Causality,Daniel,erfreute,"Barbara,",weil,sie,in dem Spiel,förderlich war,und ,zum Sieg,beitrug,"Daniel erfreute Barbara, weil sie in dem Spiel förderlich war und zum Sieg beitrug.",ok_prefix_keep_particle_or_punctuation,Daniel,Linda,Peter,Barbara,NP1,,,delighted,StimExp,9,57,2.45,85,NP1,erfreute,erfreute,1.45,8,,"Der Spieler erfreute die Trainerin, weil sie nach dem Spiel erwartungslos war und die Überraschung erlebte. ",weniger erwartet,0.03,15,56.25,56.25,suboptimal,nonamb
225,both_male,6,64,erfreute,NP2-Causality,Daniel,erfreute,"Peter,",weil,er,in dem Spiel,förderlich war,und ,zum Sieg,beitrug,"Daniel erfreute Peter, weil er in dem Spiel förderlich war und zum Sieg beitrug.",ok_prefix_keep_particle_or_punctuation,Daniel,Linda,Peter,Barbara,NP1,,,delighted,StimExp,9,57,2.45,85,NP1,erfreute,erfreute,1.45,8,,"Der Spieler erfreute die Trainerin, weil sie nach dem Spiel erwartungslos war und die Überraschung erlebte. ",weniger erwartet,0.03,15,56.25,56.25,suboptimal,nonamb
225,both_female,7,64,erfreute,NP2-Causality,Linda,erfreute,"Barbara,",weil,sie,in dem Spiel,förderlich war,und ,zum Sieg,beitrug,"Linda erfreute Barbara, weil sie in dem Spiel förderlich war und zum Sieg beitrug.",ok_prefix_keep_particle_or_punctuation,Daniel,Linda,Peter,Barbara,NP1,,,delighted,StimExp,9,57,2.45,85,NP1,erfreute,erfreute,1.45,8,,"Der Spieler erfreute die Trainerin, weil sie nach dem Spiel erwartungslos war und die Überraschung erlebte. ",weniger erwartet,0.03,15,56.25,56.25,suboptimal,nonamb
225,swapped,8,64,erfreute,NP2-Causality,Linda,erfreute,"Peter,",weil,er,in dem Spiel,förderlich war,und ,zum Sieg,beitrug,"Linda erfreute Peter, weil er in dem Spiel förderlich war und zum Sieg beitrug.",ok_prefix_keep_particle_or_punctuation,Daniel,Linda,Peter,Barbara,NP1,,,delighted,StimExp,9,57,2.45,85,NP1,erfreute,erfreute,1.45,8,,"Der Spieler erfreute die Trainerin, weil sie nach dem Spiel erwartungslos war und die Überraschung erlebte. ",weniger erwartet,0.03,15,56.25,56.25,suboptimal,nonamb
46,original,1,65,beschäftigte,NP1-Causality,Andreas,beschäftigte,"Birgit,",weil,er,schon immer,unternehmerisch war,und,Stellen,vergab,"Andreas beschäftigte Birgit, weil er schon immer unternehmerisch war und Stellen vergab.",ok_prefix_keep_particle_or_punctuation,Andreas,Maria,Sebastian,Birgit,NP2,,,employed,AgP,8,27,1,-76,NP2,beschäftigte,beschäftigte,61.28,12,,"Der Onkel beschäftigte die Nichte, weil er schon seit Langem unternehmerisch war und die Chance nutzte.",unternehmerisch,11.44,15,50,50,suboptimal,nonamb
46,both_male,2,65,beschäftigte,NP1-Causality,Andreas,beschäftigte,"Sebastian,",weil,er,schon immer,unternehmerisch war,und,Stellen,vergab,"Andreas beschäftigte Sebastian, weil er schon immer unternehmerisch war und Stellen vergab.",ok_prefix_keep_particle_or_punctuation,Andreas,Maria,Sebastian,Birgit,NP2,,,employed,AgP,8,27,1,-76,NP2,beschäftigte,beschäftigte,61.28,12,,"Der Onkel beschäftigte die Nichte, weil er schon seit Langem unternehmerisch war und die Chance nutzte.",unternehmerisch,11.44,15,50,50,suboptimal,nonamb
46,both_female,3,65,beschäftigte,NP1-Causality,Maria,beschäftigte,"Birgit,",weil,sie,schon immer,unternehmerisch war,und,Stellen,vergab,"Maria beschäftigte Birgit, weil sie schon immer unternehmerisch war und Stellen vergab.",ok_prefix_keep_particle_or_punctuation,Andreas,Maria,Sebastian,Birgit,NP2,,,employed,AgP,8,27,1,-76,NP2,beschäftigte,beschäftigte,61.28,12,,"Der Onkel beschäftigte die Nichte, weil er schon seit Langem unternehmerisch war und die Chance nutzte.",unternehmerisch,11.44,15,50,50,suboptimal,nonamb
46,swapped,4,65,beschäftigte,NP1-Causality,Maria,beschäftigte,"Sebastian,",weil,sie,schon immer,unternehmerisch war,und,Stellen,vergab,"Maria beschäftigte Sebastian, weil sie schon immer unternehmerisch war und Stellen vergab.",ok_prefix_keep_particle_or_punctuation,Andreas,Maria,Sebastian,Birgit,NP2,,,employed,AgP,8,27,1,-76,NP2,beschäftigte,beschäftigte,61.28,12,,"Der Onkel beschäftigte die Nichte, weil er schon seit Langem unternehmerisch war und die Chance nutzte.",unternehmerisch,11.44,15,50,50,suboptimal,nonamb
47,original,5,65,beschäftigte,NP2-Causality,Andreas,beschäftigte,"Birgit,",weil,sie,schon immer,zuverlässig war,und,Aufgaben,erledigte,"Andreas beschäftigte Birgit, weil sie schon immer zuverlässig war und Aufgaben erledigte.",ok_prefix_keep_particle_or_punctuation,Andreas,Maria,Sebastian,Birgit,NP2,,,employed,AgP,8,27,1,-76,NP2,beschäftigte,beschäftigte,61.28,12,,"Der Onkel beschäftigte die Nichte, weil sie schon seit Langem zuverlässig war und die Aufgaben erledigte.",zuverlässig,17.21,11,50,50,suboptimal,nonamb
47,both_male,6,65,beschäftigte,NP2-Causality,Andreas,beschäftigte,"Sebastian,",weil,er,schon immer,zuverlässig war,und,Aufgaben,erledigte,"Andreas beschäftigte Sebastian, weil er schon immer zuverlässig war und Aufgaben erledigte.",ok_prefix_keep_particle_or_punctuation,Andreas,Maria,Sebastian,Birgit,NP2,,,employed,AgP,8,27,1,-76,NP2,beschäftigte,beschäftigte,61.28,12,,"Der Onkel beschäftigte die Nichte, weil sie schon seit Langem zuverlässig war und die Aufgaben erledigte.",zuverlässig,17.21,11,50,50,suboptimal,nonamb
47,both_female,7,65,beschäftigte,NP2-Causality,Maria,beschäftigte,"Birgit,",weil,sie,schon immer,zuverlässig war,und,Aufgaben,erledigte,"Maria beschäftigte Birgit, weil sie schon immer zuverlässig war und Aufgaben erledigte.",ok_prefix_keep_particle_or_punctuation,Andreas,Maria,Sebastian,Birgit,NP2,,,employed,AgP,8,27,1,-76,NP2,beschäftigte,beschäftigte,61.28,12,,"Der Onkel beschäftigte die Nichte, weil sie schon seit Langem zuverlässig war und die Aufgaben erledigte.",zuverlässig,17.21,11,50,50,suboptimal,nonamb
47,swapped,8,65,beschäftigte,NP2-Causality,Maria,beschäftigte,"Sebastian,",weil,er,schon immer,zuverlässig war,und,Aufgaben,erledigte,"Maria beschäftigte Sebastian, weil er schon immer zuverlässig war und Aufgaben erledigte.",ok_prefix_keep_particle_or_punctuation,Andreas,Maria,Sebastian,Birgit,NP2,,,employed,AgP,8,27,1,-76,NP2,beschäftigte,beschäftigte,61.28,12,,"Der Onkel beschäftigte die Nichte, weil sie schon seit Langem zuverlässig war und die Aufgaben erledigte.",zuverlässig,17.21,11,50,50,suboptimal,nonamb
130,original,1,66,täuschte,NP1-Causality,Martin,täuschte,"Monika,",weil,er,in dem Moment,genervt war,und ,Vertrauen,missbrauchte,"Martin täuschte Monika, weil er in dem Moment genervt war und Vertrauen missbrauchte.",ok_prefix_keep_particle_or_punctuation,Martin,Laura,Uwe,Monika,neutral,,,fooled,AgP,6,17,0.45,10,neutral,täuschte,täuschte,0.44,8,,"Der Verkäufer täuschte die Kundin, weil er am frühen Morgen gewinnorientiert war und den Vorteil suchte.",gewinnorientiert,0.7,16,50,50,suboptimal,nonamb
130,both_male,2,66,täuschte,NP1-Causality,Martin,täuschte,"Uwe,",weil,er,in dem Moment,genervt war,und ,Vertrauen,missbrauchte,"Martin täuschte Uwe, weil er in dem Moment genervt war und Vertrauen missbrauchte.",ok_prefix_keep_particle_or_punctuation,Martin,Laura,Uwe,Monika,neutral,,,fooled,AgP,6,17,0.45,10,neutral,täuschte,täuschte,0.44,8,,"Der Verkäufer täuschte die Kundin, weil er am frühen Morgen gewinnorientiert war und den Vorteil suchte.",gewinnorientiert,0.7,16,50,50,suboptimal,nonamb
130,both_female,3,66,täuschte,NP1-Causality,Laura,täuschte,"Monika,",weil,sie,in dem Moment,genervt war,und ,Vertrauen,missbrauchte,"Laura täuschte Monika, weil sie in dem Moment genervt war und Vertrauen missbrauchte.",ok_prefix_keep_particle_or_punctuation,Martin,Laura,Uwe,Monika,neutral,,,fooled,AgP,6,17,0.45,10,neutral,täuschte,täuschte,0.44,8,,"Der Verkäufer täuschte die Kundin, weil er am frühen Morgen gewinnorientiert war und den Vorteil suchte.",gewinnorientiert,0.7,16,50,50,suboptimal,nonamb
130,swapped,4,66,täuschte,NP1-Causality,Laura,täuschte,"Uwe,",weil,sie,in dem Moment,genervt war,und ,Vertrauen,missbrauchte,"Laura täuschte Uwe, weil sie in dem Moment genervt war und Vertrauen missbrauchte.",ok_prefix_keep_particle_or_punctuation,Martin,Laura,Uwe,Monika,neutral,,,fooled,AgP,6,17,0.45,10,neutral,täuschte,täuschte,0.44,8,,"Der Verkäufer täuschte die Kundin, weil er am frühen Morgen gewinnorientiert war und den Vorteil suchte.",gewinnorientiert,0.7,16,50,50,suboptimal,nonamb
131,original,5,66,täuschte,NP2-Causality,Martin,täuschte,"Monika,",weil,sie,in dem Moment,unaufmerksam war,und ,Störungen,verursachte,"Martin täuschte Monika, weil sie in dem Moment unaufmerksam war und Störungen verursachte.",ok_prefix_keep_particle_or_punctuation,Martin,Laura,Uwe,Monika,neutral,,,fooled,AgP,6,17,0.45,10,neutral,täuschte,täuschte,0.44,8,,"Der Verkäufer täuschte die Kundin, weil sie am frühen Morgen unerfahren war und die Unsicherheit zeigte.",unerfahren,2.77,10,50,50,suboptimal,nonamb
131,both_male,6,66,täuschte,NP2-Causality,Martin,täuschte,"Uwe,",weil,er,in dem Moment,unaufmerksam war,und ,Störungen,verursachte,"Martin täuschte Uwe, weil er in dem Moment unaufmerksam war und Störungen verursachte.",ok_prefix_keep_particle_or_punctuation,Martin,Laura,Uwe,Monika,neutral,,,fooled,AgP,6,17,0.45,10,neutral,täuschte,täuschte,0.44,8,,"Der Verkäufer täuschte die Kundin, weil sie am frühen Morgen unerfahren war und die Unsicherheit zeigte.",unerfahren,2.77,10,50,50,suboptimal,nonamb
131,both_female,7,66,täuschte,NP2-Causality,Laura,täuschte,"Monika,",weil,sie,in dem Moment,unaufmerksam war,und ,Störungen,verursachte,"Laura täuschte Monika, weil sie in dem Moment unaufmerksam war und Störungen verursachte.",ok_prefix_keep_particle_or_punctuation,Martin,Laura,Uwe,Monika,neutral,,,fooled,AgP,6,17,0.45,10,neutral,täuschte,täuschte,0.44,8,,"Der Verkäufer täuschte die Kundin, weil sie am frühen Morgen unerfahren war und die Unsicherheit zeigte.",unerfahren,2.77,10,50,50,suboptimal,nonamb
131,swapped,8,66,täuschte,NP2-Causality,Laura,täuschte,"Uwe,",weil,er,in dem Moment,unaufmerksam war,und ,Störungen,verursachte,"Laura täuschte Uwe, weil er in dem Moment unaufmerksam war und Störungen verursachte.",ok_prefix_keep_particle_or_punctuation,Martin,Laura,Uwe,Monika,neutral,,,fooled,AgP,6,17,0.45,10,neutral,täuschte,täuschte,0.44,8,,"Der Verkäufer täuschte die Kundin, weil sie am frühen Morgen unerfahren war und die Unsicherheit zeigte.",unerfahren,2.77,10,50,50,suboptimal,nonamb
226,original,1,67,faszinierte,NP1-Causality,Frank,faszinierte,"Martina,",weil,er,in der Aufführung,ausdrucksstark war,und,eine Botschaft,kommunizierte,"Frank faszinierte Martina, weil er in der Aufführung ausdrucksstark war und eine Botschaft kommunizierte.",ok_prefix_keep_particle_or_punctuation,Frank,Lena,Stefan,Martina,NP1,,,fascinated,StimExp,10,0,1.64,85,NP1,faszinierte,faszinierte,1.13,11,,"Der Darsteller faszinierte die Zuschauerin, weil er bis zum Ende ausdrucksstark war und die Wirkung erzielte.",ausdrucksstark,1.49,14,62.5,62.5,suboptimal,nonamb
226,both_male,2,67,faszinierte,NP1-Causality,Frank,faszinierte,"Stefan,",weil,er,in der Aufführung,ausdrucksstark war,und,eine Botschaft,kommunizierte,"Frank faszinierte Stefan, weil er in der Aufführung ausdrucksstark war und eine Botschaft kommunizierte.",ok_prefix_keep_particle_or_punctuation,Frank,Lena,Stefan,Martina,NP1,,,fascinated,StimExp,10,0,1.64,85,NP1,faszinierte,faszinierte,1.13,11,,"Der Darsteller faszinierte die Zuschauerin, weil er bis zum Ende ausdrucksstark war und die Wirkung erzielte.",ausdrucksstark,1.49,14,62.5,62.5,suboptimal,nonamb
226,both_female,3,67,faszinierte,NP1-Causality,Lena,faszinierte,"Martina,",weil,sie,in der Aufführung,ausdrucksstark war,und,eine Botschaft,kommunizierte,"Lena faszinierte Martina, weil sie in der Aufführung ausdrucksstark war und eine Botschaft kommunizierte.",ok_prefix_keep_particle_or_punctuation,Frank,Lena,Stefan,Martina,NP1,,,fascinated,StimExp,10,0,1.64,85,NP1,faszinierte,faszinierte,1.13,11,,"Der Darsteller faszinierte die Zuschauerin, weil er bis zum Ende ausdrucksstark war und die Wirkung erzielte.",ausdrucksstark,1.49,14,62.5,62.5,suboptimal,nonamb
226,swapped,4,67,faszinierte,NP1-Causality,Lena,faszinierte,"Stefan,",weil,sie,in der Aufführung,ausdrucksstark war,und,eine Botschaft,kommunizierte,"Lena faszinierte Stefan, weil sie in der Aufführung ausdrucksstark war und eine Botschaft kommunizierte.",ok_prefix_keep_particle_or_punctuation,Frank,Lena,Stefan,Martina,NP1,,,fascinated,StimExp,10,0,1.64,85,NP1,faszinierte,faszinierte,1.13,11,,"Der Darsteller faszinierte die Zuschauerin, weil er bis zum Ende ausdrucksstark war und die Wirkung erzielte.",ausdrucksstark,1.49,14,62.5,62.5,suboptimal,nonamb
227,original,5,67,faszinierte,NP2-Causality,Frank,faszinierte,"Martina,",weil,sie,in der Aufführung,verblüfft war,und,die Botschaft,verstand,"Frank faszinierte Martina, weil sie in der Aufführung verblüfft war und die Botschaft verstand.",ok_prefix_keep_particle_or_punctuation,Frank,Lena,Stefan,Martina,NP1,,,fascinated,StimExp,10,0,1.64,85,NP1,faszinierte,faszinierte,1.13,11,,"Der Darsteller faszinierte die Zuschauerin, weil sie bis zum Ende verblüfft war und die Augen weitete.",verblüfft,2.69,9,62.5,62.5,suboptimal,nonamb
227,both_male,6,67,faszinierte,NP2-Causality,Frank,faszinierte,"Stefan,",weil,er,in der Aufführung,verblüfft war,und,die Botschaft,verstand,"Frank faszinierte Stefan, weil er in der Aufführung verblüfft war und die Botschaft verstand.",ok_prefix_keep_particle_or_punctuation,Frank,Lena,Stefan,Martina,NP1,,,fascinated,StimExp,10,0,1.64,85,NP1,faszinierte,faszinierte,1.13,11,,"Der Darsteller faszinierte die Zuschauerin, weil sie bis zum Ende verblüfft war und die Augen weitete.",verblüfft,2.69,9,62.5,62.5,suboptimal,nonamb
227,both_female,7,67,faszinierte,NP2-Causality,Lena,faszinierte,"Martina,",weil,sie,in der Aufführung,verblüfft war,und,die Botschaft,verstand,"Lena faszinierte Martina, weil sie in der Aufführung verblüfft war und die Botschaft verstand.",ok_prefix_keep_particle_or_punctuation,Frank,Lena,Stefan,Martina,NP1,,,fascinated,StimExp,10,0,1.64,85,NP1,faszinierte,faszinierte,1.13,11,,"Der Darsteller faszinierte die Zuschauerin, weil sie bis zum Ende verblüfft war und die Augen weitete.",verblüfft,2.69,9,62.5,62.5,suboptimal,nonamb
227,swapped,8,67,faszinierte,NP2-Causality,Lena,faszinierte,"Stefan,",weil,er,in der Aufführung,verblüfft war,und,die Botschaft,verstand,"Lena faszinierte Stefan, weil er in der Aufführung verblüfft war und die Botschaft verstand.",ok_prefix_keep_particle_or_punctuation,Frank,Lena,Stefan,Martina,NP1,,,fascinated,StimExp,10,0,1.64,85,NP1,faszinierte,faszinierte,1.13,11,,"Der Darsteller faszinierte die Zuschauerin, weil sie bis zum Ende verblüfft war und die Augen weitete.",verblüfft,2.69,9,62.5,62.5,suboptimal,nonamb
0,original,1,68,lachte … aus,NP1-Causality,Karl,lachte,"Renate aus,",weil ,er,am späten Abend,gehässig war,und,Streit,suchte,"Karl lachte Renate aus, weil er am späten Abend gehässig war und Streit suchte.",ok_prefix_keep_particle_or_punctuation,Karl,Anna,David,Renate,NP2,,,laughed at,AgP,7,0,-0.82,-96,NP2,lachte … aus,auslachte,0.03,9,,"Der Heimleiter lachte die Seniorin aus, weil er am späten Abend gehässig war und den Streit schürte.",gehässig,0.73,8,93.5,93.5,optimal,nonamb
0,both_male,2,68,lachte … aus,NP1-Causality,Karl,lachte,"David aus,",weil ,er,am späten Abend,gehässig war,und,Streit,suchte,"Karl lachte David aus, weil er am späten Abend gehässig war und Streit suchte.",ok_prefix_keep_particle_or_punctuation,Karl,Anna,David,Renate,NP2,,,laughed at,AgP,7,0,-0.82,-96,NP2,lachte … aus,auslachte,0.03,9,,"Der Heimleiter lachte die Seniorin aus, weil er am späten Abend gehässig war und den Streit schürte.",gehässig,0.73,8,93.5,93.5,optimal,nonamb
0,both_female,3,68,lachte … aus,NP1-Causality,Anna,lachte,"Renate aus,",weil ,sie,am späten Abend,gehässig war,und,Streit,suchte,"Anna lachte Renate aus, weil sie am späten Abend gehässig war und Streit suchte.",ok_prefix_keep_particle_or_punctuation,Karl,Anna,David,Renate,NP2,,,laughed at,AgP,7,0,-0.82,-96,NP2,lachte … aus,auslachte,0.03,9,,"Der Heimleiter lachte die Seniorin aus, weil er am späten Abend gehässig war und den Streit schürte.",gehässig,0.73,8,93.5,93.5,optimal,nonamb
0,swapped,4,68,lachte … aus,NP1-Causality,Anna,lachte,"David aus,",weil ,sie,am späten Abend,gehässig war,und,Streit,suchte,"Anna lachte David aus, weil sie am späten Abend gehässig war und Streit suchte.",ok_prefix_keep_particle_or_punctuation,Karl,Anna,David,Renate,NP2,,,laughed at,AgP,7,0,-0.82,-96,NP2,lachte … aus,auslachte,0.03,9,,"Der Heimleiter lachte die Seniorin aus, weil er am späten Abend gehässig war und den Streit schürte.",gehässig,0.73,8,93.5,93.5,optimal,nonamb
1,original,5,68,lachte … aus,NP2-Causality,Karl,lachte,"Renate aus,",weil ,sie,am späten Abend,vergesslich war,und,die Reaktion,provozierte,"Karl lachte Renate aus, weil sie am späten Abend vergesslich war und die Reaktion provozierte.",ok_prefix_keep_particle_or_punctuation,Karl,Anna,David,Renate,NP2,,,laughed at,AgP,7,0,-0.82,-96,NP2,lachte … aus,auslachte,0.03,9,,"Der Heimleiter lachte die Seniorin aus, weil sie am späten Abend vergesslich war und die Situation verschärfte.",vergesslich,0.3,11,93.5,93.5,optimal,nonamb
1,both_male,6,68,lachte … aus,NP2-Causality,Karl,lachte,"David aus,",weil ,er,am späten Abend,vergesslich war,und,die Reaktion,provozierte,"Karl lachte David aus, weil er am späten Abend vergesslich war und die Reaktion provozierte.",ok_prefix_keep_particle_or_punctuation,Karl,Anna,David,Renate,NP2,,,laughed at,AgP,7,0,-0.82,-96,NP2,lachte … aus,auslachte,0.03,9,,"Der Heimleiter lachte die Seniorin aus, weil sie am späten Abend vergesslich war und die Situation verschärfte.",vergesslich,0.3,11,93.5,93.5,optimal,nonamb
1,both_female,7,68,lachte … aus,NP2-Causality,Anna,lachte,"Renate aus,",weil ,sie,am späten Abend,vergesslich war,und,die Reaktion,provozierte,"Anna lachte Renate aus, weil sie am späten Abend vergesslich war und die Reaktion provozierte.",ok_prefix_keep_particle_or_punctuation,Karl,Anna,David,Renate,NP2,,,laughed at,AgP,7,0,-0.82,-96,NP2,lachte … aus,auslachte,0.03,9,,"Der Heimleiter lachte die Seniorin aus, weil sie am späten Abend vergesslich war und die Situation verschärfte.",vergesslich,0.3,11,93.5,93.5,optimal,nonamb
1,swapped,8,68,lachte … aus,NP2-Causality,Anna,lachte,"David aus,",weil ,er,am späten Abend,vergesslich war,und,die Reaktion,provozierte,"Anna lachte David aus, weil er am späten Abend vergesslich war und die Reaktion provozierte.",ok_prefix_keep_particle_or_punctuation,Karl,Anna,David,Renate,NP2,,,laughed at,AgP,7,0,-0.82,-96,NP2,lachte … aus,auslachte,0.03,9,,"Der Heimleiter lachte die Seniorin aus, weil sie am späten Abend vergesslich war und die Situation verschärfte.",vergesslich,0.3,11,93.5,93.5,optimal,nonamb
104,original,1,69,amüsierte,NP1-Causality,Wolfgang,amüsierte,"Petra,",weil ,er,an dem Nachmittag,drollig war,und,Kunsstücke,vollführte,"Wolfgang amüsierte Petra, weil er an dem Nachmittag drollig war und Kunsstücke vollführte.",ok_prefix_keep_particle_or_punctuation,Wolfgang,Sabine,Alexander,Petra,neutral,,,jollified,StimExp,9,0,1.09,-2,neutral,amüsierte,amüsierte,0.34,9,,"Der Tänzer amüsierte die Zuschauerin, weil er von Anfang an hervorragend war und die Begeisterung weckte.",hervorragend,40.61,12,93.75,93.75,optimal,nonamb
104,both_male,2,69,amüsierte,NP1-Causality,Wolfgang,amüsierte,"Alexander,",weil ,er,an dem Nachmittag,drollig war,und,Kunsstücke,vollführte,"Wolfgang amüsierte Alexander, weil er an dem Nachmittag drollig war und Kunsstücke vollführte.",ok_prefix_keep_particle_or_punctuation,Wolfgang,Sabine,Alexander,Petra,neutral,,,jollified,StimExp,9,0,1.09,-2,neutral,amüsierte,amüsierte,0.34,9,,"Der Tänzer amüsierte die Zuschauerin, weil er von Anfang an hervorragend war und die Begeisterung weckte.",hervorragend,40.61,12,93.75,93.75,optimal,nonamb
104,both_female,3,69,amüsierte,NP1-Causality,Sabine,amüsierte,"Petra,",weil ,sie,an dem Nachmittag,drollig war,und,Kunsstücke,vollführte,"Sabine amüsierte Petra, weil sie an dem Nachmittag drollig war und Kunsstücke vollführte.",ok_prefix_keep_particle_or_punctuation,Wolfgang,Sabine,Alexander,Petra,neutral,,,jollified,StimExp,9,0,1.09,-2,neutral,amüsierte,amüsierte,0.34,9,,"Der Tänzer amüsierte die Zuschauerin, weil er von Anfang an hervorragend war und die Begeisterung weckte.",hervorragend,40.61,12,93.75,93.75,optimal,nonamb
104,swapped,4,69,amüsierte,NP1-Causality,Sabine,amüsierte,"Alexander,",weil ,sie,an dem Nachmittag,drollig war,und,Kunsstücke,vollführte,"Sabine amüsierte Alexander, weil sie an dem Nachmittag drollig war und Kunsstücke vollführte.",ok_prefix_keep_particle_or_punctuation,Wolfgang,Sabine,Alexander,Petra,neutral,,,jollified,StimExp,9,0,1.09,-2,neutral,amüsierte,amüsierte,0.34,9,,"Der Tänzer amüsierte die Zuschauerin, weil er von Anfang an hervorragend war und die Begeisterung weckte.",hervorragend,40.61,12,93.75,93.75,optimal,nonamb
105,original,5,69,amüsierte,NP2-Causality,Wolfgang,amüsierte,"Petra,",weil ,sie,an dem Nachmittag,kulturbeflissen war,und,die Witze,schätzte,"Wolfgang amüsierte Petra, weil sie an dem Nachmittag kulturbeflissen war und die Witze schätzte.",ok_prefix_keep_particle_or_punctuation,Wolfgang,Sabine,Alexander,Petra,neutral,,,jollified,StimExp,9,0,1.09,-2,neutral,amüsierte,amüsierte,0.34,9,,"Der Tänzer amüsierte die Zuschauerin, weil sie von Anfang an kulturbeflissen war und den Ausdruck schätzte.",kulturbeflissen,0.03,15,93.75,93.75,optimal,nonamb
105,both_male,6,69,amüsierte,NP2-Causality,Wolfgang,amüsierte,"Alexander,",weil ,er,an dem Nachmittag,kulturbeflissen war,und,die Witze,schätzte,"Wolfgang amüsierte Alexander, weil er an dem Nachmittag kulturbeflissen war und die Witze schätzte.",ok_prefix_keep_particle_or_punctuation,Wolfgang,Sabine,Alexander,Petra,neutral,,,jollified,StimExp,9,0,1.09,-2,neutral,amüsierte,amüsierte,0.34,9,,"Der Tänzer amüsierte die Zuschauerin, weil sie von Anfang an kulturbeflissen war und den Ausdruck schätzte.",kulturbeflissen,0.03,15,93.75,93.75,optimal,nonamb
105,both_female,7,69,amüsierte,NP2-Causality,Sabine,amüsierte,"Petra,",weil ,sie,an dem Nachmittag,kulturbeflissen war,und,die Witze,schätzte,"Sabine amüsierte Petra, weil sie an dem Nachmittag kulturbeflissen war und die Witze schätzte.",ok_prefix_keep_particle_or_punctuation,Wolfgang,Sabine,Alexander,Petra,neutral,,,jollified,StimExp,9,0,1.09,-2,neutral,amüsierte,amüsierte,0.34,9,,"Der Tänzer amüsierte die Zuschauerin, weil sie von Anfang an kulturbeflissen war und den Ausdruck schätzte.",kulturbeflissen,0.03,15,93.75,93.75,optimal,nonamb
105,swapped,8,69,amüsierte,NP2-Causality,Sabine,amüsierte,"Alexander,",weil ,er,an dem Nachmittag,kulturbeflissen war,und,die Witze,schätzte,"Sabine amüsierte Alexander, weil er an dem Nachmittag kulturbeflissen war und die Witze schätzte.",ok_prefix_keep_particle_or_punctuation,Wolfgang,Sabine,Alexander,Petra,neutral,,,jollified,StimExp,9,0,1.09,-2,neutral,amüsierte,amüsierte,0.34,9,,"Der Tänzer amüsierte die Zuschauerin, weil sie von Anfang an kulturbeflissen war und den Ausdruck schätzte.",kulturbeflissen,0.03,15,93.75,93.75,optimal,nonamb
194,original,1,70,reizte,NP1-Causality,Tobias,reizte,"Katharina,",weil ,er,am späten Nachmittag,penetrant war,und ,die Anderen,verunsicherte,"Tobias reizte Katharina, weil er am späten Nachmittag penetrant war und die Anderen verunsicherte.",ok_prefix_keep_particle_or_punctuation,Tobias,Julia,Michael,Katharina,NP1,,,peeved,StimExp,6,931,-1.27,77,NP1,reizte,reizte,0.68,6,,"Der Chef reizte die Mitarbeiterin, weil er am späten Vormittag arrogant war und die Reaktion herausforderte.",arrogant,4.45,8,87.5,87.5,optimal,nonamb
194,both_male,2,70,reizte,NP1-Causality,Tobias,reizte,"Michael,",weil ,er,am späten Nachmittag,penetrant war,und ,die Anderen,verunsicherte,"Tobias reizte Michael, weil er am späten Nachmittag penetrant war und die Anderen verunsicherte.",ok_prefix_keep_particle_or_punctuation,Tobias,Julia,Michael,Katharina,NP1,,,peeved,StimExp,6,931,-1.27,77,NP1,reizte,reizte,0.68,6,,"Der Chef reizte die Mitarbeiterin, weil er am späten Vormittag arrogant war und die Reaktion herausforderte.",arrogant,4.45,8,87.5,87.5,optimal,nonamb
194,both_female,3,70,reizte,NP1-Causality,Julia,reizte,"Katharina,",weil ,sie,am späten Nachmittag,penetrant war,und ,die Anderen,verunsicherte,"Julia reizte Katharina, weil sie am späten Nachmittag penetrant war und die Anderen verunsicherte.",ok_prefix_keep_particle_or_punctuation,Tobias,Julia,Michael,Katharina,NP1,,,peeved,StimExp,6,931,-1.27,77,NP1,reizte,reizte,0.68,6,,"Der Chef reizte die Mitarbeiterin, weil er am späten Vormittag arrogant war und die Reaktion herausforderte.",arrogant,4.45,8,87.5,87.5,optimal,nonamb
194,swapped,4,70,reizte,NP1-Causality,Julia,reizte,"Michael,",weil ,sie,am späten Nachmittag,penetrant war,und ,die Anderen,verunsicherte,"Julia reizte Michael, weil sie am späten Nachmittag penetrant war und die Anderen verunsicherte.",ok_prefix_keep_particle_or_punctuation,Tobias,Julia,Michael,Katharina,NP1,,,peeved,StimExp,6,931,-1.27,77,NP1,reizte,reizte,0.68,6,,"Der Chef reizte die Mitarbeiterin, weil er am späten Vormittag arrogant war und die Reaktion herausforderte.",arrogant,4.45,8,87.5,87.5,optimal,nonamb
195,original,5,70,reizte,NP2-Causality,Tobias,reizte,"Katharina,",weil ,sie,am späten Nachmittag,sensibel war,und ,Müdigkeit,einsetzte,"Tobias reizte Katharina, weil sie am späten Nachmittag sensibel war und Müdigkeit einsetzte.",ok_prefix_keep_particle_or_punctuation,Tobias,Julia,Michael,Katharina,NP1,,,peeved,StimExp,6,931,-1.27,77,NP1,reizte,reizte,0.68,6,,"Der Chef reizte die Mitarbeiterin, weil sie am späten Vormittag sensibel war und die Gefühle spürte.",sensibel,13.76,10,87.5,87.5,optimal,nonamb
195,both_male,6,70,reizte,NP2-Causality,Tobias,reizte,"Michael,",weil ,er,am späten Nachmittag,sensibel war,und ,Müdigkeit,einsetzte,"Tobias reizte Michael, weil er am späten Nachmittag sensibel war und Müdigkeit einsetzte.",ok_prefix_keep_particle_or_punctuation,Tobias,Julia,Michael,Katharina,NP1,,,peeved,StimExp,6,931,-1.27,77,NP1,reizte,reizte,0.68,6,,"Der Chef reizte die Mitarbeiterin, weil sie am späten Vormittag sensibel war und die Gefühle spürte.",sensibel,13.76,10,87.5,87.5,optimal,nonamb
195,both_female,7,70,reizte,NP2-Causality,Julia,reizte,"Katharina,",weil ,sie,am späten Nachmittag,sensibel war,und ,Müdigkeit,einsetzte,"Julia reizte Katharina, weil sie am späten Nachmittag sensibel war und Müdigkeit einsetzte.",ok_prefix_keep_particle_or_punctuation,Tobias,Julia,Michael,Katharina,NP1,,,peeved,StimExp,6,931,-1.27,77,NP1,reizte,reizte,0.68,6,,"Der Chef reizte die Mitarbeiterin, weil sie am späten Vormittag sensibel war und die Gefühle spürte.",sensibel,13.76,10,87.5,87.5,optimal,nonamb
195,swapped,8,70,reizte,NP2-Causality,Julia,reizte,"Michael,",weil ,er,am späten Nachmittag,sensibel war,und ,Müdigkeit,einsetzte,"Julia reizte Michael, weil er am späten Nachmittag sensibel war und Müdigkeit einsetzte.",ok_prefix_keep_particle_or_punctuation,Tobias,Julia,Michael,Katharina,NP1,,,peeved,StimExp,6,931,-1.27,77,NP1,reizte,reizte,0.68,6,,"Der Chef reizte die Mitarbeiterin, weil sie am späten Vormittag sensibel war und die Gefühle spürte.",sensibel,13.76,10,87.5,87.5,optimal,nonamb
34,original,1,71,bedauerte,NP1-Causality,Paul,bedauerte,"Lisa,",weil,er,an dem Tag,machtlos war,und ,die Situation,auswegslos,"Paul bedauerte Lisa, weil er an dem Tag machtlos war und die Situation auswegslos.",ok_prefix_keep_particle_or_punctuation,Paul,Susanne,Hans,Lisa,NP2,,,pitied,ExpStim,6,512,-1.55,-83,NP2,bedauerte,bedauerte,1.89,9,,"Der Arzt bedauerte die Patientin, weil er schon seit Langem machtlos war und die Situation akzeptierte.",machtlos,2.68,8,68.75,68.75,optimal,nonamb
34,both_male,2,71,bedauerte,NP1-Causality,Paul,bedauerte,"Hans,",weil,er,an dem Tag,machtlos war,und ,die Situation,auswegslos,"Paul bedauerte Hans, weil er an dem Tag machtlos war und die Situation auswegslos.",ok_prefix_keep_particle_or_punctuation,Paul,Susanne,Hans,Lisa,NP2,,,pitied,ExpStim,6,512,-1.55,-83,NP2,bedauerte,bedauerte,1.89,9,,"Der Arzt bedauerte die Patientin, weil er schon seit Langem machtlos war und die Situation akzeptierte.",machtlos,2.68,8,68.75,68.75,optimal,nonamb
34,both_female,3,71,bedauerte,NP1-Causality,Susanne,bedauerte,"Lisa,",weil,sie,an dem Tag,machtlos war,und ,die Situation,auswegslos,"Susanne bedauerte Lisa, weil sie an dem Tag machtlos war und die Situation auswegslos.",ok_prefix_keep_particle_or_punctuation,Paul,Susanne,Hans,Lisa,NP2,,,pitied,ExpStim,6,512,-1.55,-83,NP2,bedauerte,bedauerte,1.89,9,,"Der Arzt bedauerte die Patientin, weil er schon seit Langem machtlos war und die Situation akzeptierte.",machtlos,2.68,8,68.75,68.75,optimal,nonamb
34,swapped,4,71,bedauerte,NP1-Causality,Susanne,bedauerte,"Hans,",weil,sie,an dem Tag,machtlos war,und ,die Situation,auswegslos,"Susanne bedauerte Hans, weil sie an dem Tag machtlos war und die Situation auswegslos.",ok_prefix_keep_particle_or_punctuation,Paul,Susanne,Hans,Lisa,NP2,,,pitied,ExpStim,6,512,-1.55,-83,NP2,bedauerte,bedauerte,1.89,9,,"Der Arzt bedauerte die Patientin, weil er schon seit Langem machtlos war und die Situation akzeptierte.",machtlos,2.68,8,68.75,68.75,optimal,nonamb
35,original,5,71,bedauerte,NP2-Causality,Paul,bedauerte,"Lisa,",weil,sie,an dem Tag,kraftlos war,und ,die Heilung,stagnierte,"Paul bedauerte Lisa, weil sie an dem Tag kraftlos war und die Heilung stagnierte.",ok_prefix_keep_particle_or_punctuation,Paul,Susanne,Hans,Lisa,NP2,,,pitied,ExpStim,6,512,-1.55,-83,NP2,bedauerte,bedauerte,1.89,9,,"Der Arzt bedauerte die Patientin, weil sie schon seit Langem unheilbar war und die Hoffnung verlor.",unheilbar,2.86,9,68.75,68.75,optimal,nonamb
35,both_male,6,71,bedauerte,NP2-Causality,Paul,bedauerte,"Hans,",weil,er,an dem Tag,kraftlos war,und ,die Heilung,stagnierte,"Paul bedauerte Hans, weil er an dem Tag kraftlos war und die Heilung stagnierte.",ok_prefix_keep_particle_or_punctuation,Paul,Susanne,Hans,Lisa,NP2,,,pitied,ExpStim,6,512,-1.55,-83,NP2,bedauerte,bedauerte,1.89,9,,"Der Arzt bedauerte die Patientin, weil sie schon seit Langem unheilbar war und die Hoffnung verlor.",unheilbar,2.86,9,68.75,68.75,optimal,nonamb
35,both_female,7,71,bedauerte,NP2-Causality,Susanne,bedauerte,"Lisa,",weil,sie,an dem Tag,kraftlos war,und ,die Heilung,stagnierte,"Susanne bedauerte Lisa, weil sie an dem Tag kraftlos war und die Heilung stagnierte.",ok_prefix_keep_particle_or_punctuation,Paul,Susanne,Hans,Lisa,NP2,,,pitied,ExpStim,6,512,-1.55,-83,NP2,bedauerte,bedauerte,1.89,9,,"Der Arzt bedauerte die Patientin, weil sie schon seit Langem unheilbar war und die Hoffnung verlor.",unheilbar,2.86,9,68.75,68.75,optimal,nonamb
35,swapped,8,71,bedauerte,NP2-Causality,Susanne,bedauerte,"Hans,",weil,er,an dem Tag,kraftlos war,und ,die Heilung,stagnierte,"Susanne bedauerte Hans, weil er an dem Tag kraftlos war und die Heilung stagnierte.",ok_prefix_keep_particle_or_punctuation,Paul,Susanne,Hans,Lisa,NP2,,,pitied,ExpStim,6,512,-1.55,-83,NP2,bedauerte,bedauerte,1.89,9,,"Der Arzt bedauerte die Patientin, weil sie schon seit Langem unheilbar war und die Hoffnung verlor.",unheilbar,2.86,9,68.75,68.75,optimal,nonamb
78,original,1,72,tadelte,NP1-Causality,Christian,tadelte,"Eva,",weil,er,am dem Nachmittag,verärgert war,und ,Kleinigkeitein,bemerkte,"Christian tadelte Eva, weil er am dem Nachmittag verärgert war und Kleinigkeitein bemerkte.",ok_prefix_keep_particle_or_punctuation,Christian,Jana,Klaus,Eva,neutral,,,reproved,AgEvo,8,61,-0.36,-14,neutral,tadelte,tadelte,0.23,7,,"Der Herr tadelte die Zofe, weil er am frühen Morgen genervt war und die Kontrolle verlor.",genervt,3.82,7,43.75,43.75,suboptimal,nonamb
78,both_male,2,72,tadelte,NP1-Causality,Christian,tadelte,"Klaus,",weil,er,am dem Nachmittag,verärgert war,und ,Kleinigkeitein,bemerkte,"Christian tadelte Klaus, weil er am dem Nachmittag verärgert war und Kleinigkeitein bemerkte.",ok_prefix_keep_particle_or_punctuation,Christian,Jana,Klaus,Eva,neutral,,,reproved,AgEvo,8,61,-0.36,-14,neutral,tadelte,tadelte,0.23,7,,"Der Herr tadelte die Zofe, weil er am frühen Morgen genervt war und die Kontrolle verlor.",genervt,3.82,7,43.75,43.75,suboptimal,nonamb
78,both_female,3,72,tadelte,NP1-Causality,Jana,tadelte,"Eva,",weil,sie,am dem Nachmittag,verärgert war,und ,Kleinigkeitein,bemerkte,"Jana tadelte Eva, weil sie am dem Nachmittag verärgert war und Kleinigkeitein bemerkte.",ok_prefix_keep_particle_or_punctuation,Christian,Jana,Klaus,Eva,neutral,,,reproved,AgEvo,8,61,-0.36,-14,neutral,tadelte,tadelte,0.23,7,,"Der Herr tadelte die Zofe, weil er am frühen Morgen genervt war und die Kontrolle verlor.",genervt,3.82,7,43.75,43.75,suboptimal,nonamb
78,swapped,4,72,tadelte,NP1-Causality,Jana,tadelte,"Klaus,",weil,sie,am dem Nachmittag,verärgert war,und ,Kleinigkeitein,bemerkte,"Jana tadelte Klaus, weil sie am dem Nachmittag verärgert war und Kleinigkeitein bemerkte.",ok_prefix_keep_particle_or_punctuation,Christian,Jana,Klaus,Eva,neutral,,,reproved,AgEvo,8,61,-0.36,-14,neutral,tadelte,tadelte,0.23,7,,"Der Herr tadelte die Zofe, weil er am frühen Morgen genervt war und die Kontrolle verlor.",genervt,3.82,7,43.75,43.75,suboptimal,nonamb
79,original,5,72,tadelte,NP2-Causality,Christian,tadelte,"Eva,",weil,sie,am dem Nachmittag,unpünktlich war,und ,Fehler,machte,"Christian tadelte Eva, weil sie am dem Nachmittag unpünktlich war und Fehler machte.",ok_prefix_keep_particle_or_punctuation,Christian,Jana,Klaus,Eva,neutral,,,reproved,AgEvo,8,61,-0.36,-14,neutral,tadelte,tadelte,0.23,7,,"Der Herr tadelte die Zofe, weil sie am frühen Morgen unpünktlich war und den Ablauf störte.",unpünktlich,0.28,11,43.75,43.75,suboptimal,nonamb
79,both_male,6,72,tadelte,NP2-Causality,Christian,tadelte,"Klaus,",weil,er,am dem Nachmittag,unpünktlich war,und ,Fehler,machte,"Christian tadelte Klaus, weil er am dem Nachmittag unpünktlich war und Fehler machte.",ok_prefix_keep_particle_or_punctuation,Christian,Jana,Klaus,Eva,neutral,,,reproved,AgEvo,8,61,-0.36,-14,neutral,tadelte,tadelte,0.23,7,,"Der Herr tadelte die Zofe, weil sie am frühen Morgen unpünktlich war und den Ablauf störte.",unpünktlich,0.28,11,43.75,43.75,suboptimal,nonamb
79,both_female,7,72,tadelte,NP2-Causality,Jana,tadelte,"Eva,",weil,sie,am dem Nachmittag,unpünktlich war,und ,Fehler,machte,"Jana tadelte Eva, weil sie am dem Nachmittag unpünktlich war und Fehler machte.",ok_prefix_keep_particle_or_punctuation,Christian,Jana,Klaus,Eva,neutral,,,reproved,AgEvo,8,61,-0.36,-14,neutral,tadelte,tadelte,0.23,7,,"Der Herr tadelte die Zofe, weil sie am frühen Morgen unpünktlich war und den Ablauf störte.",unpünktlich,0.28,11,43.75,43.75,suboptimal,nonamb
79,swapped,8,72,tadelte,NP2-Causality,Jana,tadelte,"Klaus,",weil,er,am dem Nachmittag,unpünktlich war,und ,Fehler,machte,"Jana tadelte Klaus, weil er am dem Nachmittag unpünktlich war und Fehler machte.",ok_prefix_keep_particle_or_punctuation,Christian,Jana,Klaus,Eva,neutral,,,reproved,AgEvo,8,61,-0.36,-14,neutral,tadelte,tadelte,0.23,7,,"Der Herr tadelte die Zofe, weil sie am frühen Morgen unpünktlich war und den Ablauf störte.",unpünktlich,0.28,11,43.75,43.75,suboptimal,nonamb
174,original,1,73,begeisterte,NP1-Causality,Philipp,begeisterte,"Nicole,",weil,er,auf der Tournee,extravagant war,und,Solos,spielte,"Philipp begeisterte Nicole, weil er auf der Tournee extravagant war und Solos spielte.",ok_prefix_keep_particle_or_punctuation,Philipp,Daniela,Thomas,Nicole,NP1,,,wowed,StimExp,5,24,1.82,74,NP1,begeisterte,begeisterte,4.7,11,,"Der Musiker begeisterte die Zuhörerin, weil er seit einiger Zeit auf Tournee war und die Aufmerksamkeit gewann.",auf Tournee,0.69,10,81.25,81.25,optimal,nonamb
174,both_male,2,73,begeisterte,NP1-Causality,Philipp,begeisterte,"Thomas,",weil,er,auf der Tournee,extravagant war,und,Solos,spielte,"Philipp begeisterte Thomas, weil er auf der Tournee extravagant war und Solos spielte.",ok_prefix_keep_particle_or_punctuation,Philipp,Daniela,Thomas,Nicole,NP1,,,wowed,StimExp,5,24,1.82,74,NP1,begeisterte,begeisterte,4.7,11,,"Der Musiker begeisterte die Zuhörerin, weil er seit einiger Zeit auf Tournee war und die Aufmerksamkeit gewann.",auf Tournee,0.69,10,81.25,81.25,optimal,nonamb
174,both_female,3,73,begeisterte,NP1-Causality,Daniela,begeisterte,"Nicole,",weil,sie,auf der Tournee,extravagant war,und,Solos,spielte,"Daniela begeisterte Nicole, weil sie auf der Tournee extravagant war und Solos spielte.",ok_prefix_keep_particle_or_punctuation,Philipp,Daniela,Thomas,Nicole,NP1,,,wowed,StimExp,5,24,1.82,74,NP1,begeisterte,begeisterte,4.7,11,,"Der Musiker begeisterte die Zuhörerin, weil er seit einiger Zeit auf Tournee war und die Aufmerksamkeit gewann.",auf Tournee,0.69,10,81.25,81.25,optimal,nonamb
174,swapped,4,73,begeisterte,NP1-Causality,Daniela,begeisterte,"Thomas,",weil,sie,auf der Tournee,extravagant war,und,Solos,spielte,"Daniela begeisterte Thomas, weil sie auf der Tournee extravagant war und Solos spielte.",ok_prefix_keep_particle_or_punctuation,Philipp,Daniela,Thomas,Nicole,NP1,,,wowed,StimExp,5,24,1.82,74,NP1,begeisterte,begeisterte,4.7,11,,"Der Musiker begeisterte die Zuhörerin, weil er seit einiger Zeit auf Tournee war und die Aufmerksamkeit gewann.",auf Tournee,0.69,10,81.25,81.25,optimal,nonamb
175,original,5,73,begeisterte,NP2-Causality,Philipp,begeisterte,"Nicole,",weil,sie,auf der Tournee,angeheitert war,und,in der Musik,schwelkte,"Philipp begeisterte Nicole, weil sie auf der Tournee angeheitert war und in der Musik schwelkte.",ok_prefix_keep_particle_or_punctuation,Philipp,Daniela,Thomas,Nicole,NP1,,,wowed,StimExp,5,24,1.82,74,NP1,begeisterte,begeisterte,4.7,11,,"Der Musiker begeisterte die Zuhörerin, weil sie seit einiger Zeit angeheitert war und die Musik genoss.",angeheitert,0.15,10,81.25,81.25,optimal,nonamb
175,both_male,6,73,begeisterte,NP2-Causality,Philipp,begeisterte,"Thomas,",weil,er,auf der Tournee,angeheitert war,und,in der Musik,schwelkte,"Philipp begeisterte Thomas, weil er auf der Tournee angeheitert war und in der Musik schwelkte.",ok_prefix_keep_particle_or_punctuation,Philipp,Daniela,Thomas,Nicole,NP1,,,wowed,StimExp,5,24,1.82,74,NP1,begeisterte,begeisterte,4.7,11,,"Der Musiker begeisterte die Zuhörerin, weil sie seit einiger Zeit angeheitert war und die Musik genoss.",angeheitert,0.15,10,81.25,81.25,optimal,nonamb
175,both_female,7,73,begeisterte,NP2-Causality,Daniela,begeisterte,"Nicole,",weil,sie,auf der Tournee,angeheitert war,und,in der Musik,schwelkte,"Daniela begeisterte Nicole, weil sie auf der Tournee angeheitert war und in der Musik schwelkte.",ok_prefix_keep_particle_or_punctuation,Philipp,Daniela,Thomas,Nicole,NP1,,,wowed,StimExp,5,24,1.82,74,NP1,begeisterte,begeisterte,4.7,11,,"Der Musiker begeisterte die Zuhörerin, weil sie seit einiger Zeit angeheitert war und die Musik genoss.",angeheitert,0.15,10,81.25,81.25,optimal,nonamb
175,swapped,8,73,begeisterte,NP2-Causality,Daniela,begeisterte,"Thomas,",weil,er,auf der Tournee,angeheitert war,und,in der Musik,schwelkte,"Daniela begeisterte Thomas, weil er auf der Tournee angeheitert war und in der Musik schwelkte.",ok_prefix_keep_particle_or_punctuation,Philipp,Daniela,Thomas,Nicole,NP1,,,wowed,StimExp,5,24,1.82,74,NP1,begeisterte,begeisterte,4.7,11,,"Der Musiker begeisterte die Zuhörerin, weil sie seit einiger Zeit angeheitert war und die Musik genoss.",angeheitert,0.15,10,81.25,81.25,optimal,nonamb
72,original,1,74,war besorgt um,NP1-Causality,Johannes,war besorgt um,"Nina,",weil,er,seit kurzer Zeit,ängstlich war,und,Gefahren,sah,"Johannes war besorgt um Nina, weil er seit kurzer Zeit ängstlich war und Gefahren sah.",ok_prefix_keep_particle_or_punctuation,Johannes,Johanna,Florian,Nina,NP2,,,worried about,ExpStim,7,51,-1.91,-71,NP2,war besorgt um,war besorgt,0.09,10,,"Der Vater war besorgt um die Tochter, weil er seit kurzer Zeit lebenserfahren war und die Risiken sah. ",lebenserfahren,0.13,14,68.75,68.75,optimal,nonamb
72,both_male,2,74,war besorgt um,NP1-Causality,Johannes,war besorgt um,"Florian,",weil,er,seit kurzer Zeit,ängstlich war,und,Gefahren,sah,"Johannes war besorgt um Florian, weil er seit kurzer Zeit ängstlich war und Gefahren sah.",ok_prefix_keep_particle_or_punctuation,Johannes,Johanna,Florian,Nina,NP2,,,worried about,ExpStim,7,51,-1.91,-71,NP2,war besorgt um,war besorgt,0.09,10,,"Der Vater war besorgt um die Tochter, weil er seit kurzer Zeit lebenserfahren war und die Risiken sah. ",lebenserfahren,0.13,14,68.75,68.75,optimal,nonamb
72,both_female,3,74,war besorgt um,NP1-Causality,Johanna,war besorgt um,"Nina,",weil,sie,seit kurzer Zeit,ängstlich war,und,Gefahren,sah,"Johanna war besorgt um Nina, weil sie seit kurzer Zeit ängstlich war und Gefahren sah.",ok_prefix_keep_particle_or_punctuation,Johannes,Johanna,Florian,Nina,NP2,,,worried about,ExpStim,7,51,-1.91,-71,NP2,war besorgt um,war besorgt,0.09,10,,"Der Vater war besorgt um die Tochter, weil er seit kurzer Zeit lebenserfahren war und die Risiken sah. ",lebenserfahren,0.13,14,68.75,68.75,optimal,nonamb
72,swapped,4,74,war besorgt um,NP1-Causality,Johanna,war besorgt um,"Florian,",weil,sie,seit kurzer Zeit,ängstlich war,und,Gefahren,sah,"Johanna war besorgt um Florian, weil sie seit kurzer Zeit ängstlich war und Gefahren sah.",ok_prefix_keep_particle_or_punctuation,Johannes,Johanna,Florian,Nina,NP2,,,worried about,ExpStim,7,51,-1.91,-71,NP2,war besorgt um,war besorgt,0.09,10,,"Der Vater war besorgt um die Tochter, weil er seit kurzer Zeit lebenserfahren war und die Risiken sah. ",lebenserfahren,0.13,14,68.75,68.75,optimal,nonamb
73,original,5,74,war besorgt um,NP2-Causality,Johannes,war besorgt um,"Nina,",weil,sie,seit kurzer Zeit,achtzehn war,und,die Freiheit,genoss,"Johannes war besorgt um Nina, weil sie seit kurzer Zeit achtzehn war und die Freiheit genoss.",ok_prefix_keep_particle_or_punctuation,Johannes,Johanna,Florian,Nina,NP2,,,worried about,ExpStim,7,51,-1.91,-71,NP2,war besorgt um,war besorgt,0.09,10,,"Der Vater war besorgt um die Tochter, weil sie seit kurzer Zeit achtzehn war und die Freiheit genoss. ",erst achtzehn,0.03,8,68.75,68.75,optimal,nonamb
73,both_male,6,74,war besorgt um,NP2-Causality,Johannes,war besorgt um,"Florian,",weil,er,seit kurzer Zeit,achtzehn war,und,die Freiheit,genoss,"Johannes war besorgt um Florian, weil er seit kurzer Zeit achtzehn war und die Freiheit genoss.",ok_prefix_keep_particle_or_punctuation,Johannes,Johanna,Florian,Nina,NP2,,,worried about,ExpStim,7,51,-1.91,-71,NP2,war besorgt um,war besorgt,0.09,10,,"Der Vater war besorgt um die Tochter, weil sie seit kurzer Zeit achtzehn war und die Freiheit genoss. ",erst achtzehn,0.03,8,68.75,68.75,optimal,nonamb
73,both_female,7,74,war besorgt um,NP2-Causality,Johanna,war besorgt um,"Nina,",weil,sie,seit kurzer Zeit,achtzehn war,und,die Freiheit,genoss,"Johanna war besorgt um Nina, weil sie seit kurzer Zeit achtzehn war und die Freiheit genoss.",ok_prefix_keep_particle_or_punctuation,Johannes,Johanna,Florian,Nina,NP2,,,worried about,ExpStim,7,51,-1.91,-71,NP2,war besorgt um,war besorgt,0.09,10,,"Der Vater war besorgt um die Tochter, weil sie seit kurzer Zeit achtzehn war und die Freiheit genoss. ",erst achtzehn,0.03,8,68.75,68.75,optimal,nonamb
73,swapped,8,74,war besorgt um,NP2-Causality,Johanna,war besorgt um,"Florian,",weil,er,seit kurzer Zeit,achtzehn war,und,die Freiheit,genoss,"Johanna war besorgt um Florian, weil er seit kurzer Zeit achtzehn war und die Freiheit genoss.",ok_prefix_keep_particle_or_punctuation,Johannes,Johanna,Florian,Nina,NP2,,,worried about,ExpStim,7,51,-1.91,-71,NP2,war besorgt um,war besorgt,0.09,10,,"Der Vater war besorgt um die Tochter, weil sie seit kurzer Zeit achtzehn war und die Freiheit genoss. ",erst achtzehn,0.03,8,68.75,68.75,optimal,nonamb
152,original,1,75,schikanierte,NP1-Causality,Thomas,schikanierte,"Johanna,",weil,er,in der Schule,niederträchtig war,und,Demütigungen,aussprach,"Thomas schikanierte Johanna, weil er in der Schule niederträchtig war und Demütigungen aussprach.",ok_prefix_keep_particle_or_punctuation,Thomas,Susanne,Andreas,Johanna,neutral,,,victimized,AgEvo,10,55,-2.64,15,neutral,schikanierte,schikanierte,0.04,12,,"Der Schüler schikanierte die Lehrerin, weil er bis zum Ende niederträchtig war und die Demütigung steigerte.",niederträchtig,0.67,14,81.25,81.25,optimal,nonamb
152,both_male,2,75,schikanierte,NP1-Causality,Thomas,schikanierte,"Andreas,",weil,er,in der Schule,niederträchtig war,und,Demütigungen,aussprach,"Thomas schikanierte Andreas, weil er in der Schule niederträchtig war und Demütigungen aussprach.",ok_prefix_keep_particle_or_punctuation,Thomas,Susanne,Andreas,Johanna,neutral,,,victimized,AgEvo,10,55,-2.64,15,neutral,schikanierte,schikanierte,0.04,12,,"Der Schüler schikanierte die Lehrerin, weil er bis zum Ende niederträchtig war und die Demütigung steigerte.",niederträchtig,0.67,14,81.25,81.25,optimal,nonamb
152,both_female,3,75,schikanierte,NP1-Causality,Susanne,schikanierte,"Johanna,",weil,sie,in der Schule,niederträchtig war,und,Demütigungen,aussprach,"Susanne schikanierte Johanna, weil sie in der Schule niederträchtig war und Demütigungen aussprach.",ok_prefix_keep_particle_or_punctuation,Thomas,Susanne,Andreas,Johanna,neutral,,,victimized,AgEvo,10,55,-2.64,15,neutral,schikanierte,schikanierte,0.04,12,,"Der Schüler schikanierte die Lehrerin, weil er bis zum Ende niederträchtig war und die Demütigung steigerte.",niederträchtig,0.67,14,81.25,81.25,optimal,nonamb
152,swapped,4,75,schikanierte,NP1-Causality,Susanne,schikanierte,"Andreas,",weil,sie,in der Schule,niederträchtig war,und,Demütigungen,aussprach,"Susanne schikanierte Andreas, weil sie in der Schule niederträchtig war und Demütigungen aussprach.",ok_prefix_keep_particle_or_punctuation,Thomas,Susanne,Andreas,Johanna,neutral,,,victimized,AgEvo,10,55,-2.64,15,neutral,schikanierte,schikanierte,0.04,12,,"Der Schüler schikanierte die Lehrerin, weil er bis zum Ende niederträchtig war und die Demütigung steigerte.",niederträchtig,0.67,14,81.25,81.25,optimal,nonamb
153,original,5,75,schikanierte,NP2-Causality,Thomas,schikanierte,"Johanna,",weil,sie,in der Schule,hilflos war,und,Autorität,fehlte,"Thomas schikanierte Johanna, weil sie in der Schule hilflos war und Autorität fehlte.",ok_prefix_keep_particle_or_punctuation,Thomas,Susanne,Andreas,Johanna,neutral,,,victimized,AgEvo,10,55,-2.64,15,neutral,schikanierte,schikanierte,0.04,12,,"Der Schüler schikanierte die Lehrerin, weil sie bis zum Ende hilflos war und die Hoffnung sank.",hilflos,9.77,7,81.25,81.25,optimal,nonamb
153,both_male,6,75,schikanierte,NP2-Causality,Thomas,schikanierte,"Andreas,",weil,er,in der Schule,hilflos war,und,Autorität,fehlte,"Thomas schikanierte Andreas, weil er in der Schule hilflos war und Autorität fehlte.",ok_prefix_keep_particle_or_punctuation,Thomas,Susanne,Andreas,Johanna,neutral,,,victimized,AgEvo,10,55,-2.64,15,neutral,schikanierte,schikanierte,0.04,12,,"Der Schüler schikanierte die Lehrerin, weil sie bis zum Ende hilflos war und die Hoffnung sank.",hilflos,9.77,7,81.25,81.25,optimal,nonamb
153,both_female,7,75,schikanierte,NP2-Causality,Susanne,schikanierte,"Johanna,",weil,sie,in der Schule,hilflos war,und,Autorität,fehlte,"Susanne schikanierte Johanna, weil sie in der Schule hilflos war und Autorität fehlte.",ok_prefix_keep_particle_or_punctuation,Thomas,Susanne,Andreas,Johanna,neutral,,,victimized,AgEvo,10,55,-2.64,15,neutral,schikanierte,schikanierte,0.04,12,,"Der Schüler schikanierte die Lehrerin, weil sie bis zum Ende hilflos war und die Hoffnung sank.",hilflos,9.77,7,81.25,81.25,optimal,nonamb
153,swapped,8,75,schikanierte,NP2-Causality,Susanne,schikanierte,"Andreas,",weil,er,in der Schule,hilflos war,und,Autorität,fehlte,"Susanne schikanierte Andreas, weil er in der Schule hilflos war und Autorität fehlte.",ok_prefix_keep_particle_or_punctuation,Thomas,Susanne,Andreas,Johanna,neutral,,,victimized,AgEvo,10,55,-2.64,15,neutral,schikanierte,schikanierte,0.04,12,,"Der Schüler schikanierte die Lehrerin, weil sie bis zum Ende hilflos war und die Hoffnung sank.",hilflos,9.77,7,81.25,81.25,optimal,nonamb
230,original,1,76,zog an,NP1-Causality,Tobias,zog,"Claudia an,",weil,er,schon seit Langem,athletisch war,und,das Gleichgewicht,hielt,"Tobias zog Claudia an, weil er schon seit Langem athletisch war und das Gleichgewicht hielt.",ok_prefix_keep_particle_or_punctuation,Tobias,Sabine,Stefan,Claudia,NP1,,,attracted,StimExp,9,1,1.82,87,NP1,zog an,anzogen,0.17,5,,"Der Akrobat zog die Frau an, weil er schon seit Langem aktiv war und das Gleichgewicht hielt.",in Bewegung,9.3,10,37.5,37.5,suboptimal,nonamb
230,both_male,2,76,zog an,NP1-Causality,Tobias,zog,"Stefan an,",weil,er,schon seit Langem,athletisch war,und,das Gleichgewicht,hielt,"Tobias zog Stefan an, weil er schon seit Langem athletisch war und das Gleichgewicht hielt.",ok_prefix_keep_particle_or_punctuation,Tobias,Sabine,Stefan,Claudia,NP1,,,attracted,StimExp,9,1,1.82,87,NP1,zog an,anzogen,0.17,5,,"Der Akrobat zog die Frau an, weil er schon seit Langem aktiv war und das Gleichgewicht hielt.",in Bewegung,9.3,10,37.5,37.5,suboptimal,nonamb
230,both_female,3,76,zog an,NP1-Causality,Sabine,zog,"Claudia an,",weil,sie,schon seit Langem,athletisch war,und,das Gleichgewicht,hielt,"Sabine zog Claudia an, weil sie schon seit Langem athletisch war und das Gleichgewicht hielt.",ok_prefix_keep_particle_or_punctuation,Tobias,Sabine,Stefan,Claudia,NP1,,,attracted,StimExp,9,1,1.82,87,NP1,zog an,anzogen,0.17,5,,"Der Akrobat zog die Frau an, weil er schon seit Langem aktiv war und das Gleichgewicht hielt.",in Bewegung,9.3,10,37.5,37.5,suboptimal,nonamb
230,swapped,4,76,zog an,NP1-Causality,Sabine,zog,"Stefan an,",weil,sie,schon seit Langem,athletisch war,und,das Gleichgewicht,hielt,"Sabine zog Stefan an, weil sie schon seit Langem athletisch war und das Gleichgewicht hielt.",ok_prefix_keep_particle_or_punctuation,Tobias,Sabine,Stefan,Claudia,NP1,,,attracted,StimExp,9,1,1.82,87,NP1,zog an,anzogen,0.17,5,,"Der Akrobat zog die Frau an, weil er schon seit Langem aktiv war und das Gleichgewicht hielt.",in Bewegung,9.3,10,37.5,37.5,suboptimal,nonamb
231,original,5,76,zog an,NP2-Causality,Tobias,zog,"Claudia an,",weil,sie,schon seit Langem,gelangweilt war,und,die Balancekunst,faszinierte,"Tobias zog Claudia an, weil sie schon seit Langem gelangweilt war und die Balancekunst faszinierte.",ok_prefix_keep_particle_or_punctuation,Tobias,Sabine,Stefan,Claudia,NP1,,,attracted,StimExp,9,1,1.82,87,NP1,zog an,anzog,0.57,5,,"Der Akrobat zog die Frau an, weil sie schon seit Langem gelangweilt war und das Fußwippen begann.",gelangweilt,2.65,11,37.5,37.5,suboptimal,nonamb
231,both_male,6,76,zog an,NP2-Causality,Tobias,zog,"Stefan an,",weil,er,schon seit Langem,gelangweilt war,und,die Balancekunst,faszinierte,"Tobias zog Stefan an, weil er schon seit Langem gelangweilt war und die Balancekunst faszinierte.",ok_prefix_keep_particle_or_punctuation,Tobias,Sabine,Stefan,Claudia,NP1,,,attracted,StimExp,9,1,1.82,87,NP1,zog an,anzog,0.57,5,,"Der Akrobat zog die Frau an, weil sie schon seit Langem gelangweilt war und das Fußwippen begann.",gelangweilt,2.65,11,37.5,37.5,suboptimal,nonamb
231,both_female,7,76,zog an,NP2-Causality,Sabine,zog,"Claudia an,",weil,sie,schon seit Langem,gelangweilt war,und,die Balancekunst,faszinierte,"Sabine zog Claudia an, weil sie schon seit Langem gelangweilt war und die Balancekunst faszinierte.",ok_prefix_keep_particle_or_punctuation,Tobias,Sabine,Stefan,Claudia,NP1,,,attracted,StimExp,9,1,1.82,87,NP1,zog an,anzog,0.57,5,,"Der Akrobat zog die Frau an, weil sie schon seit Langem gelangweilt war und das Fußwippen begann.",gelangweilt,2.65,11,37.5,37.5,suboptimal,nonamb
231,swapped,8,76,zog an,NP2-Causality,Sabine,zog,"Stefan an,",weil,er,schon seit Langem,gelangweilt war,und,die Balancekunst,faszinierte,"Sabine zog Stefan an, weil er schon seit Langem gelangweilt war und die Balancekunst faszinierte.",ok_prefix_keep_particle_or_punctuation,Tobias,Sabine,Stefan,Claudia,NP1,,,attracted,StimExp,9,1,1.82,87,NP1,zog an,anzog,0.57,5,,"Der Akrobat zog die Frau an, weil sie schon seit Langem gelangweilt war und das Fußwippen begann.",gelangweilt,2.65,11,37.5,37.5,suboptimal,nonamb
44,original,1,77,munterte … auf,NP1-Causality,Karl,munterte,"Birgit auf,",weil,er,im Morgengrauen,hilfsbereit war,und,Zuversicht,ausstrahlte,"Karl munterte Birgit auf, weil er im Morgengrauen hilfsbereit war und Zuversicht ausstrahlte.",ok_prefix_keep_particle_or_punctuation,Karl,Barbara,Philipp,Birgit,NP2,,,comforted,StimExp,9,612,2.36,-77,NP2,munterte auf,aufmunterte,0.02,11,,"Der Anwohner munterte die Obdachlose auf, weil er in der Dämmerung hilfsbereit war und das Getränk reichte.",hilfsbereit,4.33,11,31.25,31.25,suboptimal,nonamb
44,both_male,2,77,munterte … auf,NP1-Causality,Karl,munterte,"Philipp auf,",weil,er,im Morgengrauen,hilfsbereit war,und,Zuversicht,ausstrahlte,"Karl munterte Philipp auf, weil er im Morgengrauen hilfsbereit war und Zuversicht ausstrahlte.",ok_prefix_keep_particle_or_punctuation,Karl,Barbara,Philipp,Birgit,NP2,,,comforted,StimExp,9,612,2.36,-77,NP2,munterte auf,aufmunterte,0.02,11,,"Der Anwohner munterte die Obdachlose auf, weil er in der Dämmerung hilfsbereit war und das Getränk reichte.",hilfsbereit,4.33,11,31.25,31.25,suboptimal,nonamb
44,both_female,3,77,munterte … auf,NP1-Causality,Barbara,munterte,"Birgit auf,",weil,sie,im Morgengrauen,hilfsbereit war,und,Zuversicht,ausstrahlte,"Barbara munterte Birgit auf, weil sie im Morgengrauen hilfsbereit war und Zuversicht ausstrahlte.",ok_prefix_keep_particle_or_punctuation,Karl,Barbara,Philipp,Birgit,NP2,,,comforted,StimExp,9,612,2.36,-77,NP2,munterte auf,aufmunterte,0.02,11,,"Der Anwohner munterte die Obdachlose auf, weil er in der Dämmerung hilfsbereit war und das Getränk reichte.",hilfsbereit,4.33,11,31.25,31.25,suboptimal,nonamb
44,swapped,4,77,munterte … auf,NP1-Causality,Barbara,munterte,"Philipp auf,",weil,sie,im Morgengrauen,hilfsbereit war,und,Zuversicht,ausstrahlte,"Barbara munterte Philipp auf, weil sie im Morgengrauen hilfsbereit war und Zuversicht ausstrahlte.",ok_prefix_keep_particle_or_punctuation,Karl,Barbara,Philipp,Birgit,NP2,,,comforted,StimExp,9,612,2.36,-77,NP2,munterte auf,aufmunterte,0.02,11,,"Der Anwohner munterte die Obdachlose auf, weil er in der Dämmerung hilfsbereit war und das Getränk reichte.",hilfsbereit,4.33,11,31.25,31.25,suboptimal,nonamb
45,original,5,77,munterte … auf,NP2-Causality,Karl,munterte,"Birgit auf,",weil,sie,im Morgengrauen,verzweifelt war,und,Zukunftsängste,hatte,"Karl munterte Birgit auf, weil sie im Morgengrauen verzweifelt war und Zukunftsängste hatte.",ok_prefix_keep_particle_or_punctuation,Karl,Barbara,Philipp,Birgit,NP2,,,comforted,StimExp,9,612,2.36,-77,NP2,munterte auf,aufmunterte,0.02,11,,"Der Anwohner munterte die Obdachlose auf, weil sie in der Dämmerung hilfsbedüftig war und das Anliegen vorbrachte.",hilfsbedürftig,0.9,14,31.25,31.25,suboptimal,nonamb
45,both_male,6,77,munterte … auf,NP2-Causality,Karl,munterte,"Philipp auf,",weil,er,im Morgengrauen,verzweifelt war,und,Zukunftsängste,hatte,"Karl munterte Philipp auf, weil er im Morgengrauen verzweifelt war und Zukunftsängste hatte.",ok_prefix_keep_particle_or_punctuation,Karl,Barbara,Philipp,Birgit,NP2,,,comforted,StimExp,9,612,2.36,-77,NP2,munterte auf,aufmunterte,0.02,11,,"Der Anwohner munterte die Obdachlose auf, weil sie in der Dämmerung hilfsbedüftig war und das Anliegen vorbrachte.",hilfsbedürftig,0.9,14,31.25,31.25,suboptimal,nonamb
45,both_female,7,77,munterte … auf,NP2-Causality,Barbara,munterte,"Birgit auf,",weil,sie,im Morgengrauen,verzweifelt war,und,Zukunftsängste,hatte,"Barbara munterte Birgit auf, weil sie im Morgengrauen verzweifelt war und Zukunftsängste hatte.",ok_prefix_keep_particle_or_punctuation,Karl,Barbara,Philipp,Birgit,NP2,,,comforted,StimExp,9,612,2.36,-77,NP2,munterte auf,aufmunterte,0.02,11,,"Der Anwohner munterte die Obdachlose auf, weil sie in der Dämmerung hilfsbedüftig war und das Anliegen vorbrachte.",hilfsbedürftig,0.9,14,31.25,31.25,suboptimal,nonamb
45,swapped,8,77,munterte … auf,NP2-Causality,Barbara,munterte,"Philipp auf,",weil,er,im Morgengrauen,verzweifelt war,und,Zukunftsängste,hatte,"Barbara munterte Philipp auf, weil er im Morgengrauen verzweifelt war und Zukunftsängste hatte.",ok_prefix_keep_particle_or_punctuation,Karl,Barbara,Philipp,Birgit,NP2,,,comforted,StimExp,9,612,2.36,-77,NP2,munterte auf,aufmunterte,0.02,11,,"Der Anwohner munterte die Obdachlose auf, weil sie in der Dämmerung hilfsbedüftig war und das Anliegen vorbrachte.",hilfsbedürftig,0.9,14,31.25,31.25,suboptimal,nonamb
86,original,1,78,beschimpfte,NP1-Causality,Johannes,beschimpfte,"Lisa,",weil,er,mittlerweile,dement war,und ,die Orientierung,verlor,"Johannes beschimpfte Lisa, weil er mittlerweile dement war und die Orientierung verlor.",ok_prefix_keep_particle_or_punctuation,Johannes,Monika,Klaus,Lisa,neutral,,,decried,AgEvo,7,0,-0.55,-11,neutral,beschimpfte,beschimpfte,0.62,11,,"Der Onkel beschimpfte die Tochter, weil er von Anfang an dement war und die Orientierung verlor.",dement,0.09,6,75,75,optimal,nonamb
86,both_male,2,78,beschimpfte,NP1-Causality,Johannes,beschimpfte,"Klaus,",weil,er,mittlerweile,dement war,und ,die Orientierung,verlor,"Johannes beschimpfte Klaus, weil er mittlerweile dement war und die Orientierung verlor.",ok_prefix_keep_particle_or_punctuation,Johannes,Monika,Klaus,Lisa,neutral,,,decried,AgEvo,7,0,-0.55,-11,neutral,beschimpfte,beschimpfte,0.62,11,,"Der Onkel beschimpfte die Tochter, weil er von Anfang an dement war und die Orientierung verlor.",dement,0.09,6,75,75,optimal,nonamb
86,both_female,3,78,beschimpfte,NP1-Causality,Monika,beschimpfte,"Lisa,",weil,sie,mittlerweile,dement war,und ,die Orientierung,verlor,"Monika beschimpfte Lisa, weil sie mittlerweile dement war und die Orientierung verlor.",ok_prefix_keep_particle_or_punctuation,Johannes,Monika,Klaus,Lisa,neutral,,,decried,AgEvo,7,0,-0.55,-11,neutral,beschimpfte,beschimpfte,0.62,11,,"Der Onkel beschimpfte die Tochter, weil er von Anfang an dement war und die Orientierung verlor.",dement,0.09,6,75,75,optimal,nonamb
86,swapped,4,78,beschimpfte,NP1-Causality,Monika,beschimpfte,"Klaus,",weil,sie,mittlerweile,dement war,und ,die Orientierung,verlor,"Monika beschimpfte Klaus, weil sie mittlerweile dement war und die Orientierung verlor.",ok_prefix_keep_particle_or_punctuation,Johannes,Monika,Klaus,Lisa,neutral,,,decried,AgEvo,7,0,-0.55,-11,neutral,beschimpfte,beschimpfte,0.62,11,,"Der Onkel beschimpfte die Tochter, weil er von Anfang an dement war und die Orientierung verlor.",dement,0.09,6,75,75,optimal,nonamb
87,original,5,78,beschimpfte,NP2-Causality,Johannes,beschimpfte,"Lisa,",weil,sie,mittlerweile,frech war,und ,Unbarmherzigkeit,signalisierte,"Johannes beschimpfte Lisa, weil sie mittlerweile frech war und Unbarmherzigkeit signalisierte.",ok_prefix_keep_particle_or_punctuation,Johannes,Monika,Klaus,Lisa,neutral,,,decried,AgEvo,7,0,-0.55,-11,neutral,beschimpfte,beschimpfte,0.62,11,,"Der Onkel beschimpfte die Tochter, weil sie von Anfang an spät war und die Unruhe erzeugte.",zu spät,18.87,6,75,75,optimal,nonamb
87,both_male,6,78,beschimpfte,NP2-Causality,Johannes,beschimpfte,"Klaus,",weil,er,mittlerweile,frech war,und ,Unbarmherzigkeit,signalisierte,"Johannes beschimpfte Klaus, weil er mittlerweile frech war und Unbarmherzigkeit signalisierte.",ok_prefix_keep_particle_or_punctuation,Johannes,Monika,Klaus,Lisa,neutral,,,decried,AgEvo,7,0,-0.55,-11,neutral,beschimpfte,beschimpfte,0.62,11,,"Der Onkel beschimpfte die Tochter, weil sie von Anfang an spät war und die Unruhe erzeugte.",zu spät,18.87,6,75,75,optimal,nonamb
87,both_female,7,78,beschimpfte,NP2-Causality,Monika,beschimpfte,"Lisa,",weil,sie,mittlerweile,frech war,und ,Unbarmherzigkeit,signalisierte,"Monika beschimpfte Lisa, weil sie mittlerweile frech war und Unbarmherzigkeit signalisierte.",ok_prefix_keep_particle_or_punctuation,Johannes,Monika,Klaus,Lisa,neutral,,,decried,AgEvo,7,0,-0.55,-11,neutral,beschimpfte,beschimpfte,0.62,11,,"Der Onkel beschimpfte die Tochter, weil sie von Anfang an spät war und die Unruhe erzeugte.",zu spät,18.87,6,75,75,optimal,nonamb
87,swapped,8,78,beschimpfte,NP2-Causality,Monika,beschimpfte,"Klaus,",weil,er,mittlerweile,frech war,und ,Unbarmherzigkeit,signalisierte,"Monika beschimpfte Klaus, weil er mittlerweile frech war und Unbarmherzigkeit signalisierte.",ok_prefix_keep_particle_or_punctuation,Johannes,Monika,Klaus,Lisa,neutral,,,decried,AgEvo,7,0,-0.55,-11,neutral,beschimpfte,beschimpfte,0.62,11,,"Der Onkel beschimpfte die Tochter, weil sie von Anfang an spät war und die Unruhe erzeugte.",zu spät,18.87,6,75,75,optimal,nonamb
168,original,1,79,schüchterte … ein,NP1-Causality,Michael,schüchterte,"Maria ein,",weil,er,vor dem Gottesdienst,ungehalten war ,und ,die Stille ,fürchtete,"Michael schüchterte Maria ein, weil er vor dem Gottesdienst ungehalten war und die Stille fürchtete.",ok_prefix_keep_particle_or_punctuation,Michael,Petra,Florian,Maria,NP1,,,daunted,StimExp,7,14,-1.18,72,NP1,schüchterte … ein,einschüchterte,0.02,14,,"Der Priester schüchterte die Ministrantin ein, weil er am frühen Morgen unheimlich war und die Stille hinterließ.",unheimlich,10.8,10,18.75,18.75,suboptimal,nonamb
168,both_male,2,79,schüchterte … ein,NP1-Causality,Michael,schüchterte,"Florian ein,",weil,er,vor dem Gottesdienst,ungehalten war ,und ,die Stille ,fürchtete,"Michael schüchterte Florian ein, weil er vor dem Gottesdienst ungehalten war und die Stille fürchtete.",ok_prefix_keep_particle_or_punctuation,Michael,Petra,Florian,Maria,NP1,,,daunted,StimExp,7,14,-1.18,72,NP1,schüchterte … ein,einschüchterte,0.02,14,,"Der Priester schüchterte die Ministrantin ein, weil er am frühen Morgen unheimlich war und die Stille hinterließ.",unheimlich,10.8,10,18.75,18.75,suboptimal,nonamb
168,both_female,3,79,schüchterte … ein,NP1-Causality,Petra,schüchterte,"Maria ein,",weil,sie,vor dem Gottesdienst,ungehalten war ,und ,die Stille ,fürchtete,"Petra schüchterte Maria ein, weil sie vor dem Gottesdienst ungehalten war und die Stille fürchtete.",ok_prefix_keep_particle_or_punctuation,Michael,Petra,Florian,Maria,NP1,,,daunted,StimExp,7,14,-1.18,72,NP1,schüchterte … ein,einschüchterte,0.02,14,,"Der Priester schüchterte die Ministrantin ein, weil er am frühen Morgen unheimlich war und die Stille hinterließ.",unheimlich,10.8,10,18.75,18.75,suboptimal,nonamb
168,swapped,4,79,schüchterte … ein,NP1-Causality,Petra,schüchterte,"Florian ein,",weil,sie,vor dem Gottesdienst,ungehalten war ,und ,die Stille ,fürchtete,"Petra schüchterte Florian ein, weil sie vor dem Gottesdienst ungehalten war und die Stille fürchtete.",ok_prefix_keep_particle_or_punctuation,Michael,Petra,Florian,Maria,NP1,,,daunted,StimExp,7,14,-1.18,72,NP1,schüchterte … ein,einschüchterte,0.02,14,,"Der Priester schüchterte die Ministrantin ein, weil er am frühen Morgen unheimlich war und die Stille hinterließ.",unheimlich,10.8,10,18.75,18.75,suboptimal,nonamb
169,original,5,79,schüchterte … ein,NP2-Causality,Michael,schüchterte,"Maria ein,",weil,sie,vor dem Gottesdienst,fehlerhaft agierte ,und ,Kerzen ,löschte,"Michael schüchterte Maria ein, weil sie vor dem Gottesdienst fehlerhaft agierte und Kerzen löschte.",ok_prefix_keep_particle_or_punctuation,Michael,Petra,Florian,Maria,NP1,,,daunted,StimExp,7,14,-1.18,72,NP1,schüchterte … ein,einschüchterte,0.02,14,,"Der Priester schüchterte die Ministrantin ein, weil sie am frühen Morgen ängstlich war und die Scheu spürte.",ängstlich,7.09,9,18.75,18.75,suboptimal,nonamb
169,both_male,6,79,schüchterte … ein,NP2-Causality,Michael,schüchterte,"Florian ein,",weil,er,vor dem Gottesdienst,fehlerhaft agierte ,und ,Kerzen ,löschte,"Michael schüchterte Florian ein, weil er vor dem Gottesdienst fehlerhaft agierte und Kerzen löschte.",ok_prefix_keep_particle_or_punctuation,Michael,Petra,Florian,Maria,NP1,,,daunted,StimExp,7,14,-1.18,72,NP1,schüchterte … ein,einschüchterte,0.02,14,,"Der Priester schüchterte die Ministrantin ein, weil sie am frühen Morgen ängstlich war und die Scheu spürte.",ängstlich,7.09,9,18.75,18.75,suboptimal,nonamb
169,both_female,7,79,schüchterte … ein,NP2-Causality,Petra,schüchterte,"Maria ein,",weil,sie,vor dem Gottesdienst,fehlerhaft agierte ,und ,Kerzen ,löschte,"Petra schüchterte Maria ein, weil sie vor dem Gottesdienst fehlerhaft agierte und Kerzen löschte.",ok_prefix_keep_particle_or_punctuation,Michael,Petra,Florian,Maria,NP1,,,daunted,StimExp,7,14,-1.18,72,NP1,schüchterte … ein,einschüchterte,0.02,14,,"Der Priester schüchterte die Ministrantin ein, weil sie am frühen Morgen ängstlich war und die Scheu spürte.",ängstlich,7.09,9,18.75,18.75,suboptimal,nonamb
169,swapped,8,79,schüchterte … ein,NP2-Causality,Petra,schüchterte,"Florian ein,",weil,er,vor dem Gottesdienst,fehlerhaft agierte ,und ,Kerzen ,löschte,"Petra schüchterte Florian ein, weil er vor dem Gottesdienst fehlerhaft agierte und Kerzen löschte.",ok_prefix_keep_particle_or_punctuation,Michael,Petra,Florian,Maria,NP1,,,daunted,StimExp,7,14,-1.18,72,NP1,schüchterte … ein,einschüchterte,0.02,14,,"Der Priester schüchterte die Ministrantin ein, weil sie am frühen Morgen ängstlich war und die Scheu spürte.",ängstlich,7.09,9,18.75,18.75,suboptimal,nonamb
60,original,1,80,ängstigste sich vor,NP1-Causality,Matthias,ängstigte sich vor,"Katharina,",weil ,er,in letzter Zeit,eingeschüchtert wurde,und,Tadel,erhielt,"Matthias ängstigte sich vor Katharina, weil er in letzter Zeit eingeschüchtert wurde und Tadel erhielt.",ok_prefix_keep_particle_or_punctuation,Matthias,Eva,Frank,Katharina,NP2,,,dreaded,ExpStim,7,99,-2.73,-73,NP2,ängstigste sich vor,ängstigte,0.1,9,,"Der Enkel ängstigte sich vor der Großmutter, weil er schon seit Langem ängstlich war und die Distanz hielt.",ängstlich,7.09,9,43.75,43.75,suboptimal,nonamb
60,both_male,2,80,ängstigste sich vor,NP1-Causality,Matthias,ängstigte sich vor,"Frank,",weil ,er,in letzter Zeit,eingeschüchtert wurde,und,Tadel,erhielt,"Matthias ängstigte sich vor Frank, weil er in letzter Zeit eingeschüchtert wurde und Tadel erhielt.",ok_prefix_keep_particle_or_punctuation,Matthias,Eva,Frank,Katharina,NP2,,,dreaded,ExpStim,7,99,-2.73,-73,NP2,ängstigste sich vor,ängstigte,0.1,9,,"Der Enkel ängstigte sich vor der Großmutter, weil er schon seit Langem ängstlich war und die Distanz hielt.",ängstlich,7.09,9,43.75,43.75,suboptimal,nonamb
60,both_female,3,80,ängstigste sich vor,NP1-Causality,Eva,ängstigte sich vor,"Katharina,",weil ,sie,in letzter Zeit,eingeschüchtert wurde,und,Tadel,erhielt,"Eva ängstigte sich vor Katharina, weil sie in letzter Zeit eingeschüchtert wurde und Tadel erhielt.",ok_prefix_keep_particle_or_punctuation,Matthias,Eva,Frank,Katharina,NP2,,,dreaded,ExpStim,7,99,-2.73,-73,NP2,ängstigste sich vor,ängstigte,0.1,9,,"Der Enkel ängstigte sich vor der Großmutter, weil er schon seit Langem ängstlich war und die Distanz hielt.",ängstlich,7.09,9,43.75,43.75,suboptimal,nonamb
60,swapped,4,80,ängstigste sich vor,NP1-Causality,Eva,ängstigte sich vor,"Frank,",weil ,sie,in letzter Zeit,eingeschüchtert wurde,und,Tadel,erhielt,"Eva ängstigte sich vor Frank, weil sie in letzter Zeit eingeschüchtert wurde und Tadel erhielt.",ok_prefix_keep_particle_or_punctuation,Matthias,Eva,Frank,Katharina,NP2,,,dreaded,ExpStim,7,99,-2.73,-73,NP2,ängstigste sich vor,ängstigte,0.1,9,,"Der Enkel ängstigte sich vor der Großmutter, weil er schon seit Langem ängstlich war und die Distanz hielt.",ängstlich,7.09,9,43.75,43.75,suboptimal,nonamb
61,original,5,80,ängstigste sich vor,NP2-Causality,Matthias,ängstigte sich vor,"Katharina,",weil ,sie,in letzter Zeit,streng war,und,Tadel,austeilte,"Matthias ängstigte sich vor Katharina, weil sie in letzter Zeit streng war und Tadel austeilte.",ok_prefix_keep_particle_or_punctuation,Matthias,Eva,Frank,Katharina,NP2,,,dreaded,ExpStim,7,99,-2.73,-73,NP2,ängstigste sich vor,ängstigte,0.1,9,,"Der Enkel ängstigte sich vor der Großmutter, weil sie schon seit Langem unberechenbar war und die Stimmung wechselte. ",unberechenbar,2.85,13,43.75,43.75,suboptimal,nonamb
61,both_male,6,80,ängstigste sich vor,NP2-Causality,Matthias,ängstigte sich vor,"Frank,",weil ,er,in letzter Zeit,streng war,und,Tadel,austeilte,"Matthias ängstigte sich vor Frank, weil er in letzter Zeit streng war und Tadel austeilte.",ok_prefix_keep_particle_or_punctuation,Matthias,Eva,Frank,Katharina,NP2,,,dreaded,ExpStim,7,99,-2.73,-73,NP2,ängstigste sich vor,ängstigte,0.1,9,,"Der Enkel ängstigte sich vor der Großmutter, weil sie schon seit Langem unberechenbar war und die Stimmung wechselte. ",unberechenbar,2.85,13,43.75,43.75,suboptimal,nonamb
61,both_female,7,80,ängstigste sich vor,NP2-Causality,Eva,ängstigte sich vor,"Katharina,",weil ,sie,in letzter Zeit,streng war,und,Tadel,austeilte,"Eva ängstigte sich vor Katharina, weil sie in letzter Zeit streng war und Tadel austeilte.",ok_prefix_keep_particle_or_punctuation,Matthias,Eva,Frank,Katharina,NP2,,,dreaded,ExpStim,7,99,-2.73,-73,NP2,ängstigste sich vor,ängstigte,0.1,9,,"Der Enkel ängstigte sich vor der Großmutter, weil sie schon seit Langem unberechenbar war und die Stimmung wechselte. ",unberechenbar,2.85,13,43.75,43.75,suboptimal,nonamb
61,swapped,8,80,ängstigste sich vor,NP2-Causality,Eva,ängstigte sich vor,"Frank,",weil ,er,in letzter Zeit,streng war,und,Tadel,austeilte,"Eva ängstigte sich vor Frank, weil er in letzter Zeit streng war und Tadel austeilte.",ok_prefix_keep_particle_or_punctuation,Matthias,Eva,Frank,Katharina,NP2,,,dreaded,ExpStim,7,99,-2.73,-73,NP2,ängstigste sich vor,ängstigte,0.1,9,,"Der Enkel ängstigte sich vor der Großmutter, weil sie schon seit Langem unberechenbar war und die Stimmung wechselte. ",unberechenbar,2.85,13,43.75,43.75,suboptimal,nonamb
148,original,1,81,warf … nieder,NP1-Causality,Sebastian,warf ,"Jana nieder,",weil,er,in dem Wettkampf,schneller war,und,die Technik,beherrschte,"Sebastian warf Jana nieder, weil er in dem Wettkampf schneller war und die Technik beherrschte.",ok_prefix_keep_particle_or_punctuation,Sebastian,Sarah,Martin,Jana,neutral,,,floored,AgP,7,3,0,13,neutral,warf … nieder,niederwarf,0.04,10,,"Der Judokämpfer warf die Gegnerin nieder, weil er seit einiger Zeit ausgebildet war und die Technik beherrschte.",ausgebildet,23.44,11,81.25,81.25,optimal,nonamb
148,both_male,2,81,warf … nieder,NP1-Causality,Sebastian,warf ,"Martin nieder,",weil,er,in dem Wettkampf,schneller war,und,die Technik,beherrschte,"Sebastian warf Martin nieder, weil er in dem Wettkampf schneller war und die Technik beherrschte.",ok_prefix_keep_particle_or_punctuation,Sebastian,Sarah,Martin,Jana,neutral,,,floored,AgP,7,3,0,13,neutral,warf … nieder,niederwarf,0.04,10,,"Der Judokämpfer warf die Gegnerin nieder, weil er seit einiger Zeit ausgebildet war und die Technik beherrschte.",ausgebildet,23.44,11,81.25,81.25,optimal,nonamb
148,both_female,3,81,warf … nieder,NP1-Causality,Sarah,warf ,"Jana nieder,",weil,sie,in dem Wettkampf,schneller war,und,die Technik,beherrschte,"Sarah warf Jana nieder, weil sie in dem Wettkampf schneller war und die Technik beherrschte.",ok_prefix_keep_particle_or_punctuation,Sebastian,Sarah,Martin,Jana,neutral,,,floored,AgP,7,3,0,13,neutral,warf … nieder,niederwarf,0.04,10,,"Der Judokämpfer warf die Gegnerin nieder, weil er seit einiger Zeit ausgebildet war und die Technik beherrschte.",ausgebildet,23.44,11,81.25,81.25,optimal,nonamb
148,swapped,4,81,warf … nieder,NP1-Causality,Sarah,warf ,"Martin nieder,",weil,sie,in dem Wettkampf,schneller war,und,die Technik,beherrschte,"Sarah warf Martin nieder, weil sie in dem Wettkampf schneller war und die Technik beherrschte.",ok_prefix_keep_particle_or_punctuation,Sebastian,Sarah,Martin,Jana,neutral,,,floored,AgP,7,3,0,13,neutral,warf … nieder,niederwarf,0.04,10,,"Der Judokämpfer warf die Gegnerin nieder, weil er seit einiger Zeit ausgebildet war und die Technik beherrschte.",ausgebildet,23.44,11,81.25,81.25,optimal,nonamb
149,original,5,81,warf … nieder,NP2-Causality,Sebastian,warf ,"Jana nieder,",weil,sie,in dem Wettkampf,unterlegen war,und,die Balance,verlor,"Sebastian warf Jana nieder, weil sie in dem Wettkampf unterlegen war und die Balance verlor.",ok_prefix_keep_particle_or_punctuation,Sebastian,Sarah,Martin,Jana,neutral,,,floored,AgP,7,3,0,13,neutral,warf … nieder,niederwarf,0.04,10,,"Der Judokämpfer warf die Gegnerin nieder, weil sie seit einiger Zeit ungeschickt war und den Halt verlor.",ungeschickt,2.05,11,81.25,81.25,optimal,nonamb
149,both_male,6,81,warf … nieder,NP2-Causality,Sebastian,warf ,"Martin nieder,",weil,er,in dem Wettkampf,unterlegen war,und,die Balance,verlor,"Sebastian warf Martin nieder, weil er in dem Wettkampf unterlegen war und die Balance verlor.",ok_prefix_keep_particle_or_punctuation,Sebastian,Sarah,Martin,Jana,neutral,,,floored,AgP,7,3,0,13,neutral,warf … nieder,niederwarf,0.04,10,,"Der Judokämpfer warf die Gegnerin nieder, weil sie seit einiger Zeit ungeschickt war und den Halt verlor.",ungeschickt,2.05,11,81.25,81.25,optimal,nonamb
149,both_female,7,81,warf … nieder,NP2-Causality,Sarah,warf ,"Jana nieder,",weil,sie,in dem Wettkampf,unterlegen war,und,die Balance,verlor,"Sarah warf Jana nieder, weil sie in dem Wettkampf unterlegen war und die Balance verlor.",ok_prefix_keep_particle_or_punctuation,Sebastian,Sarah,Martin,Jana,neutral,,,floored,AgP,7,3,0,13,neutral,warf … nieder,niederwarf,0.04,10,,"Der Judokämpfer warf die Gegnerin nieder, weil sie seit einiger Zeit ungeschickt war und den Halt verlor.",ungeschickt,2.05,11,81.25,81.25,optimal,nonamb
149,swapped,8,81,warf … nieder,NP2-Causality,Sarah,warf ,"Martin nieder,",weil,er,in dem Wettkampf,unterlegen war,und,die Balance,verlor,"Sarah warf Martin nieder, weil er in dem Wettkampf unterlegen war und die Balance verlor.",ok_prefix_keep_particle_or_punctuation,Sebastian,Sarah,Martin,Jana,neutral,,,floored,AgP,7,3,0,13,neutral,warf … nieder,niederwarf,0.04,10,,"Der Judokämpfer warf die Gegnerin nieder, weil sie seit einiger Zeit ungeschickt war und den Halt verlor.",ungeschickt,2.05,11,81.25,81.25,optimal,nonamb
162,original,1,82,erregte,NP1-Causality,Jürgen,erregte,"Nina,",weil,er,in dem Gespräch,charmant war,und,die Vorteile,herausstellte,"Jürgen erregte Nina, weil er in dem Gespräch charmant war und die Vorteile herausstellte.",ok_prefix_keep_particle_or_punctuation,Jürgen,Linda,Christian,Nina,NP1,,,excited,StimExp,7,1,1.73,72,NP1,erregte,anregte,0.37,7,,"Der Makler regte die Besitzerin an, weil er seit kurzer Zeit originell war und den Vorschlag machte.",originell,7.92,9,56.25,56.25,suboptimal,nonamb
162,both_male,2,82,erregte,NP1-Causality,Jürgen,erregte,"Christian,",weil,er,in dem Gespräch,charmant war,und,die Vorteile,herausstellte,"Jürgen erregte Christian, weil er in dem Gespräch charmant war und die Vorteile herausstellte.",ok_prefix_keep_particle_or_punctuation,Jürgen,Linda,Christian,Nina,NP1,,,excited,StimExp,7,1,1.73,72,NP1,erregte,anregte,0.37,7,,"Der Makler regte die Besitzerin an, weil er seit kurzer Zeit originell war und den Vorschlag machte.",originell,7.92,9,56.25,56.25,suboptimal,nonamb
162,both_female,3,82,erregte,NP1-Causality,Linda,erregte,"Nina,",weil,sie,in dem Gespräch,charmant war,und,die Vorteile,herausstellte,"Linda erregte Nina, weil sie in dem Gespräch charmant war und die Vorteile herausstellte.",ok_prefix_keep_particle_or_punctuation,Jürgen,Linda,Christian,Nina,NP1,,,excited,StimExp,7,1,1.73,72,NP1,erregte,anregte,0.37,7,,"Der Makler regte die Besitzerin an, weil er seit kurzer Zeit originell war und den Vorschlag machte.",originell,7.92,9,56.25,56.25,suboptimal,nonamb
162,swapped,4,82,erregte,NP1-Causality,Linda,erregte,"Christian,",weil,sie,in dem Gespräch,charmant war,und,die Vorteile,herausstellte,"Linda erregte Christian, weil sie in dem Gespräch charmant war und die Vorteile herausstellte.",ok_prefix_keep_particle_or_punctuation,Jürgen,Linda,Christian,Nina,NP1,,,excited,StimExp,7,1,1.73,72,NP1,erregte,anregte,0.37,7,,"Der Makler regte die Besitzerin an, weil er seit kurzer Zeit originell war und den Vorschlag machte.",originell,7.92,9,56.25,56.25,suboptimal,nonamb
163,original,5,82,erregte,NP2-Causality,Jürgen,erregte,"Nina,",weil,sie,in dem Gespräch,mesmerisiert wurde,und,Nachteile,übersah,"Jürgen erregte Nina, weil sie in dem Gespräch mesmerisiert wurde und Nachteile übersah.",ok_prefix_keep_particle_or_punctuation,Jürgen,Linda,Christian,Nina,NP1,,,excited,StimExp,7,1,1.73,72,NP1,erregte,anregte,0.37,7,,"Der Makler regte die Besitzerin an, weil sie seit kurzer Zeit ablehnend war und die Zurückweisung gab.",ablehnend,5.75,9,56.25,56.25,suboptimal,nonamb
163,both_male,6,82,erregte,NP2-Causality,Jürgen,erregte,"Christian,",weil,er,in dem Gespräch,mesmerisiert wurde,und,Nachteile,übersah,"Jürgen erregte Christian, weil er in dem Gespräch mesmerisiert wurde und Nachteile übersah.",ok_prefix_keep_particle_or_punctuation,Jürgen,Linda,Christian,Nina,NP1,,,excited,StimExp,7,1,1.73,72,NP1,erregte,anregte,0.37,7,,"Der Makler regte die Besitzerin an, weil sie seit kurzer Zeit ablehnend war und die Zurückweisung gab.",ablehnend,5.75,9,56.25,56.25,suboptimal,nonamb
163,both_female,7,82,erregte,NP2-Causality,Linda,erregte,"Nina,",weil,sie,in dem Gespräch,mesmerisiert wurde,und,Nachteile,übersah,"Linda erregte Nina, weil sie in dem Gespräch mesmerisiert wurde und Nachteile übersah.",ok_prefix_keep_particle_or_punctuation,Jürgen,Linda,Christian,Nina,NP1,,,excited,StimExp,7,1,1.73,72,NP1,erregte,anregte,0.37,7,,"Der Makler regte die Besitzerin an, weil sie seit kurzer Zeit ablehnend war und die Zurückweisung gab.",ablehnend,5.75,9,56.25,56.25,suboptimal,nonamb
163,swapped,8,82,erregte,NP2-Causality,Linda,erregte,"Christian,",weil,er,in dem Gespräch,mesmerisiert wurde,und,Nachteile,übersah,"Linda erregte Christian, weil er in dem Gespräch mesmerisiert wurde und Nachteile übersah.",ok_prefix_keep_particle_or_punctuation,Jürgen,Linda,Christian,Nina,NP1,,,excited,StimExp,7,1,1.73,72,NP1,erregte,anregte,0.37,7,,"Der Makler regte die Besitzerin an, weil sie seit kurzer Zeit ablehnend war und die Zurückweisung gab.",ablehnend,5.75,9,56.25,56.25,suboptimal,nonamb
16,original,1,83,hasste,NP1-Causality,Wolfgang,hasste,"Daniela,",weil,er,das ganze Jahr,aktiv war,und,Demütigungen,erlebte,"Wolfgang hasste Daniela, weil er das ganze Jahr aktiv war und Demütigungen erlebte.",ok_prefix_keep_particle_or_punctuation,Wolfgang,Laura,Peter,Daniela,NP2,,,hated,ExpStim,5,263,-2.55,-91,NP2,hasste,hasste,0.91,6,,"Der Jugendliche hasste die Lehrerin, weil er seit langer Zeit verletzt war und die Kränkung spürte.",verletzt,50.64,8,100,100,optimal,nonamb
16,both_male,2,83,hasste,NP1-Causality,Wolfgang,hasste,"Peter,",weil,er,das ganze Jahr,aktiv war,und,Demütigungen,erlebte,"Wolfgang hasste Peter, weil er das ganze Jahr aktiv war und Demütigungen erlebte.",ok_prefix_keep_particle_or_punctuation,Wolfgang,Laura,Peter,Daniela,NP2,,,hated,ExpStim,5,263,-2.55,-91,NP2,hasste,hasste,0.91,6,,"Der Jugendliche hasste die Lehrerin, weil er seit langer Zeit verletzt war und die Kränkung spürte.",verletzt,50.64,8,100,100,optimal,nonamb
16,both_female,3,83,hasste,NP1-Causality,Laura,hasste,"Daniela,",weil,sie,das ganze Jahr,aktiv war,und,Demütigungen,erlebte,"Laura hasste Daniela, weil sie das ganze Jahr aktiv war und Demütigungen erlebte.",ok_prefix_keep_particle_or_punctuation,Wolfgang,Laura,Peter,Daniela,NP2,,,hated,ExpStim,5,263,-2.55,-91,NP2,hasste,hasste,0.91,6,,"Der Jugendliche hasste die Lehrerin, weil er seit langer Zeit verletzt war und die Kränkung spürte.",verletzt,50.64,8,100,100,optimal,nonamb
16,swapped,4,83,hasste,NP1-Causality,Laura,hasste,"Peter,",weil,sie,das ganze Jahr,aktiv war,und,Demütigungen,erlebte,"Laura hasste Peter, weil sie das ganze Jahr aktiv war und Demütigungen erlebte.",ok_prefix_keep_particle_or_punctuation,Wolfgang,Laura,Peter,Daniela,NP2,,,hated,ExpStim,5,263,-2.55,-91,NP2,hasste,hasste,0.91,6,,"Der Jugendliche hasste die Lehrerin, weil er seit langer Zeit verletzt war und die Kränkung spürte.",verletzt,50.64,8,100,100,optimal,nonamb
17,original,5,83,hasste,NP2-Causality,Wolfgang,hasste,"Daniela,",weil,sie,das ganze Jahr,streng war,und,Geringschätzung,zeigte,"Wolfgang hasste Daniela, weil sie das ganze Jahr streng war und Geringschätzung zeigte.",ok_prefix_keep_particle_or_punctuation,Wolfgang,Laura,Peter,Daniela,NP2,,,hated,ExpStim,5,263,-2.55,-91,NP2,hasste,hasste,0.91,6,,"Der Jugendliche hasste die Lehrerin, weil sie seit langer Zeit streng war und die Grenze setzte.",streng,39.98,6,100,100,optimal,nonamb
17,both_male,6,83,hasste,NP2-Causality,Wolfgang,hasste,"Peter,",weil,er,das ganze Jahr,streng war,und,Geringschätzung,zeigte,"Wolfgang hasste Peter, weil er das ganze Jahr streng war und Geringschätzung zeigte.",ok_prefix_keep_particle_or_punctuation,Wolfgang,Laura,Peter,Daniela,NP2,,,hated,ExpStim,5,263,-2.55,-91,NP2,hasste,hasste,0.91,6,,"Der Jugendliche hasste die Lehrerin, weil sie seit langer Zeit streng war und die Grenze setzte.",streng,39.98,6,100,100,optimal,nonamb
17,both_female,7,83,hasste,NP2-Causality,Laura,hasste,"Daniela,",weil,sie,das ganze Jahr,streng war,und,Geringschätzung,zeigte,"Laura hasste Daniela, weil sie das ganze Jahr streng war und Geringschätzung zeigte.",ok_prefix_keep_particle_or_punctuation,Wolfgang,Laura,Peter,Daniela,NP2,,,hated,ExpStim,5,263,-2.55,-91,NP2,hasste,hasste,0.91,6,,"Der Jugendliche hasste die Lehrerin, weil sie seit langer Zeit streng war und die Grenze setzte.",streng,39.98,6,100,100,optimal,nonamb
17,swapped,8,83,hasste,NP2-Causality,Laura,hasste,"Peter,",weil,er,das ganze Jahr,streng war,und,Geringschätzung,zeigte,"Laura hasste Peter, weil er das ganze Jahr streng war und Geringschätzung zeigte.",ok_prefix_keep_particle_or_punctuation,Wolfgang,Laura,Peter,Daniela,NP2,,,hated,ExpStim,5,263,-2.55,-91,NP2,hasste,hasste,0.91,6,,"Der Jugendliche hasste die Lehrerin, weil sie seit langer Zeit streng war und die Grenze setzte.",streng,39.98,6,100,100,optimal,nonamb
120,original,1,84,unterbrach,NP1-Causality,Hans,unterbrach,"Julia,",weil,er,beim Vortrag,ungeduldig war,und ,ein Ende,erhoffte,"Hans unterbrach Julia, weil er beim Vortrag ungeduldig war und ein Ende erhoffte.",ok_prefix_keep_particle_or_punctuation,Hans,Renate,David,Julia,neutral,,,interrupted,AgP,11,38,-1.55,3,neutral,unterbrach,unterbrach,1.82,10,,"Der Zuhörer unterbrach die Referentin, weil er von Anfang an ungeduldig war und das Ende erwartete.",ungeduldig,3.67,10,75,75,optimal,nonamb
120,both_male,2,84,unterbrach,NP1-Causality,Hans,unterbrach,"David,",weil,er,beim Vortrag,ungeduldig war,und ,ein Ende,erhoffte,"Hans unterbrach David, weil er beim Vortrag ungeduldig war und ein Ende erhoffte.",ok_prefix_keep_particle_or_punctuation,Hans,Renate,David,Julia,neutral,,,interrupted,AgP,11,38,-1.55,3,neutral,unterbrach,unterbrach,1.82,10,,"Der Zuhörer unterbrach die Referentin, weil er von Anfang an ungeduldig war und das Ende erwartete.",ungeduldig,3.67,10,75,75,optimal,nonamb
120,both_female,3,84,unterbrach,NP1-Causality,Renate,unterbrach,"Julia,",weil,sie,beim Vortrag,ungeduldig war,und ,ein Ende,erhoffte,"Renate unterbrach Julia, weil sie beim Vortrag ungeduldig war und ein Ende erhoffte.",ok_prefix_keep_particle_or_punctuation,Hans,Renate,David,Julia,neutral,,,interrupted,AgP,11,38,-1.55,3,neutral,unterbrach,unterbrach,1.82,10,,"Der Zuhörer unterbrach die Referentin, weil er von Anfang an ungeduldig war und das Ende erwartete.",ungeduldig,3.67,10,75,75,optimal,nonamb
120,swapped,4,84,unterbrach,NP1-Causality,Renate,unterbrach,"David,",weil,sie,beim Vortrag,ungeduldig war,und ,ein Ende,erhoffte,"Renate unterbrach David, weil sie beim Vortrag ungeduldig war und ein Ende erhoffte.",ok_prefix_keep_particle_or_punctuation,Hans,Renate,David,Julia,neutral,,,interrupted,AgP,11,38,-1.55,3,neutral,unterbrach,unterbrach,1.82,10,,"Der Zuhörer unterbrach die Referentin, weil er von Anfang an ungeduldig war und das Ende erwartete.",ungeduldig,3.67,10,75,75,optimal,nonamb
121,original,5,84,unterbrach,NP2-Causality,Hans,unterbrach,"Julia,",weil,sie,beim Vortrag,unausstehlich war,und ,die Geduld,strapazierte,"Hans unterbrach Julia, weil sie beim Vortrag unausstehlich war und die Geduld strapazierte.",ok_prefix_keep_particle_or_punctuation,Hans,Renate,David,Julia,neutral,,,interrupted,AgP,11,38,-1.55,3,neutral,unterbrach,unterbrach,1.82,10,,"Der Zuhörer unterbrach die Referentin, weil sie von Anfang an langweilig war und die Geduld strapazierte.",langweilig,18.22,10,75,75,optimal,nonamb
121,both_male,6,84,unterbrach,NP2-Causality,Hans,unterbrach,"David,",weil,er,beim Vortrag,unausstehlich war,und ,die Geduld,strapazierte,"Hans unterbrach David, weil er beim Vortrag unausstehlich war und die Geduld strapazierte.",ok_prefix_keep_particle_or_punctuation,Hans,Renate,David,Julia,neutral,,,interrupted,AgP,11,38,-1.55,3,neutral,unterbrach,unterbrach,1.82,10,,"Der Zuhörer unterbrach die Referentin, weil sie von Anfang an langweilig war und die Geduld strapazierte.",langweilig,18.22,10,75,75,optimal,nonamb
121,both_female,7,84,unterbrach,NP2-Causality,Renate,unterbrach,"Julia,",weil,sie,beim Vortrag,unausstehlich war,und ,die Geduld,strapazierte,"Renate unterbrach Julia, weil sie beim Vortrag unausstehlich war und die Geduld strapazierte.",ok_prefix_keep_particle_or_punctuation,Hans,Renate,David,Julia,neutral,,,interrupted,AgP,11,38,-1.55,3,neutral,unterbrach,unterbrach,1.82,10,,"Der Zuhörer unterbrach die Referentin, weil sie von Anfang an langweilig war und die Geduld strapazierte.",langweilig,18.22,10,75,75,optimal,nonamb
121,swapped,8,84,unterbrach,NP2-Causality,Renate,unterbrach,"David,",weil,er,beim Vortrag,unausstehlich war,und ,die Geduld,strapazierte,"Renate unterbrach David, weil er beim Vortrag unausstehlich war und die Geduld strapazierte.",ok_prefix_keep_particle_or_punctuation,Hans,Renate,David,Julia,neutral,,,interrupted,AgP,11,38,-1.55,3,neutral,unterbrach,unterbrach,1.82,10,,"Der Zuhörer unterbrach die Referentin, weil sie von Anfang an langweilig war und die Geduld strapazierte.",langweilig,18.22,10,75,75,optimal,nonamb
196,original,1,85,verwirrte,NP1-Causality,Daniel,verwirrte,"Martina,",weil,er,zu der Zeit,uneindeutig war,und,die Aufklärung,erschwerte,"Daniel verwirrte Martina, weil er zu der Zeit uneindeutig war und die Aufklärung erschwerte.",ok_prefix_keep_particle_or_punctuation,Daniel,Lena,Uwe,Martina,NP1,,,maddened,StimExp,8,2,-1.82,77,NP1,verwirrte,verwirrte,1.17,9,,"Der Lehrer verwirrte die Schülerin, weil er in dem Moment uneindeutig war und die Orientierung erschwerte.",uneindeutig,0.11,11,43.75,43.75,suboptimal,nonamb
196,both_male,2,85,verwirrte,NP1-Causality,Daniel,verwirrte,"Uwe,",weil,er,zu der Zeit,uneindeutig war,und,die Aufklärung,erschwerte,"Daniel verwirrte Uwe, weil er zu der Zeit uneindeutig war und die Aufklärung erschwerte.",ok_prefix_keep_particle_or_punctuation,Daniel,Lena,Uwe,Martina,NP1,,,maddened,StimExp,8,2,-1.82,77,NP1,verwirrte,verwirrte,1.17,9,,"Der Lehrer verwirrte die Schülerin, weil er in dem Moment uneindeutig war und die Orientierung erschwerte.",uneindeutig,0.11,11,43.75,43.75,suboptimal,nonamb
196,both_female,3,85,verwirrte,NP1-Causality,Lena,verwirrte,"Martina,",weil,sie,zu der Zeit,uneindeutig war,und,die Aufklärung,erschwerte,"Lena verwirrte Martina, weil sie zu der Zeit uneindeutig war und die Aufklärung erschwerte.",ok_prefix_keep_particle_or_punctuation,Daniel,Lena,Uwe,Martina,NP1,,,maddened,StimExp,8,2,-1.82,77,NP1,verwirrte,verwirrte,1.17,9,,"Der Lehrer verwirrte die Schülerin, weil er in dem Moment uneindeutig war und die Orientierung erschwerte.",uneindeutig,0.11,11,43.75,43.75,suboptimal,nonamb
196,swapped,4,85,verwirrte,NP1-Causality,Lena,verwirrte,"Uwe,",weil,sie,zu der Zeit,uneindeutig war,und,die Aufklärung,erschwerte,"Lena verwirrte Uwe, weil sie zu der Zeit uneindeutig war und die Aufklärung erschwerte.",ok_prefix_keep_particle_or_punctuation,Daniel,Lena,Uwe,Martina,NP1,,,maddened,StimExp,8,2,-1.82,77,NP1,verwirrte,verwirrte,1.17,9,,"Der Lehrer verwirrte die Schülerin, weil er in dem Moment uneindeutig war und die Orientierung erschwerte.",uneindeutig,0.11,11,43.75,43.75,suboptimal,nonamb
197,original,5,85,verwirrte,NP2-Causality,Daniel,verwirrte,"Martina,",weil,sie,zu der Zeit,lernschwach war,und,das Hintergrundwissen,fehlte,"Daniel verwirrte Martina, weil sie zu der Zeit lernschwach war und das Hintergrundwissen fehlte.",ok_prefix_keep_particle_or_punctuation,Daniel,Lena,Uwe,Martina,NP1,,,maddened,StimExp,8,2,-1.82,77,NP1,verwirrte,verwirrte,1.17,9,,"Der Lehrer verwirrte die Schülerin, weil sie in dem Moment lernschwach war und den Anschluss verlor.",lernschwach,0.26,11,43.75,43.75,suboptimal,nonamb
197,both_male,6,85,verwirrte,NP2-Causality,Daniel,verwirrte,"Uwe,",weil,er,zu der Zeit,lernschwach war,und,das Hintergrundwissen,fehlte,"Daniel verwirrte Uwe, weil er zu der Zeit lernschwach war und das Hintergrundwissen fehlte.",ok_prefix_keep_particle_or_punctuation,Daniel,Lena,Uwe,Martina,NP1,,,maddened,StimExp,8,2,-1.82,77,NP1,verwirrte,verwirrte,1.17,9,,"Der Lehrer verwirrte die Schülerin, weil sie in dem Moment lernschwach war und den Anschluss verlor.",lernschwach,0.26,11,43.75,43.75,suboptimal,nonamb
197,both_female,7,85,verwirrte,NP2-Causality,Lena,verwirrte,"Martina,",weil,sie,zu der Zeit,lernschwach war,und,das Hintergrundwissen,fehlte,"Lena verwirrte Martina, weil sie zu der Zeit lernschwach war und das Hintergrundwissen fehlte.",ok_prefix_keep_particle_or_punctuation,Daniel,Lena,Uwe,Martina,NP1,,,maddened,StimExp,8,2,-1.82,77,NP1,verwirrte,verwirrte,1.17,9,,"Der Lehrer verwirrte die Schülerin, weil sie in dem Moment lernschwach war und den Anschluss verlor.",lernschwach,0.26,11,43.75,43.75,suboptimal,nonamb
197,swapped,8,85,verwirrte,NP2-Causality,Lena,verwirrte,"Uwe,",weil,er,zu der Zeit,lernschwach war,und,das Hintergrundwissen,fehlte,"Lena verwirrte Uwe, weil er zu der Zeit lernschwach war und das Hintergrundwissen fehlte.",ok_prefix_keep_particle_or_punctuation,Daniel,Lena,Uwe,Martina,NP1,,,maddened,StimExp,8,2,-1.82,77,NP1,verwirrte,verwirrte,1.17,9,,"Der Lehrer verwirrte die Schülerin, weil sie in dem Moment lernschwach war und den Anschluss verlor.",lernschwach,0.26,11,43.75,43.75,suboptimal,nonamb
70,original,1,86,holte … ab,NP1-Causality,Alexander,holte,"Anna ab,",weil,er,am frühen Morgen,tatkräftig war,und,die Anfrage,übernahm,"Alexander holte Anna ab, weil er am frühen Morgen tatkräftig war und die Anfrage übernahm.",ok_prefix_keep_particle_or_punctuation,Alexander,Nicole,Paul,Anna,NP2,,,picked up,AgP,6,0,0.45,-71,NP2,holte … ab,abholte,0.27,7,,"Der Taxifahrer holte die Passagierin ab, weil er am frühen Morgen profitorientiert war und den Gewinn maximierte. ",profitorientiert,0.44,16,43.75,43.75,suboptimal,nonamb
70,both_male,2,86,holte … ab,NP1-Causality,Alexander,holte,"Paul ab,",weil,er,am frühen Morgen,tatkräftig war,und,die Anfrage,übernahm,"Alexander holte Paul ab, weil er am frühen Morgen tatkräftig war und die Anfrage übernahm.",ok_prefix_keep_particle_or_punctuation,Alexander,Nicole,Paul,Anna,NP2,,,picked up,AgP,6,0,0.45,-71,NP2,holte … ab,abholte,0.27,7,,"Der Taxifahrer holte die Passagierin ab, weil er am frühen Morgen profitorientiert war und den Gewinn maximierte. ",profitorientiert,0.44,16,43.75,43.75,suboptimal,nonamb
70,both_female,3,86,holte … ab,NP1-Causality,Nicole,holte,"Anna ab,",weil,sie,am frühen Morgen,tatkräftig war,und,die Anfrage,übernahm,"Nicole holte Anna ab, weil sie am frühen Morgen tatkräftig war und die Anfrage übernahm.",ok_prefix_keep_particle_or_punctuation,Alexander,Nicole,Paul,Anna,NP2,,,picked up,AgP,6,0,0.45,-71,NP2,holte … ab,abholte,0.27,7,,"Der Taxifahrer holte die Passagierin ab, weil er am frühen Morgen profitorientiert war und den Gewinn maximierte. ",profitorientiert,0.44,16,43.75,43.75,suboptimal,nonamb
70,swapped,4,86,holte … ab,NP1-Causality,Nicole,holte,"Paul ab,",weil,sie,am frühen Morgen,tatkräftig war,und,die Anfrage,übernahm,"Nicole holte Paul ab, weil sie am frühen Morgen tatkräftig war und die Anfrage übernahm.",ok_prefix_keep_particle_or_punctuation,Alexander,Nicole,Paul,Anna,NP2,,,picked up,AgP,6,0,0.45,-71,NP2,holte … ab,abholte,0.27,7,,"Der Taxifahrer holte die Passagierin ab, weil er am frühen Morgen profitorientiert war und den Gewinn maximierte. ",profitorientiert,0.44,16,43.75,43.75,suboptimal,nonamb
71,original,5,86,holte ... ab,NP2-Causality,Alexander,holte,"Anna ab,",weil,sie,am frühen Morgen,führerscheinlos war,und ,die Kosten,bezahlte,"Alexander holte Anna ab, weil sie am frühen Morgen führerscheinlos war und die Kosten bezahlte.",ok_prefix_keep_particle_or_punctuation,Alexander,Nicole,Paul,Anna,NP2,,,picked up,AgP,6,0,0.45,-71,NP2,holte ... ab,abholte,0.27,7,,"Der Taxifahrer holte die Passagierin ab, weil sie am frühen Morgen führerscheinlos war und die Kosten bezahlte. ",führerscheinlos,0.01,15,43.75,43.75,suboptimal,nonamb
71,both_male,6,86,holte ... ab,NP2-Causality,Alexander,holte,"Paul ab,",weil,er,am frühen Morgen,führerscheinlos war,und ,die Kosten,bezahlte,"Alexander holte Paul ab, weil er am frühen Morgen führerscheinlos war und die Kosten bezahlte.",ok_prefix_keep_particle_or_punctuation,Alexander,Nicole,Paul,Anna,NP2,,,picked up,AgP,6,0,0.45,-71,NP2,holte ... ab,abholte,0.27,7,,"Der Taxifahrer holte die Passagierin ab, weil sie am frühen Morgen führerscheinlos war und die Kosten bezahlte. ",führerscheinlos,0.01,15,43.75,43.75,suboptimal,nonamb
71,both_female,7,86,holte ... ab,NP2-Causality,Nicole,holte,"Anna ab,",weil,sie,am frühen Morgen,führerscheinlos war,und ,die Kosten,bezahlte,"Nicole holte Anna ab, weil sie am frühen Morgen führerscheinlos war und die Kosten bezahlte.",ok_prefix_keep_particle_or_punctuation,Alexander,Nicole,Paul,Anna,NP2,,,picked up,AgP,6,0,0.45,-71,NP2,holte ... ab,abholte,0.27,7,,"Der Taxifahrer holte die Passagierin ab, weil sie am frühen Morgen führerscheinlos war und die Kosten bezahlte. ",führerscheinlos,0.01,15,43.75,43.75,suboptimal,nonamb
71,swapped,8,86,holte ... ab,NP2-Causality,Nicole,holte,"Paul ab,",weil,er,am frühen Morgen,führerscheinlos war,und ,die Kosten,bezahlte,"Nicole holte Paul ab, weil er am frühen Morgen führerscheinlos war und die Kosten bezahlte.",ok_prefix_keep_particle_or_punctuation,Alexander,Nicole,Paul,Anna,NP2,,,picked up,AgP,6,0,0.45,-71,NP2,holte ... ab,abholte,0.27,7,,"Der Taxifahrer holte die Passagierin ab, weil sie am frühen Morgen führerscheinlos war und die Kosten bezahlte. ",führerscheinlos,0.01,15,43.75,43.75,suboptimal,nonamb
96,original,1,87,entlohnte,NP1-Causality,Andreas,entlohnte,"Linda,",weil,er,bis spät abends,gerecht war,und ,den Anteil,berechnet hatte,"Andreas entlohnte Linda, weil er bis spät abends gerecht war und den Anteil berechnet hatte.",ok_prefix_keep_particle_or_punctuation,Andreas,Johanna,Florian,Linda,neutral,,,remunerated,AgP,11,0,0.18,-6,neutral,entlohnte,entlohnte,0.42,9,,"Der Landwirt entlohnte die Erntehelferin, weil er bis spät abends gerecht war und den Anteil berechnete.",gerecht,56.68,7,75,75,optimal,nonamb
96,both_male,2,87,entlohnte,NP1-Causality,Andreas,entlohnte,"Florian,",weil,er,bis spät abends,gerecht war,und ,den Anteil,berechnet hatte,"Andreas entlohnte Florian, weil er bis spät abends gerecht war und den Anteil berechnet hatte.",ok_prefix_keep_particle_or_punctuation,Andreas,Johanna,Florian,Linda,neutral,,,remunerated,AgP,11,0,0.18,-6,neutral,entlohnte,entlohnte,0.42,9,,"Der Landwirt entlohnte die Erntehelferin, weil er bis spät abends gerecht war und den Anteil berechnete.",gerecht,56.68,7,75,75,optimal,nonamb
96,both_female,3,87,entlohnte,NP1-Causality,Johanna,entlohnte,"Linda,",weil,sie,bis spät abends,gerecht war,und ,den Anteil,berechnet hatte,"Johanna entlohnte Linda, weil sie bis spät abends gerecht war und den Anteil berechnet hatte.",ok_prefix_keep_particle_or_punctuation,Andreas,Johanna,Florian,Linda,neutral,,,remunerated,AgP,11,0,0.18,-6,neutral,entlohnte,entlohnte,0.42,9,,"Der Landwirt entlohnte die Erntehelferin, weil er bis spät abends gerecht war und den Anteil berechnete.",gerecht,56.68,7,75,75,optimal,nonamb
96,swapped,4,87,entlohnte,NP1-Causality,Johanna,entlohnte,"Florian,",weil,sie,bis spät abends,gerecht war,und ,den Anteil,berechnet hatte,"Johanna entlohnte Florian, weil sie bis spät abends gerecht war und den Anteil berechnet hatte.",ok_prefix_keep_particle_or_punctuation,Andreas,Johanna,Florian,Linda,neutral,,,remunerated,AgP,11,0,0.18,-6,neutral,entlohnte,entlohnte,0.42,9,,"Der Landwirt entlohnte die Erntehelferin, weil er bis spät abends gerecht war und den Anteil berechnete.",gerecht,56.68,7,75,75,optimal,nonamb
97,original,5,87,entlohnte,NP2-Causality,Andreas,entlohnte,"Linda,",weil,sie,bis spät abends,arbeitssam war,und ,die Ernte,eingefahren war,"Andreas entlohnte Linda, weil sie bis spät abends arbeitssam war und die Ernte eingefahren war.",ok_prefix_keep_particle_or_punctuation,Andreas,Johanna,Florian,Linda,neutral,,,remunerated,AgP,11,0,0.18,-6,neutral,entlohnte,entlohnte,0.42,9,,"Der Landwirt entlohnte die Erntehelferin, weil sie bis spät abends arbeitsam war und die Ernte sicherte. ",arbeitsam,0.34,9,75,75,optimal,nonamb
97,both_male,6,87,entlohnte,NP2-Causality,Andreas,entlohnte,"Florian,",weil,er,bis spät abends,arbeitssam war,und ,die Ernte,eingefahren war,"Andreas entlohnte Florian, weil er bis spät abends arbeitssam war und die Ernte eingefahren war.",ok_prefix_keep_particle_or_punctuation,Andreas,Johanna,Florian,Linda,neutral,,,remunerated,AgP,11,0,0.18,-6,neutral,entlohnte,entlohnte,0.42,9,,"Der Landwirt entlohnte die Erntehelferin, weil sie bis spät abends arbeitsam war und die Ernte sicherte. ",arbeitsam,0.34,9,75,75,optimal,nonamb
97,both_female,7,87,entlohnte,NP2-Causality,Johanna,entlohnte,"Linda,",weil,sie,bis spät abends,arbeitssam war,und ,die Ernte,eingefahren war,"Johanna entlohnte Linda, weil sie bis spät abends arbeitssam war und die Ernte eingefahren war.",ok_prefix_keep_particle_or_punctuation,Andreas,Johanna,Florian,Linda,neutral,,,remunerated,AgP,11,0,0.18,-6,neutral,entlohnte,entlohnte,0.42,9,,"Der Landwirt entlohnte die Erntehelferin, weil sie bis spät abends arbeitsam war und die Ernte sicherte. ",arbeitsam,0.34,9,75,75,optimal,nonamb
97,swapped,8,87,entlohnte,NP2-Causality,Johanna,entlohnte,"Florian,",weil,er,bis spät abends,arbeitssam war,und ,die Ernte,eingefahren war,"Johanna entlohnte Florian, weil er bis spät abends arbeitssam war und die Ernte eingefahren war.",ok_prefix_keep_particle_or_punctuation,Andreas,Johanna,Florian,Linda,neutral,,,remunerated,AgP,11,0,0.18,-6,neutral,entlohnte,entlohnte,0.42,9,,"Der Landwirt entlohnte die Erntehelferin, weil sie bis spät abends arbeitsam war und die Ernte sicherte. ",arbeitsam,0.34,9,75,75,optimal,nonamb
188,original,1,88,sorgte sich um ,NP1-Causality,Alexander,sorgte sich um ,"Petra,",weil ,er,seit Längerem,fachkundig war,und,Krankheiten,kannte,"Alexander sorgte sich um Petra, weil er seit Längerem fachkundig war und Krankheiten kannte.",ok_prefix_keep_particle_or_punctuation,Alexander,Eva,Karl,Petra,NP1,,,worried,StimExp,7,4,-1.82,76,NP1,sorgte sich um ,sorgte,12.03,6,,"Der Sohn sorgte sich um die Mutter, weil er von Anfang an fachkundig war und die Pflege übernahm. ",fachkundig,4,10,43.75,43.75,suboptimal,nonamb
188,both_male,2,88,sorgte sich um ,NP1-Causality,Alexander,sorgte sich um ,"Karl,",weil ,er,seit Längerem,fachkundig war,und,Krankheiten,kannte,"Alexander sorgte sich um Karl, weil er seit Längerem fachkundig war und Krankheiten kannte.",ok_prefix_keep_particle_or_punctuation,Alexander,Eva,Karl,Petra,NP1,,,worried,StimExp,7,4,-1.82,76,NP1,sorgte sich um ,sorgte,12.03,6,,"Der Sohn sorgte sich um die Mutter, weil er von Anfang an fachkundig war und die Pflege übernahm. ",fachkundig,4,10,43.75,43.75,suboptimal,nonamb
188,both_female,3,88,sorgte sich um ,NP1-Causality,Eva,sorgte sich um ,"Petra,",weil ,sie,seit Längerem,fachkundig war,und,Krankheiten,kannte,"Eva sorgte sich um Petra, weil sie seit Längerem fachkundig war und Krankheiten kannte.",ok_prefix_keep_particle_or_punctuation,Alexander,Eva,Karl,Petra,NP1,,,worried,StimExp,7,4,-1.82,76,NP1,sorgte sich um ,sorgte,12.03,6,,"Der Sohn sorgte sich um die Mutter, weil er von Anfang an fachkundig war und die Pflege übernahm. ",fachkundig,4,10,43.75,43.75,suboptimal,nonamb
188,swapped,4,88,sorgte sich um ,NP1-Causality,Eva,sorgte sich um ,"Karl,",weil ,sie,seit Längerem,fachkundig war,und,Krankheiten,kannte,"Eva sorgte sich um Karl, weil sie seit Längerem fachkundig war und Krankheiten kannte.",ok_prefix_keep_particle_or_punctuation,Alexander,Eva,Karl,Petra,NP1,,,worried,StimExp,7,4,-1.82,76,NP1,sorgte sich um ,sorgte,12.03,6,,"Der Sohn sorgte sich um die Mutter, weil er von Anfang an fachkundig war und die Pflege übernahm. ",fachkundig,4,10,43.75,43.75,suboptimal,nonamb
189,original,5,88,sorgte sich um ,NP2-Causality,Alexander,sorgte sich um ,"Petra,",weil ,sie,seit Längerem,angeschlagen war,und,die Gesundheit,litt,"Alexander sorgte sich um Petra, weil sie seit Längerem angeschlagen war und die Gesundheit litt.",ok_prefix_keep_particle_or_punctuation,Alexander,Eva,Karl,Petra,NP1,,,worried,StimExp,7,4,-1.82,76,NP1,sorgte sich um ,sorgte,12.03,6,,"Der Sohn sorgte sich um die Mutter, weil sie von Anfang an angeschlagen war und die Gesundheit litt. ",angeschlagen,5.13,12,43.75,43.75,suboptimal,nonamb
189,both_male,6,88,sorgte sich um ,NP2-Causality,Alexander,sorgte sich um ,"Karl,",weil ,er,seit Längerem,angeschlagen war,und,die Gesundheit,litt,"Alexander sorgte sich um Karl, weil er seit Längerem angeschlagen war und die Gesundheit litt.",ok_prefix_keep_particle_or_punctuation,Alexander,Eva,Karl,Petra,NP1,,,worried,StimExp,7,4,-1.82,76,NP1,sorgte sich um ,sorgte,12.03,6,,"Der Sohn sorgte sich um die Mutter, weil sie von Anfang an angeschlagen war und die Gesundheit litt. ",angeschlagen,5.13,12,43.75,43.75,suboptimal,nonamb
189,both_female,7,88,sorgte sich um ,NP2-Causality,Eva,sorgte sich um ,"Petra,",weil ,sie,seit Längerem,angeschlagen war,und,die Gesundheit,litt,"Eva sorgte sich um Petra, weil sie seit Längerem angeschlagen war und die Gesundheit litt.",ok_prefix_keep_particle_or_punctuation,Alexander,Eva,Karl,Petra,NP1,,,worried,StimExp,7,4,-1.82,76,NP1,sorgte sich um ,sorgte,12.03,6,,"Der Sohn sorgte sich um die Mutter, weil sie von Anfang an angeschlagen war und die Gesundheit litt. ",angeschlagen,5.13,12,43.75,43.75,suboptimal,nonamb
189,swapped,8,88,sorgte sich um ,NP2-Causality,Eva,sorgte sich um ,"Karl,",weil ,er,seit Längerem,angeschlagen war,und,die Gesundheit,litt,"Eva sorgte sich um Karl, weil er seit Längerem angeschlagen war und die Gesundheit litt.",ok_prefix_keep_particle_or_punctuation,Alexander,Eva,Karl,Petra,NP1,,,worried,StimExp,7,4,-1.82,76,NP1,sorgte sich um ,sorgte,12.03,6,,"Der Sohn sorgte sich um die Mutter, weil sie von Anfang an angeschlagen war und die Gesundheit litt. ",angeschlagen,5.13,12,43.75,43.75,suboptimal,nonamb
12,original,1,89,dankte,NP1-Causality,David,dankte,"Sabine,",weil ,er,bis zum Ende,höflich war,und,Anstand,bewahrte,"David dankte Sabine, weil er bis zum Ende höflich war und Anstand bewahrte.",ok_prefix_keep_particle_or_punctuation,David,Renate,Uwe,Sabine,NP2,,,thanked,AgEvo,7,37,2.31,-92,NP2,dankte,bedankte,2.58,8,,"Der Angehörige bedankte sich bei der Nonne, weil er bis zum Ende höflich war und die Freundlichkeit zeigte.",höflich,5.82,7,100,100,optimal,nonamb
12,both_male,2,89,dankte,NP1-Causality,David,dankte,"Uwe,",weil ,er,bis zum Ende,höflich war,und,Anstand,bewahrte,"David dankte Uwe, weil er bis zum Ende höflich war und Anstand bewahrte.",ok_prefix_keep_particle_or_punctuation,David,Renate,Uwe,Sabine,NP2,,,thanked,AgEvo,7,37,2.31,-92,NP2,dankte,bedankte,2.58,8,,"Der Angehörige bedankte sich bei der Nonne, weil er bis zum Ende höflich war und die Freundlichkeit zeigte.",höflich,5.82,7,100,100,optimal,nonamb
12,both_female,3,89,dankte,NP1-Causality,Renate,dankte,"Sabine,",weil ,sie,bis zum Ende,höflich war,und,Anstand,bewahrte,"Renate dankte Sabine, weil sie bis zum Ende höflich war und Anstand bewahrte.",ok_prefix_keep_particle_or_punctuation,David,Renate,Uwe,Sabine,NP2,,,thanked,AgEvo,7,37,2.31,-92,NP2,dankte,bedankte,2.58,8,,"Der Angehörige bedankte sich bei der Nonne, weil er bis zum Ende höflich war und die Freundlichkeit zeigte.",höflich,5.82,7,100,100,optimal,nonamb
12,swapped,4,89,dankte,NP1-Causality,Renate,dankte,"Uwe,",weil ,sie,bis zum Ende,höflich war,und,Anstand,bewahrte,"Renate dankte Uwe, weil sie bis zum Ende höflich war und Anstand bewahrte.",ok_prefix_keep_particle_or_punctuation,David,Renate,Uwe,Sabine,NP2,,,thanked,AgEvo,7,37,2.31,-92,NP2,dankte,bedankte,2.58,8,,"Der Angehörige bedankte sich bei der Nonne, weil er bis zum Ende höflich war und die Freundlichkeit zeigte.",höflich,5.82,7,100,100,optimal,nonamb
13,original,5,89,dankte,NP2-Causality,David,dankte,"Sabine,",weil ,sie,bis zum Ende,gütig war,und,Mitgefühl,zeigte,"David dankte Sabine, weil sie bis zum Ende gütig war und Mitgefühl zeigte.",ok_prefix_keep_particle_or_punctuation,David,Renate,Uwe,Sabine,NP2,,,thanked,AgEvo,7,37,2.31,-92,NP2,dankte,bedankte,2.58,8,,"Der Angehörige bedankte sich bei der Nonne, weil sie bis zum Ende gütig war und das Mitgefühl bewahrte.",gütig,2.94,5,100,100,optimal,nonamb
13,both_male,6,89,dankte,NP2-Causality,David,dankte,"Uwe,",weil ,er,bis zum Ende,gütig war,und,Mitgefühl,zeigte,"David dankte Uwe, weil er bis zum Ende gütig war und Mitgefühl zeigte.",ok_prefix_keep_particle_or_punctuation,David,Renate,Uwe,Sabine,NP2,,,thanked,AgEvo,7,37,2.31,-92,NP2,dankte,bedankte,2.58,8,,"Der Angehörige bedankte sich bei der Nonne, weil sie bis zum Ende gütig war und das Mitgefühl bewahrte.",gütig,2.94,5,100,100,optimal,nonamb
13,both_female,7,89,dankte,NP2-Causality,Renate,dankte,"Sabine,",weil ,sie,bis zum Ende,gütig war,und,Mitgefühl,zeigte,"Renate dankte Sabine, weil sie bis zum Ende gütig war und Mitgefühl zeigte.",ok_prefix_keep_particle_or_punctuation,David,Renate,Uwe,Sabine,NP2,,,thanked,AgEvo,7,37,2.31,-92,NP2,dankte,bedankte,2.58,8,,"Der Angehörige bedankte sich bei der Nonne, weil sie bis zum Ende gütig war und das Mitgefühl bewahrte.",gütig,2.94,5,100,100,optimal,nonamb
13,swapped,8,89,dankte,NP2-Causality,Renate,dankte,"Uwe,",weil ,er,bis zum Ende,gütig war,und,Mitgefühl,zeigte,"Renate dankte Uwe, weil er bis zum Ende gütig war und Mitgefühl zeigte.",ok_prefix_keep_particle_or_punctuation,David,Renate,Uwe,Sabine,NP2,,,thanked,AgEvo,7,37,2.31,-92,NP2,dankte,bedankte,2.58,8,,"Der Angehörige bedankte sich bei der Nonne, weil sie bis zum Ende gütig war und das Mitgefühl bewahrte.",gütig,2.94,5,100,100,optimal,nonamb
132,original,1,90,überraschte,NP1-Causality,Christian,überraschte,"Nina,",weil,er,in der Nacht,unangekündigt war,und,die Dunkelheit,nutzte,"Christian überraschte Nina, weil er in der Nacht unangekündigt war und die Dunkelheit nutzte.",ok_prefix_keep_particle_or_punctuation,Christian,Lisa,Peter,Nina,neutral,,,surprised,StimExp,9,29,0.73,10,neutral,überraschte,überraschte,2.36,11,,"Der Liebhaber überraschte die Liebste, weil er in der Nacht unangekündigt war und die Dunkelheit nutzte.",unangekündigt,0.14,13,81.25,81.25,optimal,nonamb
132,both_male,2,90,überraschte,NP1-Causality,Christian,überraschte,"Peter,",weil,er,in der Nacht,unangekündigt war,und,die Dunkelheit,nutzte,"Christian überraschte Peter, weil er in der Nacht unangekündigt war und die Dunkelheit nutzte.",ok_prefix_keep_particle_or_punctuation,Christian,Lisa,Peter,Nina,neutral,,,surprised,StimExp,9,29,0.73,10,neutral,überraschte,überraschte,2.36,11,,"Der Liebhaber überraschte die Liebste, weil er in der Nacht unangekündigt war und die Dunkelheit nutzte.",unangekündigt,0.14,13,81.25,81.25,optimal,nonamb
132,both_female,3,90,überraschte,NP1-Causality,Lisa,überraschte,"Nina,",weil,sie,in der Nacht,unangekündigt war,und,die Dunkelheit,nutzte,"Lisa überraschte Nina, weil sie in der Nacht unangekündigt war und die Dunkelheit nutzte.",ok_prefix_keep_particle_or_punctuation,Christian,Lisa,Peter,Nina,neutral,,,surprised,StimExp,9,29,0.73,10,neutral,überraschte,überraschte,2.36,11,,"Der Liebhaber überraschte die Liebste, weil er in der Nacht unangekündigt war und die Dunkelheit nutzte.",unangekündigt,0.14,13,81.25,81.25,optimal,nonamb
132,swapped,4,90,überraschte,NP1-Causality,Lisa,überraschte,"Peter,",weil,sie,in der Nacht,unangekündigt war,und,die Dunkelheit,nutzte,"Lisa überraschte Peter, weil sie in der Nacht unangekündigt war und die Dunkelheit nutzte.",ok_prefix_keep_particle_or_punctuation,Christian,Lisa,Peter,Nina,neutral,,,surprised,StimExp,9,29,0.73,10,neutral,überraschte,überraschte,2.36,11,,"Der Liebhaber überraschte die Liebste, weil er in der Nacht unangekündigt war und die Dunkelheit nutzte.",unangekündigt,0.14,13,81.25,81.25,optimal,nonamb
133,original,5,90,überraschte,NP2-Causality,Christian,überraschte,"Nina,",weil,sie,in der Nacht,unwissend war,und,die Bewegungen,übersah,"Christian überraschte Nina, weil sie in der Nacht unwissend war und die Bewegungen übersah.",ok_prefix_keep_particle_or_punctuation,Christian,Lisa,Peter,Nina,neutral,,,surprised,StimExp,9,29,0.73,10,neutral,überraschte,überraschte,2.36,11,,"Der Liebhaber überraschte die Liebste, weil sie in der Nacht unwissend war und den Augenblick übersah.",unwissend,2.05,9,81.25,81.25,optimal,nonamb
133,both_male,6,90,überraschte,NP2-Causality,Christian,überraschte,"Peter,",weil,er,in der Nacht,unwissend war,und,die Bewegungen,übersah,"Christian überraschte Peter, weil er in der Nacht unwissend war und die Bewegungen übersah.",ok_prefix_keep_particle_or_punctuation,Christian,Lisa,Peter,Nina,neutral,,,surprised,StimExp,9,29,0.73,10,neutral,überraschte,überraschte,2.36,11,,"Der Liebhaber überraschte die Liebste, weil sie in der Nacht unwissend war und den Augenblick übersah.",unwissend,2.05,9,81.25,81.25,optimal,nonamb
133,both_female,7,90,überraschte,NP2-Causality,Lisa,überraschte,"Nina,",weil,sie,in der Nacht,unwissend war,und,die Bewegungen,übersah,"Lisa überraschte Nina, weil sie in der Nacht unwissend war und die Bewegungen übersah.",ok_prefix_keep_particle_or_punctuation,Christian,Lisa,Peter,Nina,neutral,,,surprised,StimExp,9,29,0.73,10,neutral,überraschte,überraschte,2.36,11,,"Der Liebhaber überraschte die Liebste, weil sie in der Nacht unwissend war und den Augenblick übersah.",unwissend,2.05,9,81.25,81.25,optimal,nonamb
133,swapped,8,90,überraschte,NP2-Causality,Lisa,überraschte,"Peter,",weil,er,in der Nacht,unwissend war,und,die Bewegungen,übersah,"Lisa überraschte Peter, weil er in der Nacht unwissend war und die Bewegungen übersah.",ok_prefix_keep_particle_or_punctuation,Christian,Lisa,Peter,Nina,neutral,,,surprised,StimExp,9,29,0.73,10,neutral,überraschte,überraschte,2.36,11,,"Der Liebhaber überraschte die Liebste, weil sie in der Nacht unwissend war und den Augenblick übersah.",unwissend,2.05,9,81.25,81.25,optimal,nonamb
198,original,1,91,entsetzte,NP1-Causality,Frank,entsetzte,"Sarah,",weil ,er,in der Dämmerung,verschwommen war,und ,Schatten,erzeugte,"Frank entsetzte Sarah, weil er in der Dämmerung verschwommen war und Schatten erzeugte.",ok_prefix_keep_particle_or_punctuation,Frank,Birgit,Matthias,Sarah,NP1,,,appalled,StimExp,8,32,-2.45,78,NP1,entsetzte,entsetzte,0.44,8,,"Der Schamane entsetzte die Anwohnerin, weil er in der Dämmerung gefährlich war und das Zischen erzeugte.",gefährlich,62.41,10,75,75,optimal,nonamb
198,both_male,2,91,entsetzte,NP1-Causality,Frank,entsetzte,"Matthias,",weil ,er,in der Dämmerung,verschwommen war,und ,Schatten,erzeugte,"Frank entsetzte Matthias, weil er in der Dämmerung verschwommen war und Schatten erzeugte.",ok_prefix_keep_particle_or_punctuation,Frank,Birgit,Matthias,Sarah,NP1,,,appalled,StimExp,8,32,-2.45,78,NP1,entsetzte,entsetzte,0.44,8,,"Der Schamane entsetzte die Anwohnerin, weil er in der Dämmerung gefährlich war und das Zischen erzeugte.",gefährlich,62.41,10,75,75,optimal,nonamb
198,both_female,3,91,entsetzte,NP1-Causality,Birgit,entsetzte,"Sarah,",weil ,sie,in der Dämmerung,verschwommen war,und ,Schatten,erzeugte,"Birgit entsetzte Sarah, weil sie in der Dämmerung verschwommen war und Schatten erzeugte.",ok_prefix_keep_particle_or_punctuation,Frank,Birgit,Matthias,Sarah,NP1,,,appalled,StimExp,8,32,-2.45,78,NP1,entsetzte,entsetzte,0.44,8,,"Der Schamane entsetzte die Anwohnerin, weil er in der Dämmerung gefährlich war und das Zischen erzeugte.",gefährlich,62.41,10,75,75,optimal,nonamb
198,swapped,4,91,entsetzte,NP1-Causality,Birgit,entsetzte,"Matthias,",weil ,sie,in der Dämmerung,verschwommen war,und ,Schatten,erzeugte,"Birgit entsetzte Matthias, weil sie in der Dämmerung verschwommen war und Schatten erzeugte.",ok_prefix_keep_particle_or_punctuation,Frank,Birgit,Matthias,Sarah,NP1,,,appalled,StimExp,8,32,-2.45,78,NP1,entsetzte,entsetzte,0.44,8,,"Der Schamane entsetzte die Anwohnerin, weil er in der Dämmerung gefährlich war und das Zischen erzeugte.",gefährlich,62.41,10,75,75,optimal,nonamb
199,original,5,91,entsetzte,NP2-Causality,Frank,entsetzte,"Sarah,",weil ,sie,in der Dämmerung,schlecht sah,und ,Geräusche,hörte,"Frank entsetzte Sarah, weil sie in der Dämmerung schlecht sah und Geräusche hörte.",ok_prefix_keep_particle_or_punctuation,Frank,Birgit,Matthias,Sarah,NP1,,,appalled,StimExp,8,32,-2.45,78,NP1,entsetzte,entsetzte,0.44,8,,"Der Schamane entsetzte die Anwohnerin, weil sie in der Dämmerung ängstlich war und das Wimmern hervorbrachte.",ängstlich,7.09,9,75,75,optimal,nonamb
199,both_male,6,91,entsetzte,NP2-Causality,Frank,entsetzte,"Matthias,",weil ,er,in der Dämmerung,schlecht sah,und ,Geräusche,hörte,"Frank entsetzte Matthias, weil er in der Dämmerung schlecht sah und Geräusche hörte.",ok_prefix_keep_particle_or_punctuation,Frank,Birgit,Matthias,Sarah,NP1,,,appalled,StimExp,8,32,-2.45,78,NP1,entsetzte,entsetzte,0.44,8,,"Der Schamane entsetzte die Anwohnerin, weil sie in der Dämmerung ängstlich war und das Wimmern hervorbrachte.",ängstlich,7.09,9,75,75,optimal,nonamb
199,both_female,7,91,entsetzte,NP2-Causality,Birgit,entsetzte,"Sarah,",weil ,sie,in der Dämmerung,schlecht sah,und ,Geräusche,hörte,"Birgit entsetzte Sarah, weil sie in der Dämmerung schlecht sah und Geräusche hörte.",ok_prefix_keep_particle_or_punctuation,Frank,Birgit,Matthias,Sarah,NP1,,,appalled,StimExp,8,32,-2.45,78,NP1,entsetzte,entsetzte,0.44,8,,"Der Schamane entsetzte die Anwohnerin, weil sie in der Dämmerung ängstlich war und das Wimmern hervorbrachte.",ängstlich,7.09,9,75,75,optimal,nonamb
199,swapped,8,91,entsetzte,NP2-Causality,Birgit,entsetzte,"Matthias,",weil ,er,in der Dämmerung,schlecht sah,und ,Geräusche,hörte,"Birgit entsetzte Matthias, weil er in der Dämmerung schlecht sah und Geräusche hörte.",ok_prefix_keep_particle_or_punctuation,Frank,Birgit,Matthias,Sarah,NP1,,,appalled,StimExp,8,32,-2.45,78,NP1,entsetzte,entsetzte,0.44,8,,"Der Schamane entsetzte die Anwohnerin, weil sie in der Dämmerung ängstlich war und das Wimmern hervorbrachte.",ängstlich,7.09,9,75,75,optimal,nonamb
64,original,1,92,jubelte …  zu,NP1-Causality,Hans,jubelte,"Anna zu,",weil,er,bei dem Event,erfolgreich war,und,den Wettkampf,gewann,"Hans jubelte Anna zu, weil er bei dem Event erfolgreich war und den Wettkampf gewann.",ok_prefix_keep_particle_or_punctuation,Hans,Monika,Michael,Anna,NP2,,,celebrated,AgEvo,10,48,2.73,-72,NP2,jubelte …  zu,jubelte zu,7.28,7,,"Der Schüler jubelte der Mutter zu, weil sie von Anfang an verreist war und den Strand genoss. ",im Urlaub,6,8,75,75,optimal,nonamb
64,both_male,2,92,jubelte …  zu,NP1-Causality,Hans,jubelte,"Michael zu,",weil,er,bei dem Event,erfolgreich war,und,den Wettkampf,gewann,"Hans jubelte Michael zu, weil er bei dem Event erfolgreich war und den Wettkampf gewann.",ok_prefix_keep_particle_or_punctuation,Hans,Monika,Michael,Anna,NP2,,,celebrated,AgEvo,10,48,2.73,-72,NP2,jubelte …  zu,jubelte zu,7.28,7,,"Der Schüler jubelte der Mutter zu, weil sie von Anfang an verreist war und den Strand genoss. ",im Urlaub,6,8,75,75,optimal,nonamb
64,both_female,3,92,jubelte …  zu,NP1-Causality,Monika,jubelte,"Anna zu,",weil,sie,bei dem Event,erfolgreich war,und,den Wettkampf,gewann,"Monika jubelte Anna zu, weil sie bei dem Event erfolgreich war und den Wettkampf gewann.",ok_prefix_keep_particle_or_punctuation,Hans,Monika,Michael,Anna,NP2,,,celebrated,AgEvo,10,48,2.73,-72,NP2,jubelte …  zu,jubelte zu,7.28,7,,"Der Schüler jubelte der Mutter zu, weil sie von Anfang an verreist war und den Strand genoss. ",im Urlaub,6,8,75,75,optimal,nonamb
64,swapped,4,92,jubelte …  zu,NP1-Causality,Monika,jubelte,"Michael zu,",weil,sie,bei dem Event,erfolgreich war,und,den Wettkampf,gewann,"Monika jubelte Michael zu, weil sie bei dem Event erfolgreich war und den Wettkampf gewann.",ok_prefix_keep_particle_or_punctuation,Hans,Monika,Michael,Anna,NP2,,,celebrated,AgEvo,10,48,2.73,-72,NP2,jubelte …  zu,jubelte zu,7.28,7,,"Der Schüler jubelte der Mutter zu, weil sie von Anfang an verreist war und den Strand genoss. ",im Urlaub,6,8,75,75,optimal,nonamb
65,original,5,92,jubelte …  zu,NP2-Causality,Hans,jubelte,"Anna zu,",weil,sie,bei dem Event,unterstützend war,und,zum Sieg,beitrug,"Hans jubelte Anna zu, weil sie bei dem Event unterstützend war und zum Sieg beitrug.",ok_prefix_keep_particle_or_punctuation,Hans,Monika,Michael,Anna,NP2,,,celebrated,AgEvo,10,48,2.73,-72,NP2,jubelte …  zu,jubelte zu,7.28,7,,"Der Schüler jubelte der Mutter zu, weil er von Anfang an gewinnend war und das Strahlen zeigte. ",gewonnen,55.06,8,75,75,optimal,nonamb
65,both_male,6,92,jubelte …  zu,NP2-Causality,Hans,jubelte,"Michael zu,",weil,er,bei dem Event,unterstützend war,und,zum Sieg,beitrug,"Hans jubelte Michael zu, weil er bei dem Event unterstützend war und zum Sieg beitrug.",ok_prefix_keep_particle_or_punctuation,Hans,Monika,Michael,Anna,NP2,,,celebrated,AgEvo,10,48,2.73,-72,NP2,jubelte …  zu,jubelte zu,7.28,7,,"Der Schüler jubelte der Mutter zu, weil er von Anfang an gewinnend war und das Strahlen zeigte. ",gewonnen,55.06,8,75,75,optimal,nonamb
65,both_female,7,92,jubelte …  zu,NP2-Causality,Monika,jubelte,"Anna zu,",weil,sie,bei dem Event,unterstützend war,und,zum Sieg,beitrug,"Monika jubelte Anna zu, weil sie bei dem Event unterstützend war und zum Sieg beitrug.",ok_prefix_keep_particle_or_punctuation,Hans,Monika,Michael,Anna,NP2,,,celebrated,AgEvo,10,48,2.73,-72,NP2,jubelte …  zu,jubelte zu,7.28,7,,"Der Schüler jubelte der Mutter zu, weil er von Anfang an gewinnend war und das Strahlen zeigte. ",gewonnen,55.06,8,75,75,optimal,nonamb
65,swapped,8,92,jubelte …  zu,NP2-Causality,Monika,jubelte,"Michael zu,",weil,er,bei dem Event,unterstützend war,und,zum Sieg,beitrug,"Monika jubelte Michael zu, weil er bei dem Event unterstützend war und zum Sieg beitrug.",ok_prefix_keep_particle_or_punctuation,Hans,Monika,Michael,Anna,NP2,,,celebrated,AgEvo,10,48,2.73,-72,NP2,jubelte …  zu,jubelte zu,7.28,7,,"Der Schüler jubelte der Mutter zu, weil er von Anfang an gewinnend war und das Strahlen zeigte. ",gewonnen,55.06,8,75,75,optimal,nonamb
88,original,1,93,kuschelte,NP1-Causality,Stefan,kuschelte,"Jana,",weil ,er,über Jahre,fürsorglich war,und,das Tier,liebte,"Stefan kuschelte Jana, weil er über Jahre fürsorglich war und das Tier liebte.",ok_prefix_keep_particle_or_punctuation,Stefan,Martina,Daniel,Jana,neutral,,,cuddled,AgP,7,5,2.54,-10,neutral,kuschelte,kuschelte,0.17,9,,"Der Witwer kuschelte die Katze, weil er von Anfang an fürsorglich war und die Geborgenheit bot.",fürsorglich,1.5,11,60,60,suboptimal,nonamb
88,both_male,2,93,kuschelte,NP1-Causality,Stefan,kuschelte,"Daniel,",weil ,er,über Jahre,fürsorglich war,und,das Tier,liebte,"Stefan kuschelte Daniel, weil er über Jahre fürsorglich war und das Tier liebte.",ok_prefix_keep_particle_or_punctuation,Stefan,Martina,Daniel,Jana,neutral,,,cuddled,AgP,7,5,2.54,-10,neutral,kuschelte,kuschelte,0.17,9,,"Der Witwer kuschelte die Katze, weil er von Anfang an fürsorglich war und die Geborgenheit bot.",fürsorglich,1.5,11,60,60,suboptimal,nonamb
88,both_female,3,93,kuschelte,NP1-Causality,Martina,kuschelte,"Jana,",weil ,sie,über Jahre,fürsorglich war,und,das Tier,liebte,"Martina kuschelte Jana, weil sie über Jahre fürsorglich war und das Tier liebte.",ok_prefix_keep_particle_or_punctuation,Stefan,Martina,Daniel,Jana,neutral,,,cuddled,AgP,7,5,2.54,-10,neutral,kuschelte,kuschelte,0.17,9,,"Der Witwer kuschelte die Katze, weil er von Anfang an fürsorglich war und die Geborgenheit bot.",fürsorglich,1.5,11,60,60,suboptimal,nonamb
88,swapped,4,93,kuschelte,NP1-Causality,Martina,kuschelte,"Daniel,",weil ,sie,über Jahre,fürsorglich war,und,das Tier,liebte,"Martina kuschelte Daniel, weil sie über Jahre fürsorglich war und das Tier liebte.",ok_prefix_keep_particle_or_punctuation,Stefan,Martina,Daniel,Jana,neutral,,,cuddled,AgP,7,5,2.54,-10,neutral,kuschelte,kuschelte,0.17,9,,"Der Witwer kuschelte die Katze, weil er von Anfang an fürsorglich war und die Geborgenheit bot.",fürsorglich,1.5,11,60,60,suboptimal,nonamb
89,original,5,93,kuschelte,NP2-Causality,Stefan,kuschelte,"Jana,",weil ,sie,über Jahre,anhänglich war,und,Wärme,spendete,"Stefan kuschelte Jana, weil sie über Jahre anhänglich war und Wärme spendete.",ok_prefix_keep_particle_or_punctuation,Stefan,Martina,Daniel,Jana,neutral,,,cuddled,AgP,7,5,2.54,-10,neutral,kuschelte,kuschelte,0.17,9,,"Der Witwer kuschelte die Katze, weil sie von Anfang an weich war und eine Wärme spendete.",weich,22.09,5,60,60,suboptimal,nonamb
89,both_male,6,93,kuschelte,NP2-Causality,Stefan,kuschelte,"Daniel,",weil ,er,über Jahre,anhänglich war,und,Wärme,spendete,"Stefan kuschelte Daniel, weil er über Jahre anhänglich war und Wärme spendete.",ok_prefix_keep_particle_or_punctuation,Stefan,Martina,Daniel,Jana,neutral,,,cuddled,AgP,7,5,2.54,-10,neutral,kuschelte,kuschelte,0.17,9,,"Der Witwer kuschelte die Katze, weil sie von Anfang an weich war und eine Wärme spendete.",weich,22.09,5,60,60,suboptimal,nonamb
89,both_female,7,93,kuschelte,NP2-Causality,Martina,kuschelte,"Jana,",weil ,sie,über Jahre,anhänglich war,und,Wärme,spendete,"Martina kuschelte Jana, weil sie über Jahre anhänglich war und Wärme spendete.",ok_prefix_keep_particle_or_punctuation,Stefan,Martina,Daniel,Jana,neutral,,,cuddled,AgP,7,5,2.54,-10,neutral,kuschelte,kuschelte,0.17,9,,"Der Witwer kuschelte die Katze, weil sie von Anfang an weich war und eine Wärme spendete.",weich,22.09,5,60,60,suboptimal,nonamb
89,swapped,8,93,kuschelte,NP2-Causality,Martina,kuschelte,"Daniel,",weil ,er,über Jahre,anhänglich war,und,Wärme,spendete,"Martina kuschelte Daniel, weil er über Jahre anhänglich war und Wärme spendete.",ok_prefix_keep_particle_or_punctuation,Stefan,Martina,Daniel,Jana,neutral,,,cuddled,AgP,7,5,2.54,-10,neutral,kuschelte,kuschelte,0.17,9,,"Der Witwer kuschelte die Katze, weil sie von Anfang an weich war und eine Wärme spendete.",weich,22.09,5,60,60,suboptimal,nonamb
178,original,1,94,gestand,NP1-Causality,Sebastian,gestand,"Claudia,",weil,er,am Tag zuvor,frevelhaft  gewesen war,und,Absolution,suchte,"Sebastian gestand Claudia, weil er am Tag zuvor frevelhaft gewesen war und Absolution suchte.",ok_prefix_keep_particle_or_punctuation,Sebastian,Laura,Wolfgang,Claudia,NP1,,,confessed to,AgP,9,92,-0.64,74,NP1,gestand,gestand,2.4,7,,"Der Sünder gestand der Priesterin, weil er am frühen Morgen schuldig war und die Offenbarung machte.",schuldig,15.04,8,93.75,93.75,optimal,nonamb
178,both_male,2,94,gestand,NP1-Causality,Sebastian,gestand,"Wolfgang,",weil,er,am Tag zuvor,frevelhaft  gewesen war,und,Absolution,suchte,"Sebastian gestand Wolfgang, weil er am Tag zuvor frevelhaft gewesen war und Absolution suchte.",ok_prefix_keep_particle_or_punctuation,Sebastian,Laura,Wolfgang,Claudia,NP1,,,confessed to,AgP,9,92,-0.64,74,NP1,gestand,gestand,2.4,7,,"Der Sünder gestand der Priesterin, weil er am frühen Morgen schuldig war und die Offenbarung machte.",schuldig,15.04,8,93.75,93.75,optimal,nonamb
178,both_female,3,94,gestand,NP1-Causality,Laura,gestand,"Claudia,",weil,sie,am Tag zuvor,frevelhaft  gewesen war,und,Absolution,suchte,"Laura gestand Claudia, weil sie am Tag zuvor frevelhaft gewesen war und Absolution suchte.",ok_prefix_keep_particle_or_punctuation,Sebastian,Laura,Wolfgang,Claudia,NP1,,,confessed to,AgP,9,92,-0.64,74,NP1,gestand,gestand,2.4,7,,"Der Sünder gestand der Priesterin, weil er am frühen Morgen schuldig war und die Offenbarung machte.",schuldig,15.04,8,93.75,93.75,optimal,nonamb
178,swapped,4,94,gestand,NP1-Causality,Laura,gestand,"Wolfgang,",weil,sie,am Tag zuvor,frevelhaft  gewesen war,und,Absolution,suchte,"Laura gestand Wolfgang, weil sie am Tag zuvor frevelhaft gewesen war und Absolution suchte.",ok_prefix_keep_particle_or_punctuation,Sebastian,Laura,Wolfgang,Claudia,NP1,,,confessed to,AgP,9,92,-0.64,74,NP1,gestand,gestand,2.4,7,,"Der Sünder gestand der Priesterin, weil er am frühen Morgen schuldig war und die Offenbarung machte.",schuldig,15.04,8,93.75,93.75,optimal,nonamb
179,original,5,94,gestand,NP2-Causality,Sebastian,gestand,"Claudia,",weil,sie,am Tag zuvor,vertrauenswürdig war,und,Nachsicht,signalisierte,"Sebastian gestand Claudia, weil sie am Tag zuvor vertrauenswürdig war und Nachsicht signalisierte.",ok_prefix_keep_particle_or_punctuation,Sebastian,Laura,Wolfgang,Claudia,NP1,,,confessed to,AgP,9,92,-0.64,74,NP1,gestand,gestand,2.4,7,,"Der Sünder gestand der Priesterin, weil sie am frühen Morgen vertrauenswürdig war und die Aufmerksamkeit bot.",vertrauenswürdig,1.98,16,93.75,93.75,optimal,nonamb
179,both_male,6,94,gestand,NP2-Causality,Sebastian,gestand,"Wolfgang,",weil,er,am Tag zuvor,vertrauenswürdig war,und,Nachsicht,signalisierte,"Sebastian gestand Wolfgang, weil er am Tag zuvor vertrauenswürdig war und Nachsicht signalisierte.",ok_prefix_keep_particle_or_punctuation,Sebastian,Laura,Wolfgang,Claudia,NP1,,,confessed to,AgP,9,92,-0.64,74,NP1,gestand,gestand,2.4,7,,"Der Sünder gestand der Priesterin, weil sie am frühen Morgen vertrauenswürdig war und die Aufmerksamkeit bot.",vertrauenswürdig,1.98,16,93.75,93.75,optimal,nonamb
179,both_female,7,94,gestand,NP2-Causality,Laura,gestand,"Claudia,",weil,sie,am Tag zuvor,vertrauenswürdig war,und,Nachsicht,signalisierte,"Laura gestand Claudia, weil sie am Tag zuvor vertrauenswürdig war und Nachsicht signalisierte.",ok_prefix_keep_particle_or_punctuation,Sebastian,Laura,Wolfgang,Claudia,NP1,,,confessed to,AgP,9,92,-0.64,74,NP1,gestand,gestand,2.4,7,,"Der Sünder gestand der Priesterin, weil sie am frühen Morgen vertrauenswürdig war und die Aufmerksamkeit bot.",vertrauenswürdig,1.98,16,93.75,93.75,optimal,nonamb
179,swapped,8,94,gestand,NP2-Causality,Laura,gestand,"Wolfgang,",weil,er,am Tag zuvor,vertrauenswürdig war,und,Nachsicht,signalisierte,"Laura gestand Wolfgang, weil er am Tag zuvor vertrauenswürdig war und Nachsicht signalisierte.",ok_prefix_keep_particle_or_punctuation,Sebastian,Laura,Wolfgang,Claudia,NP1,,,confessed to,AgP,9,92,-0.64,74,NP1,gestand,gestand,2.4,7,,"Der Sünder gestand der Priesterin, weil sie am frühen Morgen vertrauenswürdig war und die Aufmerksamkeit bot.",vertrauenswürdig,1.98,16,93.75,93.75,optimal,nonamb
50,original,1,95,misstraute,NP1-Causality,Johannes,misstraute,"Susanne,",weil ,er,von Anfang an,unsozialisiert war,und,Kinder,scheute,"Johannes misstraute Susanne, weil er von Anfang an unsozialisiert war und Kinder scheute.",ok_prefix_keep_particle_or_punctuation,Johannes,Katharina,Tobias,Susanne,NP2,,,distrusted,ExpStim,10,63,-2.09,-75,NP2,misstraute,misstraute,0.11,10,,"Der Hund misstraute dem Mädchen, weil er von Anfang an nicht sozialisiert war und die Scheu zeigte.",sozialisiert,0.95,12,37.5,37.5,suboptimal,nonamb
50,both_male,2,95,misstraute,NP1-Causality,Johannes,misstraute,"Tobias,",weil ,er,von Anfang an,unsozialisiert war,und,Kinder,scheute,"Johannes misstraute Tobias, weil er von Anfang an unsozialisiert war und Kinder scheute.",ok_prefix_keep_particle_or_punctuation,Johannes,Katharina,Tobias,Susanne,NP2,,,distrusted,ExpStim,10,63,-2.09,-75,NP2,misstraute,misstraute,0.11,10,,"Der Hund misstraute dem Mädchen, weil er von Anfang an nicht sozialisiert war und die Scheu zeigte.",sozialisiert,0.95,12,37.5,37.5,suboptimal,nonamb
50,both_female,3,95,misstraute,NP1-Causality,Katharina,misstraute,"Susanne,",weil ,sie,von Anfang an,unsozialisiert war,und,Kinder,scheute,"Katharina misstraute Susanne, weil sie von Anfang an unsozialisiert war und Kinder scheute.",ok_prefix_keep_particle_or_punctuation,Johannes,Katharina,Tobias,Susanne,NP2,,,distrusted,ExpStim,10,63,-2.09,-75,NP2,misstraute,misstraute,0.11,10,,"Der Hund misstraute dem Mädchen, weil er von Anfang an nicht sozialisiert war und die Scheu zeigte.",sozialisiert,0.95,12,37.5,37.5,suboptimal,nonamb
50,swapped,4,95,misstraute,NP1-Causality,Katharina,misstraute,"Tobias,",weil ,sie,von Anfang an,unsozialisiert war,und,Kinder,scheute,"Katharina misstraute Tobias, weil sie von Anfang an unsozialisiert war und Kinder scheute.",ok_prefix_keep_particle_or_punctuation,Johannes,Katharina,Tobias,Susanne,NP2,,,distrusted,ExpStim,10,63,-2.09,-75,NP2,misstraute,misstraute,0.11,10,,"Der Hund misstraute dem Mädchen, weil er von Anfang an nicht sozialisiert war und die Scheu zeigte.",sozialisiert,0.95,12,37.5,37.5,suboptimal,nonamb
51,original,5,95,misstraute,NP2-Causality,Johannes,misstraute,"Susanne,",weil ,sie,von Anfang an,unvorhersagbar war,und,Hinterhalte,generierte,"Johannes misstraute Susanne, weil sie von Anfang an unvorhersagbar war und Hinterhalte generierte.",ok_prefix_keep_particle_or_punctuation,Johannes,Katharina,Tobias,Susanne,NP2,,,distrusted,ExpStim,10,63,-2.09,-75,NP2,misstraute,misstraute,0.11,10,,"Der Hund misstraute dem Mädchen, weil sie von Anfang an unzuverlässig war und die Grenze überschritt.",unzuverlässig,1.72,13,37.5,37.5,suboptimal,nonamb
51,both_male,6,95,misstraute,NP2-Causality,Johannes,misstraute,"Tobias,",weil ,er,von Anfang an,unvorhersagbar war,und,Hinterhalte,generierte,"Johannes misstraute Tobias, weil er von Anfang an unvorhersagbar war und Hinterhalte generierte.",ok_prefix_keep_particle_or_punctuation,Johannes,Katharina,Tobias,Susanne,NP2,,,distrusted,ExpStim,10,63,-2.09,-75,NP2,misstraute,misstraute,0.11,10,,"Der Hund misstraute dem Mädchen, weil sie von Anfang an unzuverlässig war und die Grenze überschritt.",unzuverlässig,1.72,13,37.5,37.5,suboptimal,nonamb
51,both_female,7,95,misstraute,NP2-Causality,Katharina,misstraute,"Susanne,",weil ,sie,von Anfang an,unvorhersagbar war,und,Hinterhalte,generierte,"Katharina misstraute Susanne, weil sie von Anfang an unvorhersagbar war und Hinterhalte generierte.",ok_prefix_keep_particle_or_punctuation,Johannes,Katharina,Tobias,Susanne,NP2,,,distrusted,ExpStim,10,63,-2.09,-75,NP2,misstraute,misstraute,0.11,10,,"Der Hund misstraute dem Mädchen, weil sie von Anfang an unzuverlässig war und die Grenze überschritt.",unzuverlässig,1.72,13,37.5,37.5,suboptimal,nonamb
51,swapped,8,95,misstraute,NP2-Causality,Katharina,misstraute,"Tobias,",weil ,er,von Anfang an,unvorhersagbar war,und,Hinterhalte,generierte,"Katharina misstraute Tobias, weil er von Anfang an unvorhersagbar war und Hinterhalte generierte.",ok_prefix_keep_particle_or_punctuation,Johannes,Katharina,Tobias,Susanne,NP2,,,distrusted,ExpStim,10,63,-2.09,-75,NP2,misstraute,misstraute,0.11,10,,"Der Hund misstraute dem Mädchen, weil sie von Anfang an unzuverlässig war und die Grenze überschritt.",unzuverlässig,1.72,13,37.5,37.5,suboptimal,nonamb
100,original,1,96,filmte,NP1-Causality,Paul,filmte,"Maria,",weil ,er,seit Tagen,eifersüchtig war ,und,Misstrauen,entwickelte,"Paul filmte Maria, weil er seit Tagen eifersüchtig war und Misstrauen entwickelte.",ok_prefix_keep_particle_or_punctuation,Paul,Julia,Martin,Maria,neutral,,,filmed,AgP,6,5,0.73,-3,neutral,filmte,filmte,0.45,6,,"Der Ehemann filmte die Nachbarin, weil er in dem Moment eifersüchtig war und das Misstrauen entwickelte. ",eifersüchtig,3.51,12,68.75,68.75,suboptimal,nonamb
100,both_male,2,96,filmte,NP1-Causality,Paul,filmte,"Martin,",weil ,er,seit Tagen,eifersüchtig war ,und,Misstrauen,entwickelte,"Paul filmte Martin, weil er seit Tagen eifersüchtig war und Misstrauen entwickelte.",ok_prefix_keep_particle_or_punctuation,Paul,Julia,Martin,Maria,neutral,,,filmed,AgP,6,5,0.73,-3,neutral,filmte,filmte,0.45,6,,"Der Ehemann filmte die Nachbarin, weil er in dem Moment eifersüchtig war und das Misstrauen entwickelte. ",eifersüchtig,3.51,12,68.75,68.75,suboptimal,nonamb
100,both_female,3,96,filmte,NP1-Causality,Julia,filmte,"Maria,",weil ,sie,seit Tagen,eifersüchtig war ,und,Misstrauen,entwickelte,"Julia filmte Maria, weil sie seit Tagen eifersüchtig war und Misstrauen entwickelte.",ok_prefix_keep_particle_or_punctuation,Paul,Julia,Martin,Maria,neutral,,,filmed,AgP,6,5,0.73,-3,neutral,filmte,filmte,0.45,6,,"Der Ehemann filmte die Nachbarin, weil er in dem Moment eifersüchtig war und das Misstrauen entwickelte. ",eifersüchtig,3.51,12,68.75,68.75,suboptimal,nonamb
100,swapped,4,96,filmte,NP1-Causality,Julia,filmte,"Martin,",weil ,sie,seit Tagen,eifersüchtig war ,und,Misstrauen,entwickelte,"Julia filmte Martin, weil sie seit Tagen eifersüchtig war und Misstrauen entwickelte.",ok_prefix_keep_particle_or_punctuation,Paul,Julia,Martin,Maria,neutral,,,filmed,AgP,6,5,0.73,-3,neutral,filmte,filmte,0.45,6,,"Der Ehemann filmte die Nachbarin, weil er in dem Moment eifersüchtig war und das Misstrauen entwickelte. ",eifersüchtig,3.51,12,68.75,68.75,suboptimal,nonamb
101,original,5,96,filmte,NP2-Causality,Paul,filmte,"Maria,",weil ,sie,seit Tagen,komisch war,und,Auffälligkeiten,zeigte,"Paul filmte Maria, weil sie seit Tagen komisch war und Auffälligkeiten zeigte.",ok_prefix_keep_particle_or_punctuation,Paul,Julia,Martin,Maria,neutral,,,filmed,AgP,6,5,0.73,-3,neutral,filmte,filmte,0.45,6,,"Der Ehemann filmte die Nachbarin, weil sie in dem Moment komisch war und die Auffälligkeit zeigte.",komisch,18.62,7,68.75,68.75,suboptimal,nonamb
101,both_male,6,96,filmte,NP2-Causality,Paul,filmte,"Martin,",weil ,er,seit Tagen,komisch war,und,Auffälligkeiten,zeigte,"Paul filmte Martin, weil er seit Tagen komisch war und Auffälligkeiten zeigte.",ok_prefix_keep_particle_or_punctuation,Paul,Julia,Martin,Maria,neutral,,,filmed,AgP,6,5,0.73,-3,neutral,filmte,filmte,0.45,6,,"Der Ehemann filmte die Nachbarin, weil sie in dem Moment komisch war und die Auffälligkeit zeigte.",komisch,18.62,7,68.75,68.75,suboptimal,nonamb
101,both_female,7,96,filmte,NP2-Causality,Julia,filmte,"Maria,",weil ,sie,seit Tagen,komisch war,und,Auffälligkeiten,zeigte,"Julia filmte Maria, weil sie seit Tagen komisch war und Auffälligkeiten zeigte.",ok_prefix_keep_particle_or_punctuation,Paul,Julia,Martin,Maria,neutral,,,filmed,AgP,6,5,0.73,-3,neutral,filmte,filmte,0.45,6,,"Der Ehemann filmte die Nachbarin, weil sie in dem Moment komisch war und die Auffälligkeit zeigte.",komisch,18.62,7,68.75,68.75,suboptimal,nonamb
101,swapped,8,96,filmte,NP2-Causality,Julia,filmte,"Martin,",weil ,er,seit Tagen,komisch war,und,Auffälligkeiten,zeigte,"Julia filmte Martin, weil er seit Tagen komisch war und Auffälligkeiten zeigte.",ok_prefix_keep_particle_or_punctuation,Paul,Julia,Martin,Maria,neutral,,,filmed,AgP,6,5,0.73,-3,neutral,filmte,filmte,0.45,6,,"Der Ehemann filmte die Nachbarin, weil sie in dem Moment komisch war und die Auffälligkeit zeigte.",komisch,18.62,7,68.75,68.75,suboptimal,nonamb
180,original,1,97,verstimmte,NP1-Causality,Jürgen,verstimmte,"Barbara,",weil,er,an dem Sonntag,unfolgsam war,und,Regeln,brach,"Jürgen verstimmte Barbara, weil er an dem Sonntag unfolgsam war und Regeln brach.",ok_prefix_keep_particle_or_punctuation,Jürgen,Nicole,Klaus,Barbara,NP1,,,exasperated,StimExp,11,3,-1.64,74,NP1,verstimmte,zur Verzweiflung brachte,0.02,22,,"Der Sohn brachte die Mutter zur Verzweiflung, weil er bis zum Ende unfolgsam war und die Regel ignorierte. ",unfolgsam,0.03,9,75,75,optimal,nonamb
180,both_male,2,97,verstimmte,NP1-Causality,Jürgen,verstimmte,"Klaus,",weil,er,an dem Sonntag,unfolgsam war,und,Regeln,brach,"Jürgen verstimmte Klaus, weil er an dem Sonntag unfolgsam war und Regeln brach.",ok_prefix_keep_particle_or_punctuation,Jürgen,Nicole,Klaus,Barbara,NP1,,,exasperated,StimExp,11,3,-1.64,74,NP1,verstimmte,zur Verzweiflung brachte,0.02,22,,"Der Sohn brachte die Mutter zur Verzweiflung, weil er bis zum Ende unfolgsam war und die Regel ignorierte. ",unfolgsam,0.03,9,75,75,optimal,nonamb
180,both_female,3,97,verstimmte,NP1-Causality,Nicole,verstimmte,"Barbara,",weil,sie,an dem Sonntag,unfolgsam war,und,Regeln,brach,"Nicole verstimmte Barbara, weil sie an dem Sonntag unfolgsam war und Regeln brach.",ok_prefix_keep_particle_or_punctuation,Jürgen,Nicole,Klaus,Barbara,NP1,,,exasperated,StimExp,11,3,-1.64,74,NP1,verstimmte,zur Verzweiflung brachte,0.02,22,,"Der Sohn brachte die Mutter zur Verzweiflung, weil er bis zum Ende unfolgsam war und die Regel ignorierte. ",unfolgsam,0.03,9,75,75,optimal,nonamb
180,swapped,4,97,verstimmte,NP1-Causality,Nicole,verstimmte,"Klaus,",weil,sie,an dem Sonntag,unfolgsam war,und,Regeln,brach,"Nicole verstimmte Klaus, weil sie an dem Sonntag unfolgsam war und Regeln brach.",ok_prefix_keep_particle_or_punctuation,Jürgen,Nicole,Klaus,Barbara,NP1,,,exasperated,StimExp,11,3,-1.64,74,NP1,verstimmte,zur Verzweiflung brachte,0.02,22,,"Der Sohn brachte die Mutter zur Verzweiflung, weil er bis zum Ende unfolgsam war und die Regel ignorierte. ",unfolgsam,0.03,9,75,75,optimal,nonamb
181,original,5,97,verstimmte,NP2-Causality,Jürgen,verstimmte,"Barbara,",weil,sie,an dem Sonntag,gestresst war,und,Gäste,erwartete,"Jürgen verstimmte Barbara, weil sie an dem Sonntag gestresst war und Gäste erwartete.",ok_prefix_keep_particle_or_punctuation,Jürgen,Nicole,Klaus,Barbara,NP1,,,exasperated,StimExp,11,3,-1.64,74,NP1,verstimmte,zur Verzweiflung brachte,0.02,22,,"Der Sohn brachte die Mutter zur Verzweiflung, weil sie bis zum Ende fürsorglich war und die Hilfe anbot. ",überfürsorglich,1.5,11,75,75,optimal,nonamb
181,both_male,6,97,verstimmte,NP2-Causality,Jürgen,verstimmte,"Klaus,",weil,er,an dem Sonntag,gestresst war,und,Gäste,erwartete,"Jürgen verstimmte Klaus, weil er an dem Sonntag gestresst war und Gäste erwartete.",ok_prefix_keep_particle_or_punctuation,Jürgen,Nicole,Klaus,Barbara,NP1,,,exasperated,StimExp,11,3,-1.64,74,NP1,verstimmte,zur Verzweiflung brachte,0.02,22,,"Der Sohn brachte die Mutter zur Verzweiflung, weil sie bis zum Ende fürsorglich war und die Hilfe anbot. ",überfürsorglich,1.5,11,75,75,optimal,nonamb
181,both_female,7,97,verstimmte,NP2-Causality,Nicole,verstimmte,"Barbara,",weil,sie,an dem Sonntag,gestresst war,und,Gäste,erwartete,"Nicole verstimmte Barbara, weil sie an dem Sonntag gestresst war und Gäste erwartete.",ok_prefix_keep_particle_or_punctuation,Jürgen,Nicole,Klaus,Barbara,NP1,,,exasperated,StimExp,11,3,-1.64,74,NP1,verstimmte,zur Verzweiflung brachte,0.02,22,,"Der Sohn brachte die Mutter zur Verzweiflung, weil sie bis zum Ende fürsorglich war und die Hilfe anbot. ",überfürsorglich,1.5,11,75,75,optimal,nonamb
181,swapped,8,97,verstimmte,NP2-Causality,Nicole,verstimmte,"Klaus,",weil,er,an dem Sonntag,gestresst war,und,Gäste,erwartete,"Nicole verstimmte Klaus, weil er an dem Sonntag gestresst war und Gäste erwartete.",ok_prefix_keep_particle_or_punctuation,Jürgen,Nicole,Klaus,Barbara,NP1,,,exasperated,StimExp,11,3,-1.64,74,NP1,verstimmte,zur Verzweiflung brachte,0.02,22,,"Der Sohn brachte die Mutter zur Verzweiflung, weil sie bis zum Ende fürsorglich war und die Hilfe anbot. ",überfürsorglich,1.5,11,75,75,optimal,nonamb
62,original,1,98,führte,NP1-Causality,Thomas,führte,"Lena,",weil,er,an dieser Stelle,fachkundig war ,und ,Wissen,weitergab,"Thomas führte Lena, weil er an dieser Stelle fachkundig war und Wissen weitergab.",ok_prefix_keep_particle_or_punctuation,Thomas,Daniela,Philipp,Lena,NP2,,,guided,AgP,6,475,1.27,-73,NP2,führte,führte,68.41,6,,"Der Kunsthistoriker führte die Touristin, weil er von Anfang an fachkundig war und die Erklärung abgab.",vom Fach,0.49,7,56.25,56.25,suboptimal,nonamb
62,both_male,2,98,führte,NP1-Causality,Thomas,führte,"Philipp,",weil,er,an dieser Stelle,fachkundig war ,und ,Wissen,weitergab,"Thomas führte Philipp, weil er an dieser Stelle fachkundig war und Wissen weitergab.",ok_prefix_keep_particle_or_punctuation,Thomas,Daniela,Philipp,Lena,NP2,,,guided,AgP,6,475,1.27,-73,NP2,führte,führte,68.41,6,,"Der Kunsthistoriker führte die Touristin, weil er von Anfang an fachkundig war und die Erklärung abgab.",vom Fach,0.49,7,56.25,56.25,suboptimal,nonamb
62,both_female,3,98,führte,NP1-Causality,Daniela,führte,"Lena,",weil,sie,an dieser Stelle,fachkundig war ,und ,Wissen,weitergab,"Daniela führte Lena, weil sie an dieser Stelle fachkundig war und Wissen weitergab.",ok_prefix_keep_particle_or_punctuation,Thomas,Daniela,Philipp,Lena,NP2,,,guided,AgP,6,475,1.27,-73,NP2,führte,führte,68.41,6,,"Der Kunsthistoriker führte die Touristin, weil er von Anfang an fachkundig war und die Erklärung abgab.",vom Fach,0.49,7,56.25,56.25,suboptimal,nonamb
62,swapped,4,98,führte,NP1-Causality,Daniela,führte,"Philipp,",weil,sie,an dieser Stelle,fachkundig war ,und ,Wissen,weitergab,"Daniela führte Philipp, weil sie an dieser Stelle fachkundig war und Wissen weitergab.",ok_prefix_keep_particle_or_punctuation,Thomas,Daniela,Philipp,Lena,NP2,,,guided,AgP,6,475,1.27,-73,NP2,führte,führte,68.41,6,,"Der Kunsthistoriker führte die Touristin, weil er von Anfang an fachkundig war und die Erklärung abgab.",vom Fach,0.49,7,56.25,56.25,suboptimal,nonamb
63,original,5,98,führte,NP2-Causality,Thomas,führte,"Lena,",weil,sie,an dieser Stelle,interessiert war,und,Erklärungen,suchte,"Thomas führte Lena, weil sie an dieser Stelle interessiert war und Erklärungen suchte.",ok_prefix_keep_particle_or_punctuation,Thomas,Daniela,Philipp,Lena,NP2,,,guided,AgP,6,475,1.27,-73,NP2,führte,führte,68.41,6,,"Der Kunsthistoriker führte die Touristin, weil sie von Anfang an neugierig war und den Hinweis verlangte.",neugierig,12.44,9,56.25,56.25,suboptimal,nonamb
63,both_male,6,98,führte,NP2-Causality,Thomas,führte,"Philipp,",weil,er,an dieser Stelle,interessiert war,und,Erklärungen,suchte,"Thomas führte Philipp, weil er an dieser Stelle interessiert war und Erklärungen suchte.",ok_prefix_keep_particle_or_punctuation,Thomas,Daniela,Philipp,Lena,NP2,,,guided,AgP,6,475,1.27,-73,NP2,führte,führte,68.41,6,,"Der Kunsthistoriker führte die Touristin, weil sie von Anfang an neugierig war und den Hinweis verlangte.",neugierig,12.44,9,56.25,56.25,suboptimal,nonamb
63,both_female,7,98,führte,NP2-Causality,Daniela,führte,"Lena,",weil,sie,an dieser Stelle,interessiert war,und,Erklärungen,suchte,"Daniela führte Lena, weil sie an dieser Stelle interessiert war und Erklärungen suchte.",ok_prefix_keep_particle_or_punctuation,Thomas,Daniela,Philipp,Lena,NP2,,,guided,AgP,6,475,1.27,-73,NP2,führte,führte,68.41,6,,"Der Kunsthistoriker führte die Touristin, weil sie von Anfang an neugierig war und den Hinweis verlangte.",neugierig,12.44,9,56.25,56.25,suboptimal,nonamb
63,swapped,8,98,führte,NP2-Causality,Daniela,führte,"Philipp,",weil,er,an dieser Stelle,interessiert war,und,Erklärungen,suchte,"Daniela führte Philipp, weil er an dieser Stelle interessiert war und Erklärungen suchte.",ok_prefix_keep_particle_or_punctuation,Thomas,Daniela,Philipp,Lena,NP2,,,guided,AgP,6,475,1.27,-73,NP2,führte,führte,68.41,6,,"Der Kunsthistoriker führte die Touristin, weil sie von Anfang an neugierig war und den Hinweis verlangte.",neugierig,12.44,9,56.25,56.25,suboptimal,nonamb
128,original,1,99,kränkte,NP1-Causality,Uwe,kränkte,"Johanna,",weil ,er,bis zum Ende,neidisch war,und,den Erfolg ,missgönnte,"Uwe kränkte Johanna, weil er bis zum Ende neidisch war und den Erfolg missgönnte.",ok_prefix_keep_particle_or_punctuation,Uwe,Linda,Martin,Johanna,neutral,,,insulted,StimExp,8,20,-1.91,6,neutral,kränkte,kränkte,0.11,7,,"Der Politiker kränkte die Parteigenossin, weil er bis zum Ende neidisch war und den Erfolg missgönnte.",neidisch,2.65,8,87.5,87.5,optimal,nonamb
128,both_male,2,99,kränkte,NP1-Causality,Uwe,kränkte,"Martin,",weil ,er,bis zum Ende,neidisch war,und,den Erfolg ,missgönnte,"Uwe kränkte Martin, weil er bis zum Ende neidisch war und den Erfolg missgönnte.",ok_prefix_keep_particle_or_punctuation,Uwe,Linda,Martin,Johanna,neutral,,,insulted,StimExp,8,20,-1.91,6,neutral,kränkte,kränkte,0.11,7,,"Der Politiker kränkte die Parteigenossin, weil er bis zum Ende neidisch war und den Erfolg missgönnte.",neidisch,2.65,8,87.5,87.5,optimal,nonamb
128,both_female,3,99,kränkte,NP1-Causality,Linda,kränkte,"Johanna,",weil ,sie,bis zum Ende,neidisch war,und,den Erfolg ,missgönnte,"Linda kränkte Johanna, weil sie bis zum Ende neidisch war und den Erfolg missgönnte.",ok_prefix_keep_particle_or_punctuation,Uwe,Linda,Martin,Johanna,neutral,,,insulted,StimExp,8,20,-1.91,6,neutral,kränkte,kränkte,0.11,7,,"Der Politiker kränkte die Parteigenossin, weil er bis zum Ende neidisch war und den Erfolg missgönnte.",neidisch,2.65,8,87.5,87.5,optimal,nonamb
128,swapped,4,99,kränkte,NP1-Causality,Linda,kränkte,"Martin,",weil ,sie,bis zum Ende,neidisch war,und,den Erfolg ,missgönnte,"Linda kränkte Martin, weil sie bis zum Ende neidisch war und den Erfolg missgönnte.",ok_prefix_keep_particle_or_punctuation,Uwe,Linda,Martin,Johanna,neutral,,,insulted,StimExp,8,20,-1.91,6,neutral,kränkte,kränkte,0.11,7,,"Der Politiker kränkte die Parteigenossin, weil er bis zum Ende neidisch war und den Erfolg missgönnte.",neidisch,2.65,8,87.5,87.5,optimal,nonamb
129,original,5,99,kränkte,NP2-Causality,Uwe,kränkte,"Johanna,",weil ,sie,bis zum Ende,überheblich war,und,die Führung,beanspruchte,"Uwe kränkte Johanna, weil sie bis zum Ende überheblich war und die Führung beanspruchte.",ok_prefix_keep_particle_or_punctuation,Uwe,Linda,Martin,Johanna,neutral,,,insulted,StimExp,8,20,-1.91,6,neutral,kränkte,kränkte,0.11,7,,"Der Politiker kränkte die Parteigenossin, weil sie bis zum Ende tatkräftig war und die Führung beanspruchte.",tatkräftig,4.42,10,87.5,87.5,optimal,nonamb
129,both_male,6,99,kränkte,NP2-Causality,Uwe,kränkte,"Martin,",weil ,er,bis zum Ende,überheblich war,und,die Führung,beanspruchte,"Uwe kränkte Martin, weil er bis zum Ende überheblich war und die Führung beanspruchte.",ok_prefix_keep_particle_or_punctuation,Uwe,Linda,Martin,Johanna,neutral,,,insulted,StimExp,8,20,-1.91,6,neutral,kränkte,kränkte,0.11,7,,"Der Politiker kränkte die Parteigenossin, weil sie bis zum Ende tatkräftig war und die Führung beanspruchte.",tatkräftig,4.42,10,87.5,87.5,optimal,nonamb
129,both_female,7,99,kränkte,NP2-Causality,Linda,kränkte,"Johanna,",weil ,sie,bis zum Ende,überheblich war,und,die Führung,beanspruchte,"Linda kränkte Johanna, weil sie bis zum Ende überheblich war und die Führung beanspruchte.",ok_prefix_keep_particle_or_punctuation,Uwe,Linda,Martin,Johanna,neutral,,,insulted,StimExp,8,20,-1.91,6,neutral,kränkte,kränkte,0.11,7,,"Der Politiker kränkte die Parteigenossin, weil sie bis zum Ende tatkräftig war und die Führung beanspruchte.",tatkräftig,4.42,10,87.5,87.5,optimal,nonamb
129,swapped,8,99,kränkte,NP2-Causality,Linda,kränkte,"Martin,",weil ,er,bis zum Ende,überheblich war,und,die Führung,beanspruchte,"Linda kränkte Martin, weil er bis zum Ende überheblich war und die Führung beanspruchte.",ok_prefix_keep_particle_or_punctuation,Uwe,Linda,Martin,Johanna,neutral,,,insulted,StimExp,8,20,-1.91,6,neutral,kränkte,kränkte,0.11,7,,"Der Politiker kränkte die Parteigenossin, weil sie bis zum Ende tatkräftig war und die Führung beanspruchte.",tatkräftig,4.42,10,87.5,87.5,optimal,nonamb
202,original,1,100,log … an,NP1-Causality,Tobias,log,"Jana an,",weil,er,in der Vorlesung,hemmungslos war,und ,Respektlosigkeit,empfand,"Tobias log Jana an, weil er in der Vorlesung hemmungslos war und Respektlosigkeit empfand.",ok_prefix_keep_particle_or_punctuation,Tobias,Sabine,Peter,Jana,NP1,,,lied to,AgP,4,133,-2.45,78,NP1,log … an,anlog,0.03,5,,"Der Student log die Professorin an, weil er am frühen Morgen hemmungslos war und den Respekt verlor.",hemmungslos,2.14,11,75,75,optimal,nonamb
202,both_male,2,100,log … an,NP1-Causality,Tobias,log,"Peter an,",weil,er,in der Vorlesung,hemmungslos war,und ,Respektlosigkeit,empfand,"Tobias log Peter an, weil er in der Vorlesung hemmungslos war und Respektlosigkeit empfand.",ok_prefix_keep_particle_or_punctuation,Tobias,Sabine,Peter,Jana,NP1,,,lied to,AgP,4,133,-2.45,78,NP1,log … an,anlog,0.03,5,,"Der Student log die Professorin an, weil er am frühen Morgen hemmungslos war und den Respekt verlor.",hemmungslos,2.14,11,75,75,optimal,nonamb
202,both_female,3,100,log … an,NP1-Causality,Sabine,log,"Jana an,",weil,sie,in der Vorlesung,hemmungslos war,und ,Respektlosigkeit,empfand,"Sabine log Jana an, weil sie in der Vorlesung hemmungslos war und Respektlosigkeit empfand.",ok_prefix_keep_particle_or_punctuation,Tobias,Sabine,Peter,Jana,NP1,,,lied to,AgP,4,133,-2.45,78,NP1,log … an,anlog,0.03,5,,"Der Student log die Professorin an, weil er am frühen Morgen hemmungslos war und den Respekt verlor.",hemmungslos,2.14,11,75,75,optimal,nonamb
202,swapped,4,100,log … an,NP1-Causality,Sabine,log,"Peter an,",weil,sie,in der Vorlesung,hemmungslos war,und ,Respektlosigkeit,empfand,"Sabine log Peter an, weil sie in der Vorlesung hemmungslos war und Respektlosigkeit empfand.",ok_prefix_keep_particle_or_punctuation,Tobias,Sabine,Peter,Jana,NP1,,,lied to,AgP,4,133,-2.45,78,NP1,log … an,anlog,0.03,5,,"Der Student log die Professorin an, weil er am frühen Morgen hemmungslos war und den Respekt verlor.",hemmungslos,2.14,11,75,75,optimal,nonamb
203,original,5,100,log … an,NP2-Causality,Tobias,log,"Jana an,",weil,sie,in der Vorlesung,unaufmerksam war,und ,Ahnungslosigkeit,dominierte,"Tobias log Jana an, weil sie in der Vorlesung unaufmerksam war und Ahnungslosigkeit dominierte.",ok_prefix_keep_particle_or_punctuation,Tobias,Sabine,Peter,Jana,NP1,,,lied to,AgP,4,133,-2.45,78,NP1,log … an,anlog,0.03,5,,"Der Student log die Professorin an, weil sie am frühen Vormittag ahnungslos war und die Täuschung übersah.",ahnungslos,2.31,10,75,75,optimal,nonamb
203,both_male,6,100,log … an,NP2-Causality,Tobias,log,"Peter an,",weil,er,in der Vorlesung,unaufmerksam war,und ,Ahnungslosigkeit,dominierte,"Tobias log Peter an, weil er in der Vorlesung unaufmerksam war und Ahnungslosigkeit dominierte.",ok_prefix_keep_particle_or_punctuation,Tobias,Sabine,Peter,Jana,NP1,,,lied to,AgP,4,133,-2.45,78,NP1,log … an,anlog,0.03,5,,"Der Student log die Professorin an, weil sie am frühen Vormittag ahnungslos war und die Täuschung übersah.",ahnungslos,2.31,10,75,75,optimal,nonamb
203,both_female,7,100,log … an,NP2-Causality,Sabine,log,"Jana an,",weil,sie,in der Vorlesung,unaufmerksam war,und ,Ahnungslosigkeit,dominierte,"Sabine log Jana an, weil sie in der Vorlesung unaufmerksam war und Ahnungslosigkeit dominierte.",ok_prefix_keep_particle_or_punctuation,Tobias,Sabine,Peter,Jana,NP1,,,lied to,AgP,4,133,-2.45,78,NP1,log … an,anlog,0.03,5,,"Der Student log die Professorin an, weil sie am frühen Vormittag ahnungslos war und die Täuschung übersah.",ahnungslos,2.31,10,75,75,optimal,nonamb
203,swapped,8,100,log … an,NP2-Causality,Sabine,log,"Peter an,",weil,er,in der Vorlesung,unaufmerksam war,und ,Ahnungslosigkeit,dominierte,"Sabine log Peter an, weil er in der Vorlesung unaufmerksam war und Ahnungslosigkeit dominierte.",ok_prefix_keep_particle_or_punctuation,Tobias,Sabine,Peter,Jana,NP1,,,lied to,AgP,4,133,-2.45,78,NP1,log … an,anlog,0.03,5,,"Der Student log die Professorin an, weil sie am frühen Vormittag ahnungslos war und die Täuschung übersah.",ahnungslos,2.31,10,75,75,optimal,nonamb
42,original,1,101,bestrafte,NP1-Causality,Klaus,bestrafte,"Laura,",weil,er,an dem Abend,sittenstreng war,und,die Regeln,durchsetzte,"Klaus bestrafte Laura, weil er an dem Abend sittenstreng war und die Regeln durchsetzte.",ok_prefix_keep_particle_or_punctuation,Klaus,Lisa,Johannes,Laura,NP2,,,penalized,AgEvo,9,3,-2,-77,NP2,bestrafte,bestrafte,0.47,9,,"Der Abt bestrafte die Nonne, weil er am späten Nachmittag sittenstreng war und die Ordnung durchsetzte.",sittenstreng,0.08,12,75,75,optimal,nonamb
42,both_male,2,101,bestrafte,NP1-Causality,Klaus,bestrafte,"Johannes,",weil,er,an dem Abend,sittenstreng war,und,die Regeln,durchsetzte,"Klaus bestrafte Johannes, weil er an dem Abend sittenstreng war und die Regeln durchsetzte.",ok_prefix_keep_particle_or_punctuation,Klaus,Lisa,Johannes,Laura,NP2,,,penalized,AgEvo,9,3,-2,-77,NP2,bestrafte,bestrafte,0.47,9,,"Der Abt bestrafte die Nonne, weil er am späten Nachmittag sittenstreng war und die Ordnung durchsetzte.",sittenstreng,0.08,12,75,75,optimal,nonamb
42,both_female,3,101,bestrafte,NP1-Causality,Lisa,bestrafte,"Laura,",weil,sie,an dem Abend,sittenstreng war,und,die Regeln,durchsetzte,"Lisa bestrafte Laura, weil sie an dem Abend sittenstreng war und die Regeln durchsetzte.",ok_prefix_keep_particle_or_punctuation,Klaus,Lisa,Johannes,Laura,NP2,,,penalized,AgEvo,9,3,-2,-77,NP2,bestrafte,bestrafte,0.47,9,,"Der Abt bestrafte die Nonne, weil er am späten Nachmittag sittenstreng war und die Ordnung durchsetzte.",sittenstreng,0.08,12,75,75,optimal,nonamb
42,swapped,4,101,bestrafte,NP1-Causality,Lisa,bestrafte,"Johannes,",weil,sie,an dem Abend,sittenstreng war,und,die Regeln,durchsetzte,"Lisa bestrafte Johannes, weil sie an dem Abend sittenstreng war und die Regeln durchsetzte.",ok_prefix_keep_particle_or_punctuation,Klaus,Lisa,Johannes,Laura,NP2,,,penalized,AgEvo,9,3,-2,-77,NP2,bestrafte,bestrafte,0.47,9,,"Der Abt bestrafte die Nonne, weil er am späten Nachmittag sittenstreng war und die Ordnung durchsetzte.",sittenstreng,0.08,12,75,75,optimal,nonamb
43,original,5,101,bestrafte,NP2-Causality,Klaus,bestrafte,"Laura,",weil,sie,an dem Abend,unkeusch war,und,die Regeln,verletzte,"Klaus bestrafte Laura, weil sie an dem Abend unkeusch war und die Regeln verletzte.",ok_prefix_keep_particle_or_punctuation,Klaus,Lisa,Johannes,Laura,NP2,,,penalized,AgEvo,9,3,-2,-77,NP2,bestrafte,bestrafte,0.47,9,,"Der Abt bestrafte die Nonne, weil sie am späten Nachmittag unkeusch war und die Regeln verletzte.",unkeusch,0.12,8,75,75,optimal,nonamb
43,both_male,6,101,bestrafte,NP2-Causality,Klaus,bestrafte,"Johannes,",weil,er,an dem Abend,unkeusch war,und,die Regeln,verletzte,"Klaus bestrafte Johannes, weil er an dem Abend unkeusch war und die Regeln verletzte.",ok_prefix_keep_particle_or_punctuation,Klaus,Lisa,Johannes,Laura,NP2,,,penalized,AgEvo,9,3,-2,-77,NP2,bestrafte,bestrafte,0.47,9,,"Der Abt bestrafte die Nonne, weil sie am späten Nachmittag unkeusch war und die Regeln verletzte.",unkeusch,0.12,8,75,75,optimal,nonamb
43,both_female,7,101,bestrafte,NP2-Causality,Lisa,bestrafte,"Laura,",weil,sie,an dem Abend,unkeusch war,und,die Regeln,verletzte,"Lisa bestrafte Laura, weil sie an dem Abend unkeusch war und die Regeln verletzte.",ok_prefix_keep_particle_or_punctuation,Klaus,Lisa,Johannes,Laura,NP2,,,penalized,AgEvo,9,3,-2,-77,NP2,bestrafte,bestrafte,0.47,9,,"Der Abt bestrafte die Nonne, weil sie am späten Nachmittag unkeusch war und die Regeln verletzte.",unkeusch,0.12,8,75,75,optimal,nonamb
43,swapped,8,101,bestrafte,NP2-Causality,Lisa,bestrafte,"Johannes,",weil,er,an dem Abend,unkeusch war,und,die Regeln,verletzte,"Lisa bestrafte Johannes, weil er an dem Abend unkeusch war und die Regeln verletzte.",ok_prefix_keep_particle_or_punctuation,Klaus,Lisa,Johannes,Laura,NP2,,,penalized,AgEvo,9,3,-2,-77,NP2,bestrafte,bestrafte,0.47,9,,"Der Abt bestrafte die Nonne, weil sie am späten Nachmittag unkeusch war und die Regeln verletzte.",unkeusch,0.12,8,75,75,optimal,nonamb
80,original,1,102,spielte,NP1-Causality,Michael,spielte,"mit Daniela,",weil,er,bei den Partien,überrascht wurde,und,die Züge,analysierte,"Michael spielte mit Daniela, weil er bei den Partien überrascht wurde und die Züge analysierte.",ok_contains_exact_np,Michael,Maria,Wolfgang,Daniela,neutral,,,played with,AgP,6,0,1.27,-13,neutral,spielte,spielte,25.51,7,,"Der Schachspieler spielte mit der Gegnerin, weil er von Anfang an überrascht war und die Züge analysierte.",überrascht,21.94,10,81.25,81.25,optimal,nonamb
80,both_male,2,102,spielte,NP1-Causality,Michael,spielte,"mit Wolfgang,",weil,er,bei den Partien,überrascht wurde,und,die Züge,analysierte,"Michael spielte mit Wolfgang, weil er bei den Partien überrascht wurde und die Züge analysierte.",ok_contains_exact_np,Michael,Maria,Wolfgang,Daniela,neutral,,,played with,AgP,6,0,1.27,-13,neutral,spielte,spielte,25.51,7,,"Der Schachspieler spielte mit der Gegnerin, weil er von Anfang an überrascht war und die Züge analysierte.",überrascht,21.94,10,81.25,81.25,optimal,nonamb
80,both_female,3,102,spielte,NP1-Causality,Maria,spielte,"mit Daniela,",weil,sie,bei den Partien,überrascht wurde,und,die Züge,analysierte,"Maria spielte mit Daniela, weil sie bei den Partien überrascht wurde und die Züge analysierte.",ok_contains_exact_np,Michael,Maria,Wolfgang,Daniela,neutral,,,played with,AgP,6,0,1.27,-13,neutral,spielte,spielte,25.51,7,,"Der Schachspieler spielte mit der Gegnerin, weil er von Anfang an überrascht war und die Züge analysierte.",überrascht,21.94,10,81.25,81.25,optimal,nonamb
80,swapped,4,102,spielte,NP1-Causality,Maria,spielte,"mit Wolfgang,",weil,sie,bei den Partien,überrascht wurde,und,die Züge,analysierte,"Maria spielte mit Wolfgang, weil sie bei den Partien überrascht wurde und die Züge analysierte.",ok_contains_exact_np,Michael,Maria,Wolfgang,Daniela,neutral,,,played with,AgP,6,0,1.27,-13,neutral,spielte,spielte,25.51,7,,"Der Schachspieler spielte mit der Gegnerin, weil er von Anfang an überrascht war und die Züge analysierte.",überrascht,21.94,10,81.25,81.25,optimal,nonamb
81,original,5,102,spielte,NP2-Causality,Michael,spielte,"mit Daniela,",weil,sie,bei den Partien,durchdacht spielte,und,die Strategie,prägte,"Michael spielte mit Daniela, weil sie bei den Partien durchdacht spielte und die Strategie prägte.",ok_contains_exact_np,Michael,Maria,Wolfgang,Daniela,neutral,,,played with,AgP,6,0,1.27,-13,neutral,spielte,spielte,25.51,7,,"Der Schachspieler spielte mit der Gegnerin, weil sie von Anfang an bemerkenswert war und die Strategie prägte.",bemerkenswert,18.77,13,81.25,81.25,optimal,nonamb
81,both_male,6,102,spielte,NP2-Causality,Michael,spielte,"mit Wolfgang,",weil,er,bei den Partien,durchdacht spielte,und,die Strategie,prägte,"Michael spielte mit Wolfgang, weil er bei den Partien durchdacht spielte und die Strategie prägte.",ok_contains_exact_np,Michael,Maria,Wolfgang,Daniela,neutral,,,played with,AgP,6,0,1.27,-13,neutral,spielte,spielte,25.51,7,,"Der Schachspieler spielte mit der Gegnerin, weil sie von Anfang an bemerkenswert war und die Strategie prägte.",bemerkenswert,18.77,13,81.25,81.25,optimal,nonamb
81,both_female,7,102,spielte,NP2-Causality,Maria,spielte,"mit Daniela,",weil,sie,bei den Partien,durchdacht spielte,und,die Strategie,prägte,"Maria spielte mit Daniela, weil sie bei den Partien durchdacht spielte und die Strategie prägte.",ok_contains_exact_np,Michael,Maria,Wolfgang,Daniela,neutral,,,played with,AgP,6,0,1.27,-13,neutral,spielte,spielte,25.51,7,,"Der Schachspieler spielte mit der Gegnerin, weil sie von Anfang an bemerkenswert war und die Strategie prägte.",bemerkenswert,18.77,13,81.25,81.25,optimal,nonamb
81,swapped,8,102,spielte,NP2-Causality,Maria,spielte,"mit Wolfgang,",weil,er,bei den Partien,durchdacht spielte,und,die Strategie,prägte,"Maria spielte mit Wolfgang, weil er bei den Partien durchdacht spielte und die Strategie prägte.",ok_contains_exact_np,Michael,Maria,Wolfgang,Daniela,neutral,,,played with,AgP,6,0,1.27,-13,neutral,spielte,spielte,25.51,7,,"Der Schachspieler spielte mit der Gegnerin, weil sie von Anfang an bemerkenswert war und die Strategie prägte.",bemerkenswert,18.77,13,81.25,81.25,optimal,nonamb
160,original,1,103,zermürbte,NP1-Causality,Jürgen,zermürbte,"Birgit,",weil,er,seit langer Zeit,peinigend war,und,Angst,schürte,"Jürgen zermürbte Birgit, weil er seit langer Zeit peinigend war und Angst schürte.",ok_prefix_keep_particle_or_punctuation,Jürgen,Petra,Hans,Birgit,NP1,,,unnerved,StimExp,8,14,-0.82,70,NP1,zermürbte,zermürbte,0.05,9,,"Der Aufseher zermürbte die Gefangene, weil er seit langer Zeit  peinigend war und die Angst schürte.",peinigend,0.15,9,18.75,18.75,suboptimal,nonamb
160,both_male,2,103,zermürbte,NP1-Causality,Jürgen,zermürbte,"Hans,",weil,er,seit langer Zeit,peinigend war,und,Angst,schürte,"Jürgen zermürbte Hans, weil er seit langer Zeit peinigend war und Angst schürte.",ok_prefix_keep_particle_or_punctuation,Jürgen,Petra,Hans,Birgit,NP1,,,unnerved,StimExp,8,14,-0.82,70,NP1,zermürbte,zermürbte,0.05,9,,"Der Aufseher zermürbte die Gefangene, weil er seit langer Zeit  peinigend war und die Angst schürte.",peinigend,0.15,9,18.75,18.75,suboptimal,nonamb
160,both_female,3,103,zermürbte,NP1-Causality,Petra,zermürbte,"Birgit,",weil,sie,seit langer Zeit,peinigend war,und,Angst,schürte,"Petra zermürbte Birgit, weil sie seit langer Zeit peinigend war und Angst schürte.",ok_prefix_keep_particle_or_punctuation,Jürgen,Petra,Hans,Birgit,NP1,,,unnerved,StimExp,8,14,-0.82,70,NP1,zermürbte,zermürbte,0.05,9,,"Der Aufseher zermürbte die Gefangene, weil er seit langer Zeit  peinigend war und die Angst schürte.",peinigend,0.15,9,18.75,18.75,suboptimal,nonamb
160,swapped,4,103,zermürbte,NP1-Causality,Petra,zermürbte,"Hans,",weil,sie,seit langer Zeit,peinigend war,und,Angst,schürte,"Petra zermürbte Hans, weil sie seit langer Zeit peinigend war und Angst schürte.",ok_prefix_keep_particle_or_punctuation,Jürgen,Petra,Hans,Birgit,NP1,,,unnerved,StimExp,8,14,-0.82,70,NP1,zermürbte,zermürbte,0.05,9,,"Der Aufseher zermürbte die Gefangene, weil er seit langer Zeit  peinigend war und die Angst schürte.",peinigend,0.15,9,18.75,18.75,suboptimal,nonamb
161,original,5,103,zermürbte,NP2-Causality,Jürgen,zermürbte,"Birgit,",weil,sie,seit langer Zeit,kränklich war,und,den Mut,verlor,"Jürgen zermürbte Birgit, weil sie seit langer Zeit kränklich war und den Mut verlor.",ok_prefix_keep_particle_or_punctuation,Jürgen,Petra,Hans,Birgit,NP1,,,unnerved,StimExp,8,14,-0.82,70,NP1,zermürbte,zermürbte,0.05,9,,"Der Aufseher zermürbte die Gefangene, weil sie seit langer Zeit geschwächt war und den Mut verlor.",geschwächt,6.81,10,18.75,18.75,suboptimal,nonamb
161,both_male,6,103,zermürbte,NP2-Causality,Jürgen,zermürbte,"Hans,",weil,er,seit langer Zeit,kränklich war,und,den Mut,verlor,"Jürgen zermürbte Hans, weil er seit langer Zeit kränklich war und den Mut verlor.",ok_prefix_keep_particle_or_punctuation,Jürgen,Petra,Hans,Birgit,NP1,,,unnerved,StimExp,8,14,-0.82,70,NP1,zermürbte,zermürbte,0.05,9,,"Der Aufseher zermürbte die Gefangene, weil sie seit langer Zeit geschwächt war und den Mut verlor.",geschwächt,6.81,10,18.75,18.75,suboptimal,nonamb
161,both_female,7,103,zermürbte,NP2-Causality,Petra,zermürbte,"Birgit,",weil,sie,seit langer Zeit,kränklich war,und,den Mut,verlor,"Petra zermürbte Birgit, weil sie seit langer Zeit kränklich war und den Mut verlor.",ok_prefix_keep_particle_or_punctuation,Jürgen,Petra,Hans,Birgit,NP1,,,unnerved,StimExp,8,14,-0.82,70,NP1,zermürbte,zermürbte,0.05,9,,"Der Aufseher zermürbte die Gefangene, weil sie seit langer Zeit geschwächt war und den Mut verlor.",geschwächt,6.81,10,18.75,18.75,suboptimal,nonamb
161,swapped,8,103,zermürbte,NP2-Causality,Petra,zermürbte,"Hans,",weil,er,seit langer Zeit,kränklich war,und,den Mut,verlor,"Petra zermürbte Hans, weil er seit langer Zeit kränklich war und den Mut verlor.",ok_prefix_keep_particle_or_punctuation,Jürgen,Petra,Hans,Birgit,NP1,,,unnerved,StimExp,8,14,-0.82,70,NP1,zermürbte,zermürbte,0.05,9,,"Der Aufseher zermürbte die Gefangene, weil sie seit langer Zeit geschwächt war und den Mut verlor.",geschwächt,6.81,10,18.75,18.75,suboptimal,nonamb
68,original,1,104,versohlte,NP1-Causality,David,versohlte,"Katharina,",weil,er,immer wieder,autoritär war,und,Macht,ausnutzte,"David versohlte Katharina, weil er immer wieder autoritär war und Macht ausnutzte.",ok_prefix_keep_particle_or_punctuation,David,Nicole,Thomas,Katharina,NP2,,,spanked,AgP,7,6,-1.64,-72,NP2,versohlte,versohlte,0.01,9,,"Der Jugendbetreuer versohlte das Mädchen, weil er in dem Moment überlegen war und die Autorität nutzte.",überlegen,40.21,9,31.25,31.25,suboptimal,nonamb
68,both_male,2,104,versohlte,NP1-Causality,David,versohlte,"Thomas,",weil,er,immer wieder,autoritär war,und,Macht,ausnutzte,"David versohlte Thomas, weil er immer wieder autoritär war und Macht ausnutzte.",ok_prefix_keep_particle_or_punctuation,David,Nicole,Thomas,Katharina,NP2,,,spanked,AgP,7,6,-1.64,-72,NP2,versohlte,versohlte,0.01,9,,"Der Jugendbetreuer versohlte das Mädchen, weil er in dem Moment überlegen war und die Autorität nutzte.",überlegen,40.21,9,31.25,31.25,suboptimal,nonamb
68,both_female,3,104,versohlte,NP1-Causality,Nicole,versohlte,"Katharina,",weil,sie,immer wieder,autoritär war,und,Macht,ausnutzte,"Nicole versohlte Katharina, weil sie immer wieder autoritär war und Macht ausnutzte.",ok_prefix_keep_particle_or_punctuation,David,Nicole,Thomas,Katharina,NP2,,,spanked,AgP,7,6,-1.64,-72,NP2,versohlte,versohlte,0.01,9,,"Der Jugendbetreuer versohlte das Mädchen, weil er in dem Moment überlegen war und die Autorität nutzte.",überlegen,40.21,9,31.25,31.25,suboptimal,nonamb
68,swapped,4,104,versohlte,NP1-Causality,Nicole,versohlte,"Thomas,",weil,sie,immer wieder,autoritär war,und,Macht,ausnutzte,"Nicole versohlte Thomas, weil sie immer wieder autoritär war und Macht ausnutzte.",ok_prefix_keep_particle_or_punctuation,David,Nicole,Thomas,Katharina,NP2,,,spanked,AgP,7,6,-1.64,-72,NP2,versohlte,versohlte,0.01,9,,"Der Jugendbetreuer versohlte das Mädchen, weil er in dem Moment überlegen war und die Autorität nutzte.",überlegen,40.21,9,31.25,31.25,suboptimal,nonamb
69,original,5,104,versohlte,NP2-Causality,David,versohlte,"Katharina,",weil,sie,immer wieder,ungezogen war,und,die Regeln,missachtete,"David versohlte Katharina, weil sie immer wieder ungezogen war und die Regeln missachtete.",ok_prefix_keep_particle_or_punctuation,David,Nicole,Thomas,Katharina,NP2,,,spanked,AgP,7,6,-1.64,-72,NP2,versohlte,versohlte,0.01,9,,"Der Jugendbetreuer versohlte das Mädchen, weil sie in dem Moment ungezogen war und die Regel missachtete.",ungezogen,0.32,9,31.25,31.25,suboptimal,nonamb
69,both_male,6,104,versohlte,NP2-Causality,David,versohlte,"Thomas,",weil,er,immer wieder,ungezogen war,und,die Regeln,missachtete,"David versohlte Thomas, weil er immer wieder ungezogen war und die Regeln missachtete.",ok_prefix_keep_particle_or_punctuation,David,Nicole,Thomas,Katharina,NP2,,,spanked,AgP,7,6,-1.64,-72,NP2,versohlte,versohlte,0.01,9,,"Der Jugendbetreuer versohlte das Mädchen, weil sie in dem Moment ungezogen war und die Regel missachtete.",ungezogen,0.32,9,31.25,31.25,suboptimal,nonamb
69,both_female,7,104,versohlte,NP2-Causality,Nicole,versohlte,"Katharina,",weil,sie,immer wieder,ungezogen war,und,die Regeln,missachtete,"Nicole versohlte Katharina, weil sie immer wieder ungezogen war und die Regeln missachtete.",ok_prefix_keep_particle_or_punctuation,David,Nicole,Thomas,Katharina,NP2,,,spanked,AgP,7,6,-1.64,-72,NP2,versohlte,versohlte,0.01,9,,"Der Jugendbetreuer versohlte das Mädchen, weil sie in dem Moment ungezogen war und die Regel missachtete.",ungezogen,0.32,9,31.25,31.25,suboptimal,nonamb
69,swapped,8,104,versohlte,NP2-Causality,Nicole,versohlte,"Thomas,",weil,er,immer wieder,ungezogen war,und,die Regeln,missachtete,"Nicole versohlte Thomas, weil er immer wieder ungezogen war und die Regeln missachtete.",ok_prefix_keep_particle_or_punctuation,David,Nicole,Thomas,Katharina,NP2,,,spanked,AgP,7,6,-1.64,-72,NP2,versohlte,versohlte,0.01,9,,"Der Jugendbetreuer versohlte das Mädchen, weil sie in dem Moment ungezogen war und die Regel missachtete.",ungezogen,0.32,9,31.25,31.25,suboptimal,nonamb
94,original,1,105,traf,NP1-Causality,Alexander,traf,"Anna,",weil,er,in dem Moment,angespannt war,und ,das Gleichgewicht,verlor,"Alexander traf Anna, weil er in dem Moment angespannt war und das Gleichgewicht verlor.",ok_prefix_keep_particle_or_punctuation,Alexander,Renate,Philipp,Anna,neutral,,,struck,AgP,6,202,-1.45,-8,neutral,traf,traf,22.69,4,,"Der Rugbyspieler traf die Schiedsrichterin, weil er in dem Moment weggedrängt war und die Balance verlor.",weggedrängt,0.04,11,37.5,37.5,suboptimal,nonamb
94,both_male,2,105,traf,NP1-Causality,Alexander,traf,"Philipp,",weil,er,in dem Moment,angespannt war,und ,das Gleichgewicht,verlor,"Alexander traf Philipp, weil er in dem Moment angespannt war und das Gleichgewicht verlor.",ok_prefix_keep_particle_or_punctuation,Alexander,Renate,Philipp,Anna,neutral,,,struck,AgP,6,202,-1.45,-8,neutral,traf,traf,22.69,4,,"Der Rugbyspieler traf die Schiedsrichterin, weil er in dem Moment weggedrängt war und die Balance verlor.",weggedrängt,0.04,11,37.5,37.5,suboptimal,nonamb
94,both_female,3,105,traf,NP1-Causality,Renate,traf,"Anna,",weil,sie,in dem Moment,angespannt war,und ,das Gleichgewicht,verlor,"Renate traf Anna, weil sie in dem Moment angespannt war und das Gleichgewicht verlor.",ok_prefix_keep_particle_or_punctuation,Alexander,Renate,Philipp,Anna,neutral,,,struck,AgP,6,202,-1.45,-8,neutral,traf,traf,22.69,4,,"Der Rugbyspieler traf die Schiedsrichterin, weil er in dem Moment weggedrängt war und die Balance verlor.",weggedrängt,0.04,11,37.5,37.5,suboptimal,nonamb
94,swapped,4,105,traf,NP1-Causality,Renate,traf,"Philipp,",weil,sie,in dem Moment,angespannt war,und ,das Gleichgewicht,verlor,"Renate traf Philipp, weil sie in dem Moment angespannt war und das Gleichgewicht verlor.",ok_prefix_keep_particle_or_punctuation,Alexander,Renate,Philipp,Anna,neutral,,,struck,AgP,6,202,-1.45,-8,neutral,traf,traf,22.69,4,,"Der Rugbyspieler traf die Schiedsrichterin, weil er in dem Moment weggedrängt war und die Balance verlor.",weggedrängt,0.04,11,37.5,37.5,suboptimal,nonamb
95,original,5,105,traf,NP2-Causality,Alexander,traf,"Anna,",weil,sie,in dem Moment,abgelenkt war,und ,den Wurf,übersah,"Alexander traf Anna, weil sie in dem Moment abgelenkt war und den Wurf übersah.",ok_prefix_keep_particle_or_punctuation,Alexander,Renate,Philipp,Anna,neutral,,,struck,AgP,6,202,-1.45,-8,neutral,traf,traf,22.69,4,,"Der Rugbyspieler traf die Schiedsrichterin, weil sie in dem Moment hinderlich war und die Kollision passierte.",im Weg,18.89,5,37.5,37.5,suboptimal,nonamb
95,both_male,6,105,traf,NP2-Causality,Alexander,traf,"Philipp,",weil,er,in dem Moment,abgelenkt war,und ,den Wurf,übersah,"Alexander traf Philipp, weil er in dem Moment abgelenkt war und den Wurf übersah.",ok_prefix_keep_particle_or_punctuation,Alexander,Renate,Philipp,Anna,neutral,,,struck,AgP,6,202,-1.45,-8,neutral,traf,traf,22.69,4,,"Der Rugbyspieler traf die Schiedsrichterin, weil sie in dem Moment hinderlich war und die Kollision passierte.",im Weg,18.89,5,37.5,37.5,suboptimal,nonamb
95,both_female,7,105,traf,NP2-Causality,Renate,traf,"Anna,",weil,sie,in dem Moment,abgelenkt war,und ,den Wurf,übersah,"Renate traf Anna, weil sie in dem Moment abgelenkt war und den Wurf übersah.",ok_prefix_keep_particle_or_punctuation,Alexander,Renate,Philipp,Anna,neutral,,,struck,AgP,6,202,-1.45,-8,neutral,traf,traf,22.69,4,,"Der Rugbyspieler traf die Schiedsrichterin, weil sie in dem Moment hinderlich war und die Kollision passierte.",im Weg,18.89,5,37.5,37.5,suboptimal,nonamb
95,swapped,8,105,traf,NP2-Causality,Renate,traf,"Philipp,",weil,er,in dem Moment,abgelenkt war,und ,den Wurf,übersah,"Renate traf Philipp, weil er in dem Moment abgelenkt war und den Wurf übersah.",ok_prefix_keep_particle_or_punctuation,Alexander,Renate,Philipp,Anna,neutral,,,struck,AgP,6,202,-1.45,-8,neutral,traf,traf,22.69,4,,"Der Rugbyspieler traf die Schiedsrichterin, weil sie in dem Moment hinderlich war und die Kollision passierte.",im Weg,18.89,5,37.5,37.5,suboptimal,nonamb
232,original,1,106,entschuldigte sich bei,NP1-Causality,Andreas,entschuldigte sich,"bei Eva,",weil,er,in dem Moment,schuldbewusst war,und,Reue,empfand,"Andreas entschuldigte sich bei Eva, weil er in dem Moment schuldbewusst war und Reue empfand.",ok_article_noun_match_keep_context_der,Andreas,Barbara,Florian,Eva,NP1,,,apologized to,AgEvo,10,57,0,93,NP1,entschuldigte sich bei,entschuldigte,1.24,13,,"Der Chef entschuldigte sich bei der Mitarbeiterin, weil er von Anfang an schuldbewusst war und die Reue zeigte.",schuldbewusst,0.12,13,37.5,37.5,suboptimal,nonamb
232,both_male,2,106,entschuldigte sich bei,NP1-Causality,Andreas,entschuldigte sich,"bei Florian,",weil,er,in dem Moment,schuldbewusst war,und,Reue,empfand,"Andreas entschuldigte sich bei Florian, weil er in dem Moment schuldbewusst war und Reue empfand.",ok_article_noun_match_keep_context_der,Andreas,Barbara,Florian,Eva,NP1,,,apologized to,AgEvo,10,57,0,93,NP1,entschuldigte sich bei,entschuldigte,1.24,13,,"Der Chef entschuldigte sich bei der Mitarbeiterin, weil er von Anfang an schuldbewusst war und die Reue zeigte.",schuldbewusst,0.12,13,37.5,37.5,suboptimal,nonamb
232,both_female,3,106,entschuldigte sich bei,NP1-Causality,Barbara,entschuldigte sich,"bei Eva,",weil,sie,in dem Moment,schuldbewusst war,und,Reue,empfand,"Barbara entschuldigte sich bei Eva, weil sie in dem Moment schuldbewusst war und Reue empfand.",ok_article_noun_match_keep_context_der,Andreas,Barbara,Florian,Eva,NP1,,,apologized to,AgEvo,10,57,0,93,NP1,entschuldigte sich bei,entschuldigte,1.24,13,,"Der Chef entschuldigte sich bei der Mitarbeiterin, weil er von Anfang an schuldbewusst war und die Reue zeigte.",schuldbewusst,0.12,13,37.5,37.5,suboptimal,nonamb
232,swapped,4,106,entschuldigte sich bei,NP1-Causality,Barbara,entschuldigte sich,"bei Florian,",weil,sie,in dem Moment,schuldbewusst war,und,Reue,empfand,"Barbara entschuldigte sich bei Florian, weil sie in dem Moment schuldbewusst war und Reue empfand.",ok_article_noun_match_keep_context_der,Andreas,Barbara,Florian,Eva,NP1,,,apologized to,AgEvo,10,57,0,93,NP1,entschuldigte sich bei,entschuldigte,1.24,13,,"Der Chef entschuldigte sich bei der Mitarbeiterin, weil er von Anfang an schuldbewusst war und die Reue zeigte.",schuldbewusst,0.12,13,37.5,37.5,suboptimal,nonamb
233,original,5,106,entschuldigte sich bei,NP2-Causality,Andreas,entschuldigte sich,"bei Eva,",weil,sie,in dem Moment,verletzt war,und,Kränkung,zeigte,"Andreas entschuldigte sich bei Eva, weil sie in dem Moment verletzt war und Kränkung zeigte.",ok_article_noun_match_keep_context_der,Andreas,Barbara,Florian,Eva,NP1,,,apologized to,AgEvo,10,57,0,93,NP1,entschuldigte sich bei,entschuldigte,1.24,13,,"Der Chef entschuldigte sich bei der Mitarbeiterin, weil sie von Anfang an verletzt war und das Zittern spürte.",verletzt,50.64,8,37.5,37.5,suboptimal,nonamb
233,both_male,6,106,entschuldigte sich bei,NP2-Causality,Andreas,entschuldigte sich,"bei Florian,",weil,er,in dem Moment,verletzt war,und,Kränkung,zeigte,"Andreas entschuldigte sich bei Florian, weil er in dem Moment verletzt war und Kränkung zeigte.",ok_article_noun_match_keep_context_der,Andreas,Barbara,Florian,Eva,NP1,,,apologized to,AgEvo,10,57,0,93,NP1,entschuldigte sich bei,entschuldigte,1.24,13,,"Der Chef entschuldigte sich bei der Mitarbeiterin, weil sie von Anfang an verletzt war und das Zittern spürte.",verletzt,50.64,8,37.5,37.5,suboptimal,nonamb
233,both_female,7,106,entschuldigte sich bei,NP2-Causality,Barbara,entschuldigte sich,"bei Eva,",weil,sie,in dem Moment,verletzt war,und,Kränkung,zeigte,"Barbara entschuldigte sich bei Eva, weil sie in dem Moment verletzt war und Kränkung zeigte.",ok_article_noun_match_keep_context_der,Andreas,Barbara,Florian,Eva,NP1,,,apologized to,AgEvo,10,57,0,93,NP1,entschuldigte sich bei,entschuldigte,1.24,13,,"Der Chef entschuldigte sich bei der Mitarbeiterin, weil sie von Anfang an verletzt war und das Zittern spürte.",verletzt,50.64,8,37.5,37.5,suboptimal,nonamb
233,swapped,8,106,entschuldigte sich bei,NP2-Causality,Barbara,entschuldigte sich,"bei Florian,",weil,er,in dem Moment,verletzt war,und,Kränkung,zeigte,"Barbara entschuldigte sich bei Florian, weil er in dem Moment verletzt war und Kränkung zeigte.",ok_article_noun_match_keep_context_der,Andreas,Barbara,Florian,Eva,NP1,,,apologized to,AgEvo,10,57,0,93,NP1,entschuldigte sich bei,entschuldigte,1.24,13,,"Der Chef entschuldigte sich bei der Mitarbeiterin, weil sie von Anfang an verletzt war und das Zittern spürte.",verletzt,50.64,8,37.5,37.5,suboptimal,nonamb
14,original,1,107,trug,NP1-Causality,Sebastian,trug,"Lena,",weil,er,nachmittags,energetisch war,und,die Zeit,drängte,"Sebastian trug Lena, weil er nachmittags energetisch war und die Zeit drängte.",ok_prefix_keep_particle_or_punctuation,Sebastian,Susanne,Christian,Lena,NP2,,,carried,AgP,7,0,0.09,-92,NP2,trug,trug,22.4,4,,"Der Sohn trug die Mutter, weil er am späten Abend kräftig war und den Weg weiterging.",kräftig,31.54,7,68.75,68.75,optimal,nonamb
14,both_male,2,107,trug,NP1-Causality,Sebastian,trug,"Christian,",weil,er,nachmittags,energetisch war,und,die Zeit,drängte,"Sebastian trug Christian, weil er nachmittags energetisch war und die Zeit drängte.",ok_prefix_keep_particle_or_punctuation,Sebastian,Susanne,Christian,Lena,NP2,,,carried,AgP,7,0,0.09,-92,NP2,trug,trug,22.4,4,,"Der Sohn trug die Mutter, weil er am späten Abend kräftig war und den Weg weiterging.",kräftig,31.54,7,68.75,68.75,optimal,nonamb
14,both_female,3,107,trug,NP1-Causality,Susanne,trug,"Lena,",weil,sie,nachmittags,energetisch war,und,die Zeit,drängte,"Susanne trug Lena, weil sie nachmittags energetisch war und die Zeit drängte.",ok_prefix_keep_particle_or_punctuation,Sebastian,Susanne,Christian,Lena,NP2,,,carried,AgP,7,0,0.09,-92,NP2,trug,trug,22.4,4,,"Der Sohn trug die Mutter, weil er am späten Abend kräftig war und den Weg weiterging.",kräftig,31.54,7,68.75,68.75,optimal,nonamb
14,swapped,4,107,trug,NP1-Causality,Susanne,trug,"Christian,",weil,sie,nachmittags,energetisch war,und,die Zeit,drängte,"Susanne trug Christian, weil sie nachmittags energetisch war und die Zeit drängte.",ok_prefix_keep_particle_or_punctuation,Sebastian,Susanne,Christian,Lena,NP2,,,carried,AgP,7,0,0.09,-92,NP2,trug,trug,22.4,4,,"Der Sohn trug die Mutter, weil er am späten Abend kräftig war und den Weg weiterging.",kräftig,31.54,7,68.75,68.75,optimal,nonamb
15,original,5,107,trug,NP2-Causality,Sebastian,trug,"Lena,",weil,sie,nachmittags,erschöpft war,und,die Unterstützung,brauchte,"Sebastian trug Lena, weil sie nachmittags erschöpft war und die Unterstützung brauchte.",ok_prefix_keep_particle_or_punctuation,Sebastian,Susanne,Christian,Lena,NP2,,,carried,AgP,7,0,0.09,-92,NP2,trug,trug,22.4,4,,"Der Sohn trug die Mutter, weil sie am späten Abend erschöpft war und das Seufzen ausstieß.",erschöpft,10.12,9,68.75,68.75,optimal,nonamb
15,both_male,6,107,trug,NP2-Causality,Sebastian,trug,"Christian,",weil,er,nachmittags,erschöpft war,und,die Unterstützung,brauchte,"Sebastian trug Christian, weil er nachmittags erschöpft war und die Unterstützung brauchte.",ok_prefix_keep_particle_or_punctuation,Sebastian,Susanne,Christian,Lena,NP2,,,carried,AgP,7,0,0.09,-92,NP2,trug,trug,22.4,4,,"Der Sohn trug die Mutter, weil sie am späten Abend erschöpft war und das Seufzen ausstieß.",erschöpft,10.12,9,68.75,68.75,optimal,nonamb
15,both_female,7,107,trug,NP2-Causality,Susanne,trug,"Lena,",weil,sie,nachmittags,erschöpft war,und,die Unterstützung,brauchte,"Susanne trug Lena, weil sie nachmittags erschöpft war und die Unterstützung brauchte.",ok_prefix_keep_particle_or_punctuation,Sebastian,Susanne,Christian,Lena,NP2,,,carried,AgP,7,0,0.09,-92,NP2,trug,trug,22.4,4,,"Der Sohn trug die Mutter, weil sie am späten Abend erschöpft war und das Seufzen ausstieß.",erschöpft,10.12,9,68.75,68.75,optimal,nonamb
15,swapped,8,107,trug,NP2-Causality,Susanne,trug,"Christian,",weil,er,nachmittags,erschöpft war,und,die Unterstützung,brauchte,"Susanne trug Christian, weil er nachmittags erschöpft war und die Unterstützung brauchte.",ok_prefix_keep_particle_or_punctuation,Sebastian,Susanne,Christian,Lena,NP2,,,carried,AgP,7,0,0.09,-92,NP2,trug,trug,22.4,4,,"Der Sohn trug die Mutter, weil sie am späten Abend erschöpft war und das Seufzen ausstieß.",erschöpft,10.12,9,68.75,68.75,optimal,nonamb
146,original,1,108,fragte,NP1-Causality,Daniel,fragte,"Nina,",weil,er,bei der Aufgabe,unsicher war ,und,die Lösung,suchte,"Daniel fragte Nina, weil er bei der Aufgabe unsicher war und die Lösung suchte.",ok_prefix_keep_particle_or_punctuation,Daniel,Julia,Karl,Nina,neutral,,,consulted,AgP,9,68,0.36,13,neutral,fragte,fragte,37.95,6,,"Der Student fragte die Tutorin, weil er in dem Moment unsicher war und die Lösung suchte.",unsicher,14.66,8,68.75,68.75,suboptimal,nonamb
146,both_male,2,108,fragte,NP1-Causality,Daniel,fragte,"Karl,",weil,er,bei der Aufgabe,unsicher war ,und,die Lösung,suchte,"Daniel fragte Karl, weil er bei der Aufgabe unsicher war und die Lösung suchte.",ok_prefix_keep_particle_or_punctuation,Daniel,Julia,Karl,Nina,neutral,,,consulted,AgP,9,68,0.36,13,neutral,fragte,fragte,37.95,6,,"Der Student fragte die Tutorin, weil er in dem Moment unsicher war und die Lösung suchte.",unsicher,14.66,8,68.75,68.75,suboptimal,nonamb
146,both_female,3,108,fragte,NP1-Causality,Julia,fragte,"Nina,",weil,sie,bei der Aufgabe,unsicher war ,und,die Lösung,suchte,"Julia fragte Nina, weil sie bei der Aufgabe unsicher war und die Lösung suchte.",ok_prefix_keep_particle_or_punctuation,Daniel,Julia,Karl,Nina,neutral,,,consulted,AgP,9,68,0.36,13,neutral,fragte,fragte,37.95,6,,"Der Student fragte die Tutorin, weil er in dem Moment unsicher war und die Lösung suchte.",unsicher,14.66,8,68.75,68.75,suboptimal,nonamb
146,swapped,4,108,fragte,NP1-Causality,Julia,fragte,"Karl,",weil,sie,bei der Aufgabe,unsicher war ,und,die Lösung,suchte,"Julia fragte Karl, weil sie bei der Aufgabe unsicher war und die Lösung suchte.",ok_prefix_keep_particle_or_punctuation,Daniel,Julia,Karl,Nina,neutral,,,consulted,AgP,9,68,0.36,13,neutral,fragte,fragte,37.95,6,,"Der Student fragte die Tutorin, weil er in dem Moment unsicher war und die Lösung suchte.",unsicher,14.66,8,68.75,68.75,suboptimal,nonamb
147,original,5,108,fragte,NP2-Causality,Daniel,fragte,"Nina,",weil,sie,bei der Aufgabe,sicher war,und,Auskunft,lieferte,"Daniel fragte Nina, weil sie bei der Aufgabe sicher war und Auskunft lieferte.",ok_prefix_keep_particle_or_punctuation,Daniel,Julia,Karl,Nina,neutral,,,consulted,AgP,9,68,0.36,13,neutral,fragte,fragte,37.95,6,,"Der Student fragte die Tutorin, weil sie  in dem Moment belesen war und die Auskunft lieferte.",belesen,0.59,7,68.75,68.75,suboptimal,nonamb
147,both_male,6,108,fragte,NP2-Causality,Daniel,fragte,"Karl,",weil,er,bei der Aufgabe,sicher war,und,Auskunft,lieferte,"Daniel fragte Karl, weil er bei der Aufgabe sicher war und Auskunft lieferte.",ok_prefix_keep_particle_or_punctuation,Daniel,Julia,Karl,Nina,neutral,,,consulted,AgP,9,68,0.36,13,neutral,fragte,fragte,37.95,6,,"Der Student fragte die Tutorin, weil sie  in dem Moment belesen war und die Auskunft lieferte.",belesen,0.59,7,68.75,68.75,suboptimal,nonamb
147,both_female,7,108,fragte,NP2-Causality,Julia,fragte,"Nina,",weil,sie,bei der Aufgabe,sicher war,und,Auskunft,lieferte,"Julia fragte Nina, weil sie bei der Aufgabe sicher war und Auskunft lieferte.",ok_prefix_keep_particle_or_punctuation,Daniel,Julia,Karl,Nina,neutral,,,consulted,AgP,9,68,0.36,13,neutral,fragte,fragte,37.95,6,,"Der Student fragte die Tutorin, weil sie  in dem Moment belesen war und die Auskunft lieferte.",belesen,0.59,7,68.75,68.75,suboptimal,nonamb
147,swapped,8,108,fragte,NP2-Causality,Julia,fragte,"Karl,",weil,er,bei der Aufgabe,sicher war,und,Auskunft,lieferte,"Julia fragte Karl, weil er bei der Aufgabe sicher war und Auskunft lieferte.",ok_prefix_keep_particle_or_punctuation,Daniel,Julia,Karl,Nina,neutral,,,consulted,AgP,9,68,0.36,13,neutral,fragte,fragte,37.95,6,,"Der Student fragte die Tutorin, weil sie  in dem Moment belesen war und die Auskunft lieferte.",belesen,0.59,7,68.75,68.75,suboptimal,nonamb
212,original,1,109,ging … an,NP1-Causality,Paul,ging,"Claudia an,",weil,er,in der Situation,alleine war,und,Verzweiflung,verspührte,"Paul ging Claudia an, weil er in der Situation alleine war und Verzweiflung verspührte.",ok_prefix_keep_particle_or_punctuation,Paul,Monika,Stefan,Claudia,NP1,,,concerned,StimExp,9,36,-1,81,NP1,ging an,anging,0.91,6,,"Der Verwandte ging die Bestatterin an, weil er von Anfang an ungewaschen war und den Ekel auslöste.",ungewaschen,0.34,11,56.25,56.25,suboptimal,nonamb
212,both_male,2,109,ging … an,NP1-Causality,Paul,ging,"Stefan an,",weil,er,in der Situation,alleine war,und,Verzweiflung,verspührte,"Paul ging Stefan an, weil er in der Situation alleine war und Verzweiflung verspührte.",ok_prefix_keep_particle_or_punctuation,Paul,Monika,Stefan,Claudia,NP1,,,concerned,StimExp,9,36,-1,81,NP1,ging an,anging,0.91,6,,"Der Verwandte ging die Bestatterin an, weil er von Anfang an ungewaschen war und den Ekel auslöste.",ungewaschen,0.34,11,56.25,56.25,suboptimal,nonamb
212,both_female,3,109,ging … an,NP1-Causality,Monika,ging,"Claudia an,",weil,sie,in der Situation,alleine war,und,Verzweiflung,verspührte,"Monika ging Claudia an, weil sie in der Situation alleine war und Verzweiflung verspührte.",ok_prefix_keep_particle_or_punctuation,Paul,Monika,Stefan,Claudia,NP1,,,concerned,StimExp,9,36,-1,81,NP1,ging an,anging,0.91,6,,"Der Verwandte ging die Bestatterin an, weil er von Anfang an ungewaschen war und den Ekel auslöste.",ungewaschen,0.34,11,56.25,56.25,suboptimal,nonamb
212,swapped,4,109,ging … an,NP1-Causality,Monika,ging,"Stefan an,",weil,sie,in der Situation,alleine war,und,Verzweiflung,verspührte,"Monika ging Stefan an, weil sie in der Situation alleine war und Verzweiflung verspührte.",ok_prefix_keep_particle_or_punctuation,Paul,Monika,Stefan,Claudia,NP1,,,concerned,StimExp,9,36,-1,81,NP1,ging an,anging,0.91,6,,"Der Verwandte ging die Bestatterin an, weil er von Anfang an ungewaschen war und den Ekel auslöste.",ungewaschen,0.34,11,56.25,56.25,suboptimal,nonamb
213,original,5,109,ging … an,NP2-Causality,Paul,ging,"Claudia an,",weil,sie,in der Situation,ungeschickt war,und,Hartherzigkeit,zeigte,"Paul ging Claudia an, weil sie in der Situation ungeschickt war und Hartherzigkeit zeigte.",ok_prefix_keep_particle_or_punctuation,Paul,Monika,Stefan,Claudia,NP1,,,concerned,StimExp,9,36,-1,81,NP1,ging an,anging,0.91,6,,"Der Verwandte ging die Bestatterin an, weil sie von Anfang an beauftragt war und die Reinigung erledigte. ",beauftragt,19.9,10,56.25,56.25,suboptimal,nonamb
213,both_male,6,109,ging … an,NP2-Causality,Paul,ging,"Stefan an,",weil,er,in der Situation,ungeschickt war,und,Hartherzigkeit,zeigte,"Paul ging Stefan an, weil er in der Situation ungeschickt war und Hartherzigkeit zeigte.",ok_prefix_keep_particle_or_punctuation,Paul,Monika,Stefan,Claudia,NP1,,,concerned,StimExp,9,36,-1,81,NP1,ging an,anging,0.91,6,,"Der Verwandte ging die Bestatterin an, weil sie von Anfang an beauftragt war und die Reinigung erledigte. ",beauftragt,19.9,10,56.25,56.25,suboptimal,nonamb
213,both_female,7,109,ging … an,NP2-Causality,Monika,ging,"Claudia an,",weil,sie,in der Situation,ungeschickt war,und,Hartherzigkeit,zeigte,"Monika ging Claudia an, weil sie in der Situation ungeschickt war und Hartherzigkeit zeigte.",ok_prefix_keep_particle_or_punctuation,Paul,Monika,Stefan,Claudia,NP1,,,concerned,StimExp,9,36,-1,81,NP1,ging an,anging,0.91,6,,"Der Verwandte ging die Bestatterin an, weil sie von Anfang an beauftragt war und die Reinigung erledigte. ",beauftragt,19.9,10,56.25,56.25,suboptimal,nonamb
213,swapped,8,109,ging … an,NP2-Causality,Monika,ging,"Stefan an,",weil,er,in der Situation,ungeschickt war,und,Hartherzigkeit,zeigte,"Monika ging Stefan an, weil er in der Situation ungeschickt war und Hartherzigkeit zeigte.",ok_prefix_keep_particle_or_punctuation,Paul,Monika,Stefan,Claudia,NP1,,,concerned,StimExp,9,36,-1,81,NP1,ging an,anging,0.91,6,,"Der Verwandte ging die Bestatterin an, weil sie von Anfang an beauftragt war und die Reinigung erledigte. ",beauftragt,19.9,10,56.25,56.25,suboptimal,nonamb
108,original,1,111,erleuchtete,NP1-Causality,Matthias,erleuchtete,"Martina,",weil,er,auf der Reise,einfühlsam war,und,das Problem,erklärte,"Matthias erleuchtete Martina, weil er auf der Reise einfühlsam war und das Problem erklärte.",ok_prefix_keep_particle_or_punctuation,Matthias,Sarah,Frank,Martina,neutral,,,enlightened,StimExp,11,2,1,0,neutral,erleuchtete,beleuchtete,1.24,11,,"Der Flugbegleiter beleuchtete die Passagierin, weil er in dem Moment ernst war und die Pflicht erfüllte.  ",ernst,91.97,5,100,100,optimal,nonamb
108,both_male,2,111,erleuchtete,NP1-Causality,Matthias,erleuchtete,"Frank,",weil,er,auf der Reise,einfühlsam war,und,das Problem,erklärte,"Matthias erleuchtete Frank, weil er auf der Reise einfühlsam war und das Problem erklärte.",ok_prefix_keep_particle_or_punctuation,Matthias,Sarah,Frank,Martina,neutral,,,enlightened,StimExp,11,2,1,0,neutral,erleuchtete,beleuchtete,1.24,11,,"Der Flugbegleiter beleuchtete die Passagierin, weil er in dem Moment ernst war und die Pflicht erfüllte.  ",ernst,91.97,5,100,100,optimal,nonamb
108,both_female,3,111,erleuchtete,NP1-Causality,Sarah,erleuchtete,"Martina,",weil,sie,auf der Reise,einfühlsam war,und,das Problem,erklärte,"Sarah erleuchtete Martina, weil sie auf der Reise einfühlsam war und das Problem erklärte.",ok_prefix_keep_particle_or_punctuation,Matthias,Sarah,Frank,Martina,neutral,,,enlightened,StimExp,11,2,1,0,neutral,erleuchtete,beleuchtete,1.24,11,,"Der Flugbegleiter beleuchtete die Passagierin, weil er in dem Moment ernst war und die Pflicht erfüllte.  ",ernst,91.97,5,100,100,optimal,nonamb
108,swapped,4,111,erleuchtete,NP1-Causality,Sarah,erleuchtete,"Frank,",weil,sie,auf der Reise,einfühlsam war,und,das Problem,erklärte,"Sarah erleuchtete Frank, weil sie auf der Reise einfühlsam war und das Problem erklärte.",ok_prefix_keep_particle_or_punctuation,Matthias,Sarah,Frank,Martina,neutral,,,enlightened,StimExp,11,2,1,0,neutral,erleuchtete,beleuchtete,1.24,11,,"Der Flugbegleiter beleuchtete die Passagierin, weil er in dem Moment ernst war und die Pflicht erfüllte.  ",ernst,91.97,5,100,100,optimal,nonamb
109,original,5,111,erleuchtete,NP2-Causality,Matthias,erleuchtete,"Martina,",weil,sie,auf der Reise,unwissend war,und,Unischerheit,verspührte,"Matthias erleuchtete Martina, weil sie auf der Reise unwissend war und Unischerheit verspührte.",ok_prefix_keep_particle_or_punctuation,Matthias,Sarah,Frank,Martina,neutral,,,enlightened,StimExp,11,2,1,0,neutral,erleuchtete,beleuchtete,1.24,11,,"Der Flugbegleiter beleuchtete die Passagierin, weil sie in dem Moment ehrlich war und die Wahrheit sagte.",ehrlich,33.7,7,100,100,optimal,nonamb
109,both_male,6,111,erleuchtete,NP2-Causality,Matthias,erleuchtete,"Frank,",weil,er,auf der Reise,unwissend war,und,Unischerheit,verspührte,"Matthias erleuchtete Frank, weil er auf der Reise unwissend war und Unischerheit verspührte.",ok_prefix_keep_particle_or_punctuation,Matthias,Sarah,Frank,Martina,neutral,,,enlightened,StimExp,11,2,1,0,neutral,erleuchtete,beleuchtete,1.24,11,,"Der Flugbegleiter beleuchtete die Passagierin, weil sie in dem Moment ehrlich war und die Wahrheit sagte.",ehrlich,33.7,7,100,100,optimal,nonamb
109,both_female,7,111,erleuchtete,NP2-Causality,Sarah,erleuchtete,"Martina,",weil,sie,auf der Reise,unwissend war,und,Unischerheit,verspührte,"Sarah erleuchtete Martina, weil sie auf der Reise unwissend war und Unischerheit verspührte.",ok_prefix_keep_particle_or_punctuation,Matthias,Sarah,Frank,Martina,neutral,,,enlightened,StimExp,11,2,1,0,neutral,erleuchtete,beleuchtete,1.24,11,,"Der Flugbegleiter beleuchtete die Passagierin, weil sie in dem Moment ehrlich war und die Wahrheit sagte.",ehrlich,33.7,7,100,100,optimal,nonamb
109,swapped,8,111,erleuchtete,NP2-Causality,Sarah,erleuchtete,"Frank,",weil,er,auf der Reise,unwissend war,und,Unischerheit,verspührte,"Sarah erleuchtete Frank, weil er auf der Reise unwissend war und Unischerheit verspührte.",ok_prefix_keep_particle_or_punctuation,Matthias,Sarah,Frank,Martina,neutral,,,enlightened,StimExp,11,2,1,0,neutral,erleuchtete,beleuchtete,1.24,11,,"Der Flugbegleiter beleuchtete die Passagierin, weil sie in dem Moment ehrlich war und die Wahrheit sagte.",ehrlich,33.7,7,100,100,optimal,nonamb
190,original,1,112,verzückte,NP1-Causality,David,verzückte,"Nicole,",weil,er,bei dem Auftritt,wunderschön war,und,das Publikum,fesselte,"David verzückte Nicole, weil er bei dem Auftritt wunderschön war und das Publikum fesselte.",ok_prefix_keep_particle_or_punctuation,David,Eva,Daniel,Nicole,NP1,,,entranced,StimExp,9,9,0.55,76,NP1,verzückte,verzückte,0.07,9,,"Der Tänzer verzückte die Zuschauerin, weil er am frühen Abend wunderschön war und die Aufmerksamkeit fesselte.",wunderschön,23.36,11,50,50,suboptimal,nonamb
190,both_male,2,112,verzückte,NP1-Causality,David,verzückte,"Daniel,",weil,er,bei dem Auftritt,wunderschön war,und,das Publikum,fesselte,"David verzückte Daniel, weil er bei dem Auftritt wunderschön war und das Publikum fesselte.",ok_prefix_keep_particle_or_punctuation,David,Eva,Daniel,Nicole,NP1,,,entranced,StimExp,9,9,0.55,76,NP1,verzückte,verzückte,0.07,9,,"Der Tänzer verzückte die Zuschauerin, weil er am frühen Abend wunderschön war und die Aufmerksamkeit fesselte.",wunderschön,23.36,11,50,50,suboptimal,nonamb
190,both_female,3,112,verzückte,NP1-Causality,Eva,verzückte,"Nicole,",weil,sie,bei dem Auftritt,wunderschön war,und,das Publikum,fesselte,"Eva verzückte Nicole, weil sie bei dem Auftritt wunderschön war und das Publikum fesselte.",ok_prefix_keep_particle_or_punctuation,David,Eva,Daniel,Nicole,NP1,,,entranced,StimExp,9,9,0.55,76,NP1,verzückte,verzückte,0.07,9,,"Der Tänzer verzückte die Zuschauerin, weil er am frühen Abend wunderschön war und die Aufmerksamkeit fesselte.",wunderschön,23.36,11,50,50,suboptimal,nonamb
190,swapped,4,112,verzückte,NP1-Causality,Eva,verzückte,"Daniel,",weil,sie,bei dem Auftritt,wunderschön war,und,das Publikum,fesselte,"Eva verzückte Daniel, weil sie bei dem Auftritt wunderschön war und das Publikum fesselte.",ok_prefix_keep_particle_or_punctuation,David,Eva,Daniel,Nicole,NP1,,,entranced,StimExp,9,9,0.55,76,NP1,verzückte,verzückte,0.07,9,,"Der Tänzer verzückte die Zuschauerin, weil er am frühen Abend wunderschön war und die Aufmerksamkeit fesselte.",wunderschön,23.36,11,50,50,suboptimal,nonamb
191,original,5,112,verzückte,NP2-Causality,David,verzückte,"Nicole,",weil,sie,bei dem Auftritt,einsam war,und,Sehnsucht,hatte,"David verzückte Nicole, weil sie bei dem Auftritt einsam war und Sehnsucht hatte.",ok_prefix_keep_particle_or_punctuation,David,Eva,Daniel,Nicole,NP1,,,entranced,StimExp,9,9,0.55,76,NP1,verzückte,verzückte,0.07,9,,"Der Tänzer verzückte die Zuschauerin, weil sie am frühen Abend überrascht war und die Augen aufriss.",überrascht,21.94,10,50,50,suboptimal,nonamb
191,both_male,6,112,verzückte,NP2-Causality,David,verzückte,"Daniel,",weil,er,bei dem Auftritt,einsam war,und,Sehnsucht,hatte,"David verzückte Daniel, weil er bei dem Auftritt einsam war und Sehnsucht hatte.",ok_prefix_keep_particle_or_punctuation,David,Eva,Daniel,Nicole,NP1,,,entranced,StimExp,9,9,0.55,76,NP1,verzückte,verzückte,0.07,9,,"Der Tänzer verzückte die Zuschauerin, weil sie am frühen Abend überrascht war und die Augen aufriss.",überrascht,21.94,10,50,50,suboptimal,nonamb
191,both_female,7,112,verzückte,NP2-Causality,Eva,verzückte,"Nicole,",weil,sie,bei dem Auftritt,einsam war,und,Sehnsucht,hatte,"Eva verzückte Nicole, weil sie bei dem Auftritt einsam war und Sehnsucht hatte.",ok_prefix_keep_particle_or_punctuation,David,Eva,Daniel,Nicole,NP1,,,entranced,StimExp,9,9,0.55,76,NP1,verzückte,verzückte,0.07,9,,"Der Tänzer verzückte die Zuschauerin, weil sie am frühen Abend überrascht war und die Augen aufriss.",überrascht,21.94,10,50,50,suboptimal,nonamb
191,swapped,8,112,verzückte,NP2-Causality,Eva,verzückte,"Daniel,",weil,er,bei dem Auftritt,einsam war,und,Sehnsucht,hatte,"Eva verzückte Daniel, weil er bei dem Auftritt einsam war und Sehnsucht hatte.",ok_prefix_keep_particle_or_punctuation,David,Eva,Daniel,Nicole,NP1,,,entranced,StimExp,9,9,0.55,76,NP1,verzückte,verzückte,0.07,9,,"Der Tänzer verzückte die Zuschauerin, weil sie am frühen Abend überrascht war und die Augen aufriss.",überrascht,21.94,10,50,50,suboptimal,nonamb
30,original,1,113,fütterte,NP1-Causality,Paul,fütterte,"Julia,",weil,er,zu der Zeit,fürsorglich war,und,die Aufgaben,erledigte,"Paul fütterte Julia, weil er zu der Zeit fürsorglich war und die Aufgaben erledigte.",ok_prefix_keep_particle_or_punctuation,Paul,Nina,Matthias,Julia,NP2,,,fed,AgP,3,283,1.09,-85,NP2,fütterte,fütterte,0.32,8,,"Der Bauer fütterte die Kuh, weil er in dem Moment fürsorglich war und die Pflege leistete.",fürsorglich,1.5,11,87.5,87.5,optimal,nonamb
30,both_male,2,113,fütterte,NP1-Causality,Paul,fütterte,"Matthias,",weil,er,zu der Zeit,fürsorglich war,und,die Aufgaben,erledigte,"Paul fütterte Matthias, weil er zu der Zeit fürsorglich war und die Aufgaben erledigte.",ok_prefix_keep_particle_or_punctuation,Paul,Nina,Matthias,Julia,NP2,,,fed,AgP,3,283,1.09,-85,NP2,fütterte,fütterte,0.32,8,,"Der Bauer fütterte die Kuh, weil er in dem Moment fürsorglich war und die Pflege leistete.",fürsorglich,1.5,11,87.5,87.5,optimal,nonamb
30,both_female,3,113,fütterte,NP1-Causality,Nina,fütterte,"Julia,",weil,sie,zu der Zeit,fürsorglich war,und,die Aufgaben,erledigte,"Nina fütterte Julia, weil sie zu der Zeit fürsorglich war und die Aufgaben erledigte.",ok_prefix_keep_particle_or_punctuation,Paul,Nina,Matthias,Julia,NP2,,,fed,AgP,3,283,1.09,-85,NP2,fütterte,fütterte,0.32,8,,"Der Bauer fütterte die Kuh, weil er in dem Moment fürsorglich war und die Pflege leistete.",fürsorglich,1.5,11,87.5,87.5,optimal,nonamb
30,swapped,4,113,fütterte,NP1-Causality,Nina,fütterte,"Matthias,",weil,sie,zu der Zeit,fürsorglich war,und,die Aufgaben,erledigte,"Nina fütterte Matthias, weil sie zu der Zeit fürsorglich war und die Aufgaben erledigte.",ok_prefix_keep_particle_or_punctuation,Paul,Nina,Matthias,Julia,NP2,,,fed,AgP,3,283,1.09,-85,NP2,fütterte,fütterte,0.32,8,,"Der Bauer fütterte die Kuh, weil er in dem Moment fürsorglich war und die Pflege leistete.",fürsorglich,1.5,11,87.5,87.5,optimal,nonamb
31,original,5,113,fütterte,NP2-Causality,Paul,fütterte,"Julia,",weil ,sie,zu der Zeit,hungrig war,und,eine Mahlzeit,einforderte,"Paul fütterte Julia, weil sie zu der Zeit hungrig war und eine Mahlzeit einforderte.",ok_prefix_keep_particle_or_punctuation,Paul,Nina,Matthias,Julia,NP2,,,fed,AgP,3,283,1.09,-85,NP2,fütterte,fütterte,0.32,8,,"Der Bauer fütterte die Kuh, weil sie in dem Moment mager war und die Mahlzeit forderte.",mager,5,5,87.5,87.5,optimal,nonamb
31,both_male,6,113,fütterte,NP2-Causality,Paul,fütterte,"Matthias,",weil ,er,zu der Zeit,hungrig war,und,eine Mahlzeit,einforderte,"Paul fütterte Matthias, weil er zu der Zeit hungrig war und eine Mahlzeit einforderte.",ok_prefix_keep_particle_or_punctuation,Paul,Nina,Matthias,Julia,NP2,,,fed,AgP,3,283,1.09,-85,NP2,fütterte,fütterte,0.32,8,,"Der Bauer fütterte die Kuh, weil sie in dem Moment mager war und die Mahlzeit forderte.",mager,5,5,87.5,87.5,optimal,nonamb
31,both_female,7,113,fütterte,NP2-Causality,Nina,fütterte,"Julia,",weil ,sie,zu der Zeit,hungrig war,und,eine Mahlzeit,einforderte,"Nina fütterte Julia, weil sie zu der Zeit hungrig war und eine Mahlzeit einforderte.",ok_prefix_keep_particle_or_punctuation,Paul,Nina,Matthias,Julia,NP2,,,fed,AgP,3,283,1.09,-85,NP2,fütterte,fütterte,0.32,8,,"Der Bauer fütterte die Kuh, weil sie in dem Moment mager war und die Mahlzeit forderte.",mager,5,5,87.5,87.5,optimal,nonamb
31,swapped,8,113,fütterte,NP2-Causality,Nina,fütterte,"Matthias,",weil ,er,zu der Zeit,hungrig war,und,eine Mahlzeit,einforderte,"Nina fütterte Matthias, weil er zu der Zeit hungrig war und eine Mahlzeit einforderte.",ok_prefix_keep_particle_or_punctuation,Paul,Nina,Matthias,Julia,NP2,,,fed,AgP,3,283,1.09,-85,NP2,fütterte,fütterte,0.32,8,,"Der Bauer fütterte die Kuh, weil sie in dem Moment mager war und die Mahlzeit forderte.",mager,5,5,87.5,87.5,optimal,nonamb
140,original,1,114,umarmte,NP1-Causality,Andreas,umarmte,"Susanne,",weil,er,zu jedem Zeitpunkt,liebevoll war ,und,Nähe,suchte,"Andreas umarmte Susanne, weil er zu jedem Zeitpunkt liebevoll war und Nähe suchte.",ok_prefix_keep_particle_or_punctuation,Andreas,Daniela,Wolfgang,Susanne,neutral,,,hugged,AgP,6,9,2.09,12,neutral,umarmte,drückte,6.18,7,,"Der Vater drückte die Tochter, weil er zu jenem Zeitpunkt liebevoll war und die Nähe wollte.",liebevoll,13.94,9,25,25,suboptimal,nonamb
140,both_male,2,114,umarmte,NP1-Causality,Andreas,umarmte,"Wolfgang,",weil,er,zu jedem Zeitpunkt,liebevoll war ,und,Nähe,suchte,"Andreas umarmte Wolfgang, weil er zu jedem Zeitpunkt liebevoll war und Nähe suchte.",ok_prefix_keep_particle_or_punctuation,Andreas,Daniela,Wolfgang,Susanne,neutral,,,hugged,AgP,6,9,2.09,12,neutral,umarmte,drückte,6.18,7,,"Der Vater drückte die Tochter, weil er zu jenem Zeitpunkt liebevoll war und die Nähe wollte.",liebevoll,13.94,9,25,25,suboptimal,nonamb
140,both_female,3,114,umarmte,NP1-Causality,Daniela,umarmte,"Susanne,",weil,sie,zu jedem Zeitpunkt,liebevoll war ,und,Nähe,suchte,"Daniela umarmte Susanne, weil sie zu jedem Zeitpunkt liebevoll war und Nähe suchte.",ok_prefix_keep_particle_or_punctuation,Andreas,Daniela,Wolfgang,Susanne,neutral,,,hugged,AgP,6,9,2.09,12,neutral,umarmte,drückte,6.18,7,,"Der Vater drückte die Tochter, weil er zu jenem Zeitpunkt liebevoll war und die Nähe wollte.",liebevoll,13.94,9,25,25,suboptimal,nonamb
140,swapped,4,114,umarmte,NP1-Causality,Daniela,umarmte,"Wolfgang,",weil,sie,zu jedem Zeitpunkt,liebevoll war ,und,Nähe,suchte,"Daniela umarmte Wolfgang, weil sie zu jedem Zeitpunkt liebevoll war und Nähe suchte.",ok_prefix_keep_particle_or_punctuation,Andreas,Daniela,Wolfgang,Susanne,neutral,,,hugged,AgP,6,9,2.09,12,neutral,umarmte,drückte,6.18,7,,"Der Vater drückte die Tochter, weil er zu jenem Zeitpunkt liebevoll war und die Nähe wollte.",liebevoll,13.94,9,25,25,suboptimal,nonamb
141,original,5,114,umarmte,NP2-Causality,Andreas,umarmte,"Susanne,",weil,sie,zu jedem Zeitpunkt,deprimiert war,und,Trost,benötigte,"Andreas umarmte Susanne, weil sie zu jedem Zeitpunkt deprimiert war und Trost benötigte.",ok_prefix_keep_particle_or_punctuation,Andreas,Daniela,Wolfgang,Susanne,neutral,,,hugged,AgP,6,9,2.09,12,neutral,umarmte,drückte,6.18,7,,"Der Vater drückte die Tochter, weil sie zu jenem Zeitpunkt deprimiert war und den Trost suchte. ",deprimiert,1.23,10,25,25,suboptimal,nonamb
141,both_male,6,114,umarmte,NP2-Causality,Andreas,umarmte,"Wolfgang,",weil,er,zu jedem Zeitpunkt,deprimiert war,und,Trost,benötigte,"Andreas umarmte Wolfgang, weil er zu jedem Zeitpunkt deprimiert war und Trost benötigte.",ok_prefix_keep_particle_or_punctuation,Andreas,Daniela,Wolfgang,Susanne,neutral,,,hugged,AgP,6,9,2.09,12,neutral,umarmte,drückte,6.18,7,,"Der Vater drückte die Tochter, weil sie zu jenem Zeitpunkt deprimiert war und den Trost suchte. ",deprimiert,1.23,10,25,25,suboptimal,nonamb
141,both_female,7,114,umarmte,NP2-Causality,Daniela,umarmte,"Susanne,",weil,sie,zu jedem Zeitpunkt,deprimiert war,und,Trost,benötigte,"Daniela umarmte Susanne, weil sie zu jedem Zeitpunkt deprimiert war und Trost benötigte.",ok_prefix_keep_particle_or_punctuation,Andreas,Daniela,Wolfgang,Susanne,neutral,,,hugged,AgP,6,9,2.09,12,neutral,umarmte,drückte,6.18,7,,"Der Vater drückte die Tochter, weil sie zu jenem Zeitpunkt deprimiert war und den Trost suchte. ",deprimiert,1.23,10,25,25,suboptimal,nonamb
141,swapped,8,114,umarmte,NP2-Causality,Daniela,umarmte,"Wolfgang,",weil,er,zu jedem Zeitpunkt,deprimiert war,und,Trost,benötigte,"Daniela umarmte Wolfgang, weil er zu jedem Zeitpunkt deprimiert war und Trost benötigte.",ok_prefix_keep_particle_or_punctuation,Andreas,Daniela,Wolfgang,Susanne,neutral,,,hugged,AgP,6,9,2.09,12,neutral,umarmte,drückte,6.18,7,,"Der Vater drückte die Tochter, weil sie zu jenem Zeitpunkt deprimiert war und den Trost suchte. ",deprimiert,1.23,10,25,25,suboptimal,nonamb
214,original,1,115,irritierte,NP1-Causality,Peter,irritierte,"Sarah,",weil,er,am späten Morgen,hilfsbereit war ,und ,Essen,anbot,"Peter irritierte Sarah, weil er am späten Morgen hilfsbereit war und Essen anbot.",ok_prefix_keep_particle_or_punctuation,Peter,Martina,Alexander,Sarah,NP1,,,irritated,StimExp,9,5,-2.09,81,NP1,irritierte,irritierte,0.41,10,,"Der Polizist irritierte die Diebin, weil er am späten Mittag hilfsbereit war und das Essen anbot.",hilfsbereit,4.33,11,68.75,68.75,optimal,nonamb
214,both_male,2,115,irritierte,NP1-Causality,Peter,irritierte,"Alexander,",weil,er,am späten Morgen,hilfsbereit war ,und ,Essen,anbot,"Peter irritierte Alexander, weil er am späten Morgen hilfsbereit war und Essen anbot.",ok_prefix_keep_particle_or_punctuation,Peter,Martina,Alexander,Sarah,NP1,,,irritated,StimExp,9,5,-2.09,81,NP1,irritierte,irritierte,0.41,10,,"Der Polizist irritierte die Diebin, weil er am späten Mittag hilfsbereit war und das Essen anbot.",hilfsbereit,4.33,11,68.75,68.75,optimal,nonamb
214,both_female,3,115,irritierte,NP1-Causality,Martina,irritierte,"Sarah,",weil,sie,am späten Morgen,hilfsbereit war ,und ,Essen,anbot,"Martina irritierte Sarah, weil sie am späten Morgen hilfsbereit war und Essen anbot.",ok_prefix_keep_particle_or_punctuation,Peter,Martina,Alexander,Sarah,NP1,,,irritated,StimExp,9,5,-2.09,81,NP1,irritierte,irritierte,0.41,10,,"Der Polizist irritierte die Diebin, weil er am späten Mittag hilfsbereit war und das Essen anbot.",hilfsbereit,4.33,11,68.75,68.75,optimal,nonamb
214,swapped,4,115,irritierte,NP1-Causality,Martina,irritierte,"Alexander,",weil,sie,am späten Morgen,hilfsbereit war ,und ,Essen,anbot,"Martina irritierte Alexander, weil sie am späten Morgen hilfsbereit war und Essen anbot.",ok_prefix_keep_particle_or_punctuation,Peter,Martina,Alexander,Sarah,NP1,,,irritated,StimExp,9,5,-2.09,81,NP1,irritierte,irritierte,0.41,10,,"Der Polizist irritierte die Diebin, weil er am späten Mittag hilfsbereit war und das Essen anbot.",hilfsbereit,4.33,11,68.75,68.75,optimal,nonamb
215,original,5,115,irritierte,NP2-Causality,Peter,irritierte,"Sarah,",weil,sie,am späten Morgen,überfordert war,und ,die Tarnung,aufflog,"Peter irritierte Sarah, weil sie am späten Morgen überfordert war und die Tarnung aufflog.",ok_prefix_keep_particle_or_punctuation,Peter,Martina,Alexander,Sarah,NP1,,,irritated,StimExp,9,5,-2.09,81,NP1,irritierte,irritierte,0.41,10,,"Der Polizist irritierte die Diebin, weil sie am späten Mittag endeckt war und die Tarnung aufflog.",entdeckt,44.77,8,68.75,68.75,optimal,nonamb
215,both_male,6,115,irritierte,NP2-Causality,Peter,irritierte,"Alexander,",weil,er,am späten Morgen,überfordert war,und ,die Tarnung,aufflog,"Peter irritierte Alexander, weil er am späten Morgen überfordert war und die Tarnung aufflog.",ok_prefix_keep_particle_or_punctuation,Peter,Martina,Alexander,Sarah,NP1,,,irritated,StimExp,9,5,-2.09,81,NP1,irritierte,irritierte,0.41,10,,"Der Polizist irritierte die Diebin, weil sie am späten Mittag endeckt war und die Tarnung aufflog.",entdeckt,44.77,8,68.75,68.75,optimal,nonamb
215,both_female,7,115,irritierte,NP2-Causality,Martina,irritierte,"Sarah,",weil,sie,am späten Morgen,überfordert war,und ,die Tarnung,aufflog,"Martina irritierte Sarah, weil sie am späten Morgen überfordert war und die Tarnung aufflog.",ok_prefix_keep_particle_or_punctuation,Peter,Martina,Alexander,Sarah,NP1,,,irritated,StimExp,9,5,-2.09,81,NP1,irritierte,irritierte,0.41,10,,"Der Polizist irritierte die Diebin, weil sie am späten Mittag endeckt war und die Tarnung aufflog.",entdeckt,44.77,8,68.75,68.75,optimal,nonamb
215,swapped,8,115,irritierte,NP2-Causality,Martina,irritierte,"Alexander,",weil,er,am späten Morgen,überfordert war,und ,die Tarnung,aufflog,"Martina irritierte Alexander, weil er am späten Morgen überfordert war und die Tarnung aufflog.",ok_prefix_keep_particle_or_punctuation,Peter,Martina,Alexander,Sarah,NP1,,,irritated,StimExp,9,5,-2.09,81,NP1,irritierte,irritierte,0.41,10,,"Der Polizist irritierte die Diebin, weil sie am späten Mittag endeckt war und die Tarnung aufflog.",entdeckt,44.77,8,68.75,68.75,optimal,nonamb
8,original,1,116,bemerkte,NP1-Causality,Karl,bemerkte,"Birgit,",weil,er,in der Dämmerung,hellhörig war,und,das Geräusch,wahrnahm,"Karl bemerkte Birgit, weil er in der Dämmerung hellhörig war und das Geräusch wahrnahm.",ok_prefix_keep_particle_or_punctuation,Karl,Monika,Florian,Birgit,NP2,,,noticed,ExpStim,7,844,0.55,-92,NP2,bemerkte,bemerkte,10.02,8,,"Der Passant bemerkte die Fremde, weil er in der Dämmerung hellhörig war und das Geräusch wahrnahm.",hellhörig,1.47,9,56.25,56.25,suboptimal,nonamb
8,both_male,2,116,bemerkte,NP1-Causality,Karl,bemerkte,"Florian,",weil,er,in der Dämmerung,hellhörig war,und,das Geräusch,wahrnahm,"Karl bemerkte Florian, weil er in der Dämmerung hellhörig war und das Geräusch wahrnahm.",ok_prefix_keep_particle_or_punctuation,Karl,Monika,Florian,Birgit,NP2,,,noticed,ExpStim,7,844,0.55,-92,NP2,bemerkte,bemerkte,10.02,8,,"Der Passant bemerkte die Fremde, weil er in der Dämmerung hellhörig war und das Geräusch wahrnahm.",hellhörig,1.47,9,56.25,56.25,suboptimal,nonamb
8,both_female,3,116,bemerkte,NP1-Causality,Monika,bemerkte,"Birgit,",weil,sie,in der Dämmerung,hellhörig war,und,das Geräusch,wahrnahm,"Monika bemerkte Birgit, weil sie in der Dämmerung hellhörig war und das Geräusch wahrnahm.",ok_prefix_keep_particle_or_punctuation,Karl,Monika,Florian,Birgit,NP2,,,noticed,ExpStim,7,844,0.55,-92,NP2,bemerkte,bemerkte,10.02,8,,"Der Passant bemerkte die Fremde, weil er in der Dämmerung hellhörig war und das Geräusch wahrnahm.",hellhörig,1.47,9,56.25,56.25,suboptimal,nonamb
8,swapped,4,116,bemerkte,NP1-Causality,Monika,bemerkte,"Florian,",weil,sie,in der Dämmerung,hellhörig war,und,das Geräusch,wahrnahm,"Monika bemerkte Florian, weil sie in der Dämmerung hellhörig war und das Geräusch wahrnahm.",ok_prefix_keep_particle_or_punctuation,Karl,Monika,Florian,Birgit,NP2,,,noticed,ExpStim,7,844,0.55,-92,NP2,bemerkte,bemerkte,10.02,8,,"Der Passant bemerkte die Fremde, weil er in der Dämmerung hellhörig war und das Geräusch wahrnahm.",hellhörig,1.47,9,56.25,56.25,suboptimal,nonamb
9,original,5,116,bemerkte,NP2-Causality,Karl,bemerkte,"Birgit,",weil,sie,in der Dämmerung,auffällig war,und,Aufmerksamkeit,erregte,"Karl bemerkte Birgit, weil sie in der Dämmerung auffällig war und Aufmerksamkeit erregte.",ok_prefix_keep_particle_or_punctuation,Karl,Monika,Florian,Birgit,NP2,,,noticed,ExpStim,7,844,0.55,-92,NP2,bemerkte,bemerkte,10.02,8,,"Der Passant bemerkte die Fremde, weil sie in der Dämmerung auffällig war und die Aufmerksamkeit erregte.",auffällig,16.14,9,56.25,56.25,suboptimal,nonamb
9,both_male,6,116,bemerkte,NP2-Causality,Karl,bemerkte,"Florian,",weil,er,in der Dämmerung,auffällig war,und,Aufmerksamkeit,erregte,"Karl bemerkte Florian, weil er in der Dämmerung auffällig war und Aufmerksamkeit erregte.",ok_prefix_keep_particle_or_punctuation,Karl,Monika,Florian,Birgit,NP2,,,noticed,ExpStim,7,844,0.55,-92,NP2,bemerkte,bemerkte,10.02,8,,"Der Passant bemerkte die Fremde, weil sie in der Dämmerung auffällig war und die Aufmerksamkeit erregte.",auffällig,16.14,9,56.25,56.25,suboptimal,nonamb
9,both_female,7,116,bemerkte,NP2-Causality,Monika,bemerkte,"Birgit,",weil,sie,in der Dämmerung,auffällig war,und,Aufmerksamkeit,erregte,"Monika bemerkte Birgit, weil sie in der Dämmerung auffällig war und Aufmerksamkeit erregte.",ok_prefix_keep_particle_or_punctuation,Karl,Monika,Florian,Birgit,NP2,,,noticed,ExpStim,7,844,0.55,-92,NP2,bemerkte,bemerkte,10.02,8,,"Der Passant bemerkte die Fremde, weil sie in der Dämmerung auffällig war und die Aufmerksamkeit erregte.",auffällig,16.14,9,56.25,56.25,suboptimal,nonamb
9,swapped,8,116,bemerkte,NP2-Causality,Monika,bemerkte,"Florian,",weil,er,in der Dämmerung,auffällig war,und,Aufmerksamkeit,erregte,"Monika bemerkte Florian, weil er in der Dämmerung auffällig war und Aufmerksamkeit erregte.",ok_prefix_keep_particle_or_punctuation,Karl,Monika,Florian,Birgit,NP2,,,noticed,ExpStim,7,844,0.55,-92,NP2,bemerkte,bemerkte,10.02,8,,"Der Passant bemerkte die Fremde, weil sie in der Dämmerung auffällig war und die Aufmerksamkeit erregte.",auffällig,16.14,9,56.25,56.25,suboptimal,nonamb
110,original,1,117,überholen,NP1-Causality,Johannes,überholte,"Sabine,",weil,er,am Feierabend,ungeduldig war,und ,nach Hause ,wollte,"Johannes überholte Sabine, weil er am Feierabend ungeduldig war und nach Hause wollte.",ok_prefix_keep_particle_or_punctuation,Johannes,Johanna,Tobias,Sabine,neutral,,,passed,AgP,6,357,1.27,0,neutral,überholen,vorbeiging,0.24,10,,"Der Besucher ging an der Türsteherin vorbei, weil er in dem Moment kontrolliert war und die Fassung bewahrte.",kontrolliert,23.73,12,87.5,87.5,optimal,nonamb
110,both_male,2,117,überholen,NP1-Causality,Johannes,überholte,"Tobias,",weil,er,am Feierabend,ungeduldig war,und ,nach Hause ,wollte,"Johannes überholte Tobias, weil er am Feierabend ungeduldig war und nach Hause wollte.",ok_prefix_keep_particle_or_punctuation,Johannes,Johanna,Tobias,Sabine,neutral,,,passed,AgP,6,357,1.27,0,neutral,überholen,vorbeiging,0.24,10,,"Der Besucher ging an der Türsteherin vorbei, weil er in dem Moment kontrolliert war und die Fassung bewahrte.",kontrolliert,23.73,12,87.5,87.5,optimal,nonamb
110,both_female,3,117,überholen,NP1-Causality,Johanna,überholte,"Sabine,",weil,sie,am Feierabend,ungeduldig war,und ,nach Hause ,wollte,"Johanna überholte Sabine, weil sie am Feierabend ungeduldig war und nach Hause wollte.",ok_prefix_keep_particle_or_punctuation,Johannes,Johanna,Tobias,Sabine,neutral,,,passed,AgP,6,357,1.27,0,neutral,überholen,vorbeiging,0.24,10,,"Der Besucher ging an der Türsteherin vorbei, weil er in dem Moment kontrolliert war und die Fassung bewahrte.",kontrolliert,23.73,12,87.5,87.5,optimal,nonamb
110,swapped,4,117,überholen,NP1-Causality,Johanna,überholte,"Tobias,",weil,sie,am Feierabend,ungeduldig war,und ,nach Hause ,wollte,"Johanna überholte Tobias, weil sie am Feierabend ungeduldig war und nach Hause wollte.",ok_prefix_keep_particle_or_punctuation,Johannes,Johanna,Tobias,Sabine,neutral,,,passed,AgP,6,357,1.27,0,neutral,überholen,vorbeiging,0.24,10,,"Der Besucher ging an der Türsteherin vorbei, weil er in dem Moment kontrolliert war und die Fassung bewahrte.",kontrolliert,23.73,12,87.5,87.5,optimal,nonamb
111,original,5,117,überholen,NP2-Causality,Johannes,überholte,"Sabine,",weil,sie,am Feierabend,unaufmerksam war,und ,das Fahrsignal,übersah,"Johannes überholte Sabine, weil sie am Feierabend unaufmerksam war und das Fahrsignal übersah.",ok_prefix_keep_particle_or_punctuation,Johannes,Johanna,Tobias,Sabine,neutral,,,passed,AgP,6,357,1.27,0,neutral,überholen,vorbeiging,0.24,10,,"Der Besucher ging an der Türsteherin vorbei, weil sie in dem Moment einverstanden war und den Durchgang erlaubte.",einverstanden,11.97,13,87.5,87.5,optimal,nonamb
111,both_male,6,117,überholen,NP2-Causality,Johannes,überholte,"Tobias,",weil,er,am Feierabend,unaufmerksam war,und ,das Fahrsignal,übersah,"Johannes überholte Tobias, weil er am Feierabend unaufmerksam war und das Fahrsignal übersah.",ok_prefix_keep_particle_or_punctuation,Johannes,Johanna,Tobias,Sabine,neutral,,,passed,AgP,6,357,1.27,0,neutral,überholen,vorbeiging,0.24,10,,"Der Besucher ging an der Türsteherin vorbei, weil sie in dem Moment einverstanden war und den Durchgang erlaubte.",einverstanden,11.97,13,87.5,87.5,optimal,nonamb
111,both_female,7,117,überholen,NP2-Causality,Johanna,überholte,"Sabine,",weil,sie,am Feierabend,unaufmerksam war,und ,das Fahrsignal,übersah,"Johanna überholte Sabine, weil sie am Feierabend unaufmerksam war und das Fahrsignal übersah.",ok_prefix_keep_particle_or_punctuation,Johannes,Johanna,Tobias,Sabine,neutral,,,passed,AgP,6,357,1.27,0,neutral,überholen,vorbeiging,0.24,10,,"Der Besucher ging an der Türsteherin vorbei, weil sie in dem Moment einverstanden war und den Durchgang erlaubte.",einverstanden,11.97,13,87.5,87.5,optimal,nonamb
111,swapped,8,117,überholen,NP2-Causality,Johanna,überholte,"Tobias,",weil,er,am Feierabend,unaufmerksam war,und ,das Fahrsignal,übersah,"Johanna überholte Tobias, weil er am Feierabend unaufmerksam war und das Fahrsignal übersah.",ok_prefix_keep_particle_or_punctuation,Johannes,Johanna,Tobias,Sabine,neutral,,,passed,AgP,6,357,1.27,0,neutral,überholen,vorbeiging,0.24,10,,"Der Besucher ging an der Türsteherin vorbei, weil sie in dem Moment einverstanden war und den Durchgang erlaubte.",einverstanden,11.97,13,87.5,87.5,optimal,nonamb
218,original,1,118,rief … an,NP1-Causality,Michael,rief ,"Jana an,",weil,er,nach dem Essen,neugierig war,und,den Fall,prüfte,"Michael rief Jana an, weil er nach dem Essen neugierig war und den Fall prüfte.",ok_prefix_keep_particle_or_punctuation,Michael,Barbara,Christian,Jana,NP1,,,telephoned,AgP,10,48,0.18,82,NP1,rief … an,anrief,0.72,6,,"Der Kommissar rief die Zeugin an, weil er am frühen Morgen neugierig war und den Fall prüfte.",neugierig,12.44,9,68.75,68.75,suboptimal,nonamb
218,both_male,2,118,rief … an,NP1-Causality,Michael,rief ,"Christian an,",weil,er,nach dem Essen,neugierig war,und,den Fall,prüfte,"Michael rief Christian an, weil er nach dem Essen neugierig war und den Fall prüfte.",ok_prefix_keep_particle_or_punctuation,Michael,Barbara,Christian,Jana,NP1,,,telephoned,AgP,10,48,0.18,82,NP1,rief … an,anrief,0.72,6,,"Der Kommissar rief die Zeugin an, weil er am frühen Morgen neugierig war und den Fall prüfte.",neugierig,12.44,9,68.75,68.75,suboptimal,nonamb
218,both_female,3,118,rief … an,NP1-Causality,Barbara,rief ,"Jana an,",weil,sie,nach dem Essen,neugierig war,und,den Fall,prüfte,"Barbara rief Jana an, weil sie nach dem Essen neugierig war und den Fall prüfte.",ok_prefix_keep_particle_or_punctuation,Michael,Barbara,Christian,Jana,NP1,,,telephoned,AgP,10,48,0.18,82,NP1,rief … an,anrief,0.72,6,,"Der Kommissar rief die Zeugin an, weil er am frühen Morgen neugierig war und den Fall prüfte.",neugierig,12.44,9,68.75,68.75,suboptimal,nonamb
218,swapped,4,118,rief … an,NP1-Causality,Barbara,rief ,"Christian an,",weil,sie,nach dem Essen,neugierig war,und,den Fall,prüfte,"Barbara rief Christian an, weil sie nach dem Essen neugierig war und den Fall prüfte.",ok_prefix_keep_particle_or_punctuation,Michael,Barbara,Christian,Jana,NP1,,,telephoned,AgP,10,48,0.18,82,NP1,rief … an,anrief,0.72,6,,"Der Kommissar rief die Zeugin an, weil er am frühen Morgen neugierig war und den Fall prüfte.",neugierig,12.44,9,68.75,68.75,suboptimal,nonamb
219,original,5,118,rief … an,NP2-Causality,Michael,rief ,"Jana an,",weil,sie,nach dem Essen,gefährdet war,und,eine Wahrnung,benötigte,"Michael rief Jana an, weil sie nach dem Essen gefährdet war und eine Wahrnung benötigte.",ok_prefix_keep_particle_or_punctuation,Michael,Barbara,Christian,Jana,NP1,,,telephoned,AgP,10,48,0.18,82,NP1,rief … an,anrief,0.72,6,,"Der Kommissar rief die Zeugin an, weil sie am frühen Morgen gefährdet war und die Warnung benötigte.",in Gefahr,7.98,8,68.75,68.75,suboptimal,nonamb
219,both_male,6,118,rief … an,NP2-Causality,Michael,rief ,"Christian an,",weil,er,nach dem Essen,gefährdet war,und,eine Wahrnung,benötigte,"Michael rief Christian an, weil er nach dem Essen gefährdet war und eine Wahrnung benötigte.",ok_prefix_keep_particle_or_punctuation,Michael,Barbara,Christian,Jana,NP1,,,telephoned,AgP,10,48,0.18,82,NP1,rief … an,anrief,0.72,6,,"Der Kommissar rief die Zeugin an, weil sie am frühen Morgen gefährdet war und die Warnung benötigte.",in Gefahr,7.98,8,68.75,68.75,suboptimal,nonamb
219,both_female,7,118,rief … an,NP2-Causality,Barbara,rief ,"Jana an,",weil,sie,nach dem Essen,gefährdet war,und,eine Wahrnung,benötigte,"Barbara rief Jana an, weil sie nach dem Essen gefährdet war und eine Wahrnung benötigte.",ok_prefix_keep_particle_or_punctuation,Michael,Barbara,Christian,Jana,NP1,,,telephoned,AgP,10,48,0.18,82,NP1,rief … an,anrief,0.72,6,,"Der Kommissar rief die Zeugin an, weil sie am frühen Morgen gefährdet war und die Warnung benötigte.",in Gefahr,7.98,8,68.75,68.75,suboptimal,nonamb
219,swapped,8,118,rief … an,NP2-Causality,Barbara,rief ,"Christian an,",weil,er,nach dem Essen,gefährdet war,und,eine Wahrnung,benötigte,"Barbara rief Christian an, weil er nach dem Essen gefährdet war und eine Wahrnung benötigte.",ok_prefix_keep_particle_or_punctuation,Michael,Barbara,Christian,Jana,NP1,,,telephoned,AgP,10,48,0.18,82,NP1,rief … an,anrief,0.72,6,,"Der Kommissar rief die Zeugin an, weil sie am frühen Morgen gefährdet war und die Warnung benötigte.",in Gefahr,7.98,8,68.75,68.75,suboptimal,nonamb
26,original,1,119,belohnte,NP1-Causality,Hans,belohnte,"Lena,",weil,er,seit kurzer Zeit,dankbar war,und,den Einsatz,schätzte,"Hans belohnte Lena, weil er seit kurzer Zeit dankbar war und den Einsatz schätzte.",ok_prefix_keep_particle_or_punctuation,Hans,Anna,Klaus,Lena,NP2,,,rewarded,AgEvo,8,235,2.45,-85,NP2,belohnte,belohnte,0.35,8,,"Der Versuchsleiter belohnte die Probandin, weil er seit kurzer Zeit dankbar war und die Geste zeigte. ",dankbar,19.83,7,87.5,87.5,optimal,nonamb
26,both_male,2,119,belohnte,NP1-Causality,Hans,belohnte,"Klaus,",weil,er,seit kurzer Zeit,dankbar war,und,den Einsatz,schätzte,"Hans belohnte Klaus, weil er seit kurzer Zeit dankbar war und den Einsatz schätzte.",ok_prefix_keep_particle_or_punctuation,Hans,Anna,Klaus,Lena,NP2,,,rewarded,AgEvo,8,235,2.45,-85,NP2,belohnte,belohnte,0.35,8,,"Der Versuchsleiter belohnte die Probandin, weil er seit kurzer Zeit dankbar war und die Geste zeigte. ",dankbar,19.83,7,87.5,87.5,optimal,nonamb
26,both_female,3,119,belohnte,NP1-Causality,Anna,belohnte,"Lena,",weil,sie,seit kurzer Zeit,dankbar war,und,den Einsatz,schätzte,"Anna belohnte Lena, weil sie seit kurzer Zeit dankbar war und den Einsatz schätzte.",ok_prefix_keep_particle_or_punctuation,Hans,Anna,Klaus,Lena,NP2,,,rewarded,AgEvo,8,235,2.45,-85,NP2,belohnte,belohnte,0.35,8,,"Der Versuchsleiter belohnte die Probandin, weil er seit kurzer Zeit dankbar war und die Geste zeigte. ",dankbar,19.83,7,87.5,87.5,optimal,nonamb
26,swapped,4,119,belohnte,NP1-Causality,Anna,belohnte,"Klaus,",weil,sie,seit kurzer Zeit,dankbar war,und,den Einsatz,schätzte,"Anna belohnte Klaus, weil sie seit kurzer Zeit dankbar war und den Einsatz schätzte.",ok_prefix_keep_particle_or_punctuation,Hans,Anna,Klaus,Lena,NP2,,,rewarded,AgEvo,8,235,2.45,-85,NP2,belohnte,belohnte,0.35,8,,"Der Versuchsleiter belohnte die Probandin, weil er seit kurzer Zeit dankbar war und die Geste zeigte. ",dankbar,19.83,7,87.5,87.5,optimal,nonamb
27,original,5,119,belohnte,NP2-Causality,Hans,belohnte,"Lena,",weil,sie,seit kurzer Zeit,aufmerksam war,und,Daten,lieferte,"Hans belohnte Lena, weil sie seit kurzer Zeit aufmerksam war und Daten lieferte.",ok_prefix_keep_particle_or_punctuation,Hans,Anna,Klaus,Lena,NP2,,,rewarded,AgEvo,8,235,2.45,-85,NP2,belohnte,belohnte,0.35,8,,"Der Versuchsleiter belohnte die Probandin, weil sie seit kurzer Zeit verwendbar war und die Daten lieferte. ",verwendbar,2.36,10,87.5,87.5,optimal,nonamb
27,both_male,6,119,belohnte,NP2-Causality,Hans,belohnte,"Klaus,",weil,er,seit kurzer Zeit,aufmerksam war,und,Daten,lieferte,"Hans belohnte Klaus, weil er seit kurzer Zeit aufmerksam war und Daten lieferte.",ok_prefix_keep_particle_or_punctuation,Hans,Anna,Klaus,Lena,NP2,,,rewarded,AgEvo,8,235,2.45,-85,NP2,belohnte,belohnte,0.35,8,,"Der Versuchsleiter belohnte die Probandin, weil sie seit kurzer Zeit verwendbar war und die Daten lieferte. ",verwendbar,2.36,10,87.5,87.5,optimal,nonamb
27,both_female,7,119,belohnte,NP2-Causality,Anna,belohnte,"Lena,",weil,sie,seit kurzer Zeit,aufmerksam war,und,Daten,lieferte,"Anna belohnte Lena, weil sie seit kurzer Zeit aufmerksam war und Daten lieferte.",ok_prefix_keep_particle_or_punctuation,Hans,Anna,Klaus,Lena,NP2,,,rewarded,AgEvo,8,235,2.45,-85,NP2,belohnte,belohnte,0.35,8,,"Der Versuchsleiter belohnte die Probandin, weil sie seit kurzer Zeit verwendbar war und die Daten lieferte. ",verwendbar,2.36,10,87.5,87.5,optimal,nonamb
27,swapped,8,119,belohnte,NP2-Causality,Anna,belohnte,"Klaus,",weil,er,seit kurzer Zeit,aufmerksam war,und,Daten,lieferte,"Anna belohnte Klaus, weil er seit kurzer Zeit aufmerksam war und Daten lieferte.",ok_prefix_keep_particle_or_punctuation,Hans,Anna,Klaus,Lena,NP2,,,rewarded,AgEvo,8,235,2.45,-85,NP2,belohnte,belohnte,0.35,8,,"Der Versuchsleiter belohnte die Probandin, weil sie seit kurzer Zeit verwendbar war und die Daten lieferte. ",verwendbar,2.36,10,87.5,87.5,optimal,nonamb
74,original,1,120,starrte … an,NP1-Causality,Frank,starrte,"Renate an,",weil,er,in dem Moment,hungrig war,und,den Sprung,vorbereitete,"Frank starrte Renate an, weil er in dem Moment hungrig war und den Sprung vorbereitete.",ok_prefix_keep_particle_or_punctuation,Frank,Claudia,Philipp,Renate,neutral,,,stared at,AgP,6,106,-0.36,-15,neutral,starrte … an,starrte,3.03,7,,"Der Kater starrte die Maus an, weil er in dem Moment hungrig war und den Sprung vorbereitete.",hungrig,4.51,7,12.5,12.5,suboptimal,nonamb
74,both_male,2,120,starrte … an,NP1-Causality,Frank,starrte,"Philipp an,",weil,er,in dem Moment,hungrig war,und,den Sprung,vorbereitete,"Frank starrte Philipp an, weil er in dem Moment hungrig war und den Sprung vorbereitete.",ok_prefix_keep_particle_or_punctuation,Frank,Claudia,Philipp,Renate,neutral,,,stared at,AgP,6,106,-0.36,-15,neutral,starrte … an,starrte,3.03,7,,"Der Kater starrte die Maus an, weil er in dem Moment hungrig war und den Sprung vorbereitete.",hungrig,4.51,7,12.5,12.5,suboptimal,nonamb
74,both_female,3,120,starrte … an,NP1-Causality,Claudia,starrte,"Renate an,",weil,sie,in dem Moment,hungrig war,und,den Sprung,vorbereitete,"Claudia starrte Renate an, weil sie in dem Moment hungrig war und den Sprung vorbereitete.",ok_prefix_keep_particle_or_punctuation,Frank,Claudia,Philipp,Renate,neutral,,,stared at,AgP,6,106,-0.36,-15,neutral,starrte … an,starrte,3.03,7,,"Der Kater starrte die Maus an, weil er in dem Moment hungrig war und den Sprung vorbereitete.",hungrig,4.51,7,12.5,12.5,suboptimal,nonamb
74,swapped,4,120,starrte … an,NP1-Causality,Claudia,starrte,"Philipp an,",weil,sie,in dem Moment,hungrig war,und,den Sprung,vorbereitete,"Claudia starrte Philipp an, weil sie in dem Moment hungrig war und den Sprung vorbereitete.",ok_prefix_keep_particle_or_punctuation,Frank,Claudia,Philipp,Renate,neutral,,,stared at,AgP,6,106,-0.36,-15,neutral,starrte … an,starrte,3.03,7,,"Der Kater starrte die Maus an, weil er in dem Moment hungrig war und den Sprung vorbereitete.",hungrig,4.51,7,12.5,12.5,suboptimal,nonamb
75,original,5,120,starrte … an,NP2-Causality,Frank,starrte,"Renate an,",weil,sie,in dem Moment,unaufmerksam war,und,die Gefahr,übersah,"Frank starrte Renate an, weil sie in dem Moment unaufmerksam war und die Gefahr übersah.",ok_prefix_keep_particle_or_punctuation,Frank,Claudia,Philipp,Renate,neutral,,,stared at,AgP,6,106,-0.36,-15,neutral,starrte … an,starrte,3.03,7,,"Der Kater starrte die Maus an, weil sie in dem Moment unaufmerksam war und die Gefahr übersah.",unaufmerksam,0.41,12,12.5,12.5,suboptimal,nonamb
75,both_male,6,120,starrte … an,NP2-Causality,Frank,starrte,"Philipp an,",weil,er,in dem Moment,unaufmerksam war,und,die Gefahr,übersah,"Frank starrte Philipp an, weil er in dem Moment unaufmerksam war und die Gefahr übersah.",ok_prefix_keep_particle_or_punctuation,Frank,Claudia,Philipp,Renate,neutral,,,stared at,AgP,6,106,-0.36,-15,neutral,starrte … an,starrte,3.03,7,,"Der Kater starrte die Maus an, weil sie in dem Moment unaufmerksam war und die Gefahr übersah.",unaufmerksam,0.41,12,12.5,12.5,suboptimal,nonamb
75,both_female,7,120,starrte … an,NP2-Causality,Claudia,starrte,"Renate an,",weil,sie,in dem Moment,unaufmerksam war,und,die Gefahr,übersah,"Claudia starrte Renate an, weil sie in dem Moment unaufmerksam war und die Gefahr übersah.",ok_prefix_keep_particle_or_punctuation,Frank,Claudia,Philipp,Renate,neutral,,,stared at,AgP,6,106,-0.36,-15,neutral,starrte … an,starrte,3.03,7,,"Der Kater starrte die Maus an, weil sie in dem Moment unaufmerksam war und die Gefahr übersah.",unaufmerksam,0.41,12,12.5,12.5,suboptimal,nonamb
75,swapped,8,120,starrte … an,NP2-Causality,Claudia,starrte,"Philipp an,",weil,er,in dem Moment,unaufmerksam war,und,die Gefahr,übersah,"Claudia starrte Philipp an, weil er in dem Moment unaufmerksam war und die Gefahr übersah.",ok_prefix_keep_particle_or_punctuation,Frank,Claudia,Philipp,Renate,neutral,,,stared at,AgP,6,106,-0.36,-15,neutral,starrte … an,starrte,3.03,7,,"Der Kater starrte die Maus an, weil sie in dem Moment unaufmerksam war und die Gefahr übersah.",unaufmerksam,0.41,12,12.5,12.5,suboptimal,nonamb